rank,record_key,pmid,pmcid,doi,priority_tier,recommendation,confidence,exclusion_reason,abstract_available,title,rationale,matched_signals,founder_decision_recorded
1,MED:22418568,22418568,PMC3336833,10.1634/theoncologist.2012-0007,direct,exclude,moderate,no_relevant_discordance_stability_or_classifier_method,true,Agreement in risk prediction between the 21-gene recurrence score assay (Oncotype DX®) and the PAM50 breast cancer intrinsic Classifier™ in early-stage estrogen receptor-positive breast cancer.,"Second-stage review finds outcome, treatment, biomarker, taxonomy, or general molecular content without a direct contribution to the locked classifier reliability, uncertainty, preprocessing, or transport question.",domain_in_title|domain_in_record|strong_method_in_title|strong_method_in_record|classifier_method|outcome_or_treatment_in_title|second_stage_not_direct,false
3,MED:22752290,22752290,PMC3413822,10.1007/s10549-012-2143-0,direct,include,high,,true,PAM50 assay and the three-gene model for identifying the major and clinically relevant molecular subtypes of breast cancer.,"Second-stage review identifies a direct classifier, assay, platform, specimen, normalization, or implementation-comparison contribution relevant to the locked reliability question.",domain_in_title|domain_in_record|strong_method_in_record|classifier_method|second_stage_direct_method,false
6,MED:40714511,40714511,PMC12314373,10.1016/j.esmoop.2025.105521,direct,exclude,moderate,no_relevant_discordance_stability_or_classifier_method,true,Impact of the Prosigna assay on neoadjuvant treatment decision-making in patients with early-stage HR-positive/HER2-negative breast cancer: a single-center prospective observational study.,"Second-stage review finds outcome, treatment, biomarker, taxonomy, or general molecular content without a direct contribution to the locked classifier reliability, uncertainty, preprocessing, or transport question.",domain_in_title|domain_in_record|strong_method_in_title|strong_method_in_record|classifier_method|outcome_or_treatment_in_title|second_stage_not_direct,false
7,MED:41584881,41584881,,10.1159/000549807,direct,exclude,moderate,no_relevant_discordance_stability_or_classifier_method,true,Comparison of Prosigna® Assay and Urokinase Plasminogen Activator/Plasminogen Activator Inhibitor-1 Results in Early-Stage Breast Cancer Patients.,"Second-stage review finds outcome, treatment, biomarker, taxonomy, or general molecular content without a direct contribution to the locked classifier reliability, uncertainty, preprocessing, or transport question.",domain_in_title|domain_in_record|strong_method_in_record|classifier_method|second_stage_not_direct,false
8,MED:39177880,39177880,PMC11511699,10.1007/s10147-024-02604-1,direct,exclude,moderate,no_relevant_discordance_stability_or_classifier_method,true,"Predicting invasive disease-free survival in ER-positive, HER2-negative early breast cancer using the PAM50 risk-of-recurrence score: a retrospective analysis using single-center long-term follow-up data of postmenopausal Japanese patients.","Second-stage review finds outcome, treatment, biomarker, taxonomy, or general molecular content without a direct contribution to the locked classifier reliability, uncertainty, preprocessing, or transport question.",domain_in_title|domain_in_record|strong_method_in_title|strong_method_in_record|classifier_method|outcome_or_treatment_in_title|second_stage_not_direct,false
9,PPR:PPR806024,,,10.21203/rs.3.rs-3878376/v1,direct,exclude,moderate,no_relevant_discordance_stability_or_classifier_method,true,"Predicting invasive disease-free survival in ER-positive, HER2-negative early breast cancer using the PAM50 risk-of-recurrence score: a retrospective analysis using single-center long-term follow-up data of Japanese patients with breast cancer","Second-stage review finds outcome, treatment, biomarker, taxonomy, or general molecular content without a direct contribution to the locked classifier reliability, uncertainty, preprocessing, or transport question.",domain_in_title|domain_in_record|strong_method_in_title|strong_method_in_record|classifier_method|outcome_or_treatment_in_title|second_stage_not_direct,false
11,MED:37761848,37761848,PMC10530528,10.3390/genes14091708,direct,exclude,moderate,no_relevant_discordance_stability_or_classifier_method,true,The Prediction Analysis of Microarray 50 (PAM50) Gene Expression Classifier Utilized in Indeterminate-Risk Breast Cancer Patients in Hungary: A Consecutive 5-Year Experience.,"Second-stage review finds outcome, treatment, biomarker, taxonomy, or general molecular content without a direct contribution to the locked classifier reliability, uncertainty, preprocessing, or transport question.",domain_in_title|domain_in_record|strong_method_in_record|classifier_method|second_stage_not_direct,false
19,MED:37773555,37773555,PMC10771357,10.1007/s10549-023-07094-9,direct,include,high,,true,Correlation between breast cancer subtypes determined by immunohistochemistry and n-COUNTER PAM50 assay: a real-world study.,"Second-stage review identifies a direct classifier, assay, platform, specimen, normalization, or implementation-comparison contribution relevant to the locked reliability question.",domain_in_title|domain_in_record|strong_method_in_record|classifier_method|second_stage_direct_method,false
20,MED:39274541,39274541,PMC11396381,10.3390/jcm13175328,direct,exclude,moderate,no_relevant_discordance_stability_or_classifier_method,true,Prosigna Assay for Treatment Decisions in Early Breast Cancer: A Decision Impact Study.,"Second-stage review finds outcome, treatment, biomarker, taxonomy, or general molecular content without a direct contribution to the locked classifier reliability, uncertainty, preprocessing, or transport question.",domain_in_title|domain_in_record|strong_method_in_record|classifier_method|second_stage_not_direct,false
22,MED:37481795,37481795,PMC10392598,10.1016/j.breast.2023.07.009,direct,exclude,moderate,no_relevant_discordance_stability_or_classifier_method,true,Analysis of the association of HER-2 low carcinomas and PAM50 assay in hormone receptor positive early-stage breast cancer.,"Second-stage review finds outcome, treatment, biomarker, taxonomy, or general molecular content without a direct contribution to the locked classifier reliability, uncertainty, preprocessing, or transport question.",domain_in_title|domain_in_record|strong_method_in_record|classifier_method|second_stage_not_direct,false
28,MED:38549046,38549046,PMC11265146,10.1186/s12859-024-05759-w,direct,include,high,,true,Feature-specific quantile normalization and feature-specific mean-variance normalization deliver robust bi-directional classification and feature selection performance between microarray and RNAseq data.,"Second-stage review identifies a direct classifier, assay, platform, specimen, normalization, or implementation-comparison contribution relevant to the locked reliability question.",domain_in_record|strong_method_in_title|strong_method_in_record|classifier_method|second_stage_direct_method,false
29,MED:31531391,31531391,PMC6733897,10.1038/s41523-019-0124-8,direct,exclude,moderate,no_relevant_discordance_stability_or_classifier_method,true,Robust and interpretable PAM50 reclassification exhibits survival advantage for myoepithelial and immune phenotypes.,"Second-stage review finds outcome, treatment, biomarker, taxonomy, or general molecular content without a direct contribution to the locked classifier reliability, uncertainty, preprocessing, or transport question.",domain_in_title|domain_in_record|strong_method_in_title|strong_method_in_record|classifier_method|outcome_or_treatment_in_title|second_stage_not_direct,false
33,MED:39747865,39747865,PMC11696812,10.1038/s41467-024-55583-2,direct,include,high,,true,The spatially informed mFISHseq assay resolves biomarker discordance and predicts treatment response in breast cancer.,"Second-stage review identifies a direct classifier, assay, platform, specimen, normalization, or implementation-comparison contribution relevant to the locked reliability question.",domain_in_record|strong_method_in_title|strong_method_in_record|classifier_method|outcome_or_treatment_in_title|second_stage_direct_method,false
37,MED:38384489,38384489,PMC10878706,10.1159/000534634,direct,exclude,moderate,no_relevant_discordance_stability_or_classifier_method,true,"Use of the Gene Expression Test Prosigna<sup>®</sup> in Premenopausal Patients with HR+, HER2- Early Breast Cancer: Correlation of the Results with the Proliferation Marker Ki-67.","Second-stage review finds outcome, treatment, biomarker, taxonomy, or general molecular content without a direct contribution to the locked classifier reliability, uncertainty, preprocessing, or transport question.",domain_in_title|domain_in_record|strong_method_in_record|classifier_method|second_stage_not_direct,false
39,MED:38546612,38546612,PMC10979363,10.1001/jamaoncol.2023.7304,direct,exclude,moderate,no_relevant_discordance_stability_or_classifier_method,true,"Tumor Intrinsic Subtypes and Gene Expression Signatures in Early-Stage ERBB2/HER2-Positive Breast Cancer: A Pooled Analysis of CALGB 40601, NeoALTTO, and NSABP B-41 Trials.","Second-stage review finds outcome, treatment, biomarker, taxonomy, or general molecular content without a direct contribution to the locked classifier reliability, uncertainty, preprocessing, or transport question.",domain_in_title|domain_in_record|strong_method_in_record|classifier_method|second_stage_not_direct,false
44,MED:36282363,36282363,PMC9633534,10.1007/s10549-022-06769-z,direct,exclude,moderate,no_relevant_discordance_stability_or_classifier_method,true,Intrinsic subtypes in Ethiopian breast cancer patient.,"Second-stage review finds outcome, treatment, biomarker, taxonomy, or general molecular content without a direct contribution to the locked classifier reliability, uncertainty, preprocessing, or transport question.",domain_in_title|domain_in_record|strong_method_in_record|classifier_method|second_stage_not_direct,false
60,MED:28885116,28885116,,10.1080/0284186x.2017.1360514,direct,exclude,low,no_relevant_discordance_stability_or_classifier_method,false,Intrinsic subtype characterization of local recurrences and new contralateral primary tumors in patients with low risk breast cancer. Influence of age and primary surgery.,"Second-stage review finds outcome, treatment, biomarker, taxonomy, or general molecular content without a direct contribution to the locked classifier reliability, uncertainty, preprocessing, or transport question.",domain_in_title|domain_in_record|classifier_method|second_stage_not_direct,false
69,MED:27685983,27685983,PMC5042460,10.1371/journal.pone.0163238,direct,exclude,high,review_editorial_or_commentary_for_citation_chaining_only,true,Consensus Analysis of Whole Transcriptome Profiles from Two Breast Cancer Patient Cohorts Reveals Long Non-Coding RNAs Associated with Intrinsic Subtype and the Tumour Microenvironment.,"Second-stage review identifies secondary, guideline, commentary, or perspective literature retained only for citation chaining.",domain_in_title|domain_in_record|strong_method_in_record|classifier_method|second_stage_not_direct,false
71,MED:25479803,25479803,PMC4301705,10.1093/jnci/dju386,direct,exclude,low,no_relevant_discordance_stability_or_classifier_method,false,Making breast cancer molecular subtypes robust?,"Second-stage review finds outcome, treatment, biomarker, taxonomy, or general molecular content without a direct contribution to the locked classifier reliability, uncertainty, preprocessing, or transport question.",strong_method_in_title|strong_method_in_record|classifier_method|second_stage_not_direct,false
76,MED:22262870,22262870,PMC3283537,10.1093/jnci/djr545,direct,include,high,,true,A three-gene model to robustly identify breast cancer molecular subtypes.,"Second-stage review identifies a direct classifier, assay, platform, specimen, normalization, or implementation-comparison contribution relevant to the locked reliability question.",domain_in_record|strong_method_in_title|strong_method_in_record|classifier_method|second_stage_direct_method,false
79,MED:20688274,20688274,,10.1016/s1470-2045(10)70176-5,direct,exclude,low,no_relevant_discordance_stability_or_classifier_method,false,Clinical implementation of the intrinsic subtypes of breast cancer.,"Second-stage review finds outcome, treatment, biomarker, taxonomy, or general molecular content without a direct contribution to the locked classifier reliability, uncertainty, preprocessing, or transport question.",domain_in_title|domain_in_record|classifier_method|second_stage_not_direct,false
81,MED:42032869,42032869,PMC13109054,10.1093/bib/bbag189,supporting,exclude,moderate,no_relevant_discordance_stability_or_classifier_method,true,miRBiT: a rules-based single-sample serum miRNA classifier for pan-cancer detection with multi-cohort validation.,"Second-stage review finds outcome, treatment, biomarker, taxonomy, or general molecular content without a direct contribution to the locked classifier reliability, uncertainty, preprocessing, or transport question.",domain_in_title|domain_in_record|strong_method_in_record|classifier_method|second_stage_not_direct,false
87,MED:40348620,40348620,,10.1016/j.clbc.2025.04.011,supporting,exclude,moderate,no_relevant_discordance_stability_or_classifier_method,true,Cost-effectiveness of Prosigna for Adjuvant Treatment Decisions in Early Breast Cancer: Healthcare Sector and Societal Perspectives.,"Second-stage review finds outcome, treatment, biomarker, taxonomy, or general molecular content without a direct contribution to the locked classifier reliability, uncertainty, preprocessing, or transport question.",domain_in_title|domain_in_record|strong_method_in_record|classifier_method|second_stage_not_direct,false
88,PPR:PPR1020341,,,10.1101/2025.05.11.653361,supporting,exclude,moderate,no_relevant_discordance_stability_or_classifier_method,true,Beyond PAM50: Unsupervised Discovery of Anomalous Subgroups in Breast Cancer,"Second-stage review finds outcome, treatment, biomarker, taxonomy, or general molecular content without a direct contribution to the locked classifier reliability, uncertainty, preprocessing, or transport question.",domain_in_title|domain_in_record|strong_method_in_record|classifier_method|second_stage_not_direct,false
92,MED:36346687,36346687,PMC9873250,10.1158/1078-0432.ccr-22-2191,supporting,exclude,moderate,no_relevant_discordance_stability_or_classifier_method,true,Triple-Negative PAM50 Non-Basal Breast Cancer Subtype Predicts Benefit from Extended Adjuvant Capecitabine.,"Second-stage review finds outcome, treatment, biomarker, taxonomy, or general molecular content without a direct contribution to the locked classifier reliability, uncertainty, preprocessing, or transport question.",domain_in_title|domain_in_record|strong_method_in_record|classifier_method|second_stage_not_direct,false
93,MED:35853907,35853907,PMC9296605,10.1038/s41523-022-00451-9,supporting,exclude,high,review_editorial_or_commentary_for_citation_chaining_only,false,A perspective on the development and lack of interchangeability of the breast cancer intrinsic subtypes.,"Second-stage review identifies secondary, guideline, commentary, or perspective literature retained only for citation chaining.",domain_in_title|domain_in_record|classifier_method|second_stage_not_direct,false
96,MED:33108242,33108242,PMC8078458,10.1200/jco.20.00853,supporting,exclude,moderate,no_relevant_discordance_stability_or_classifier_method,true,"Molecular Drivers of Onco&lt;i&gt;type&lt;/i&gt; DX, Prosigna, EndoPredict, and the Breast Cancer Index: A TransATAC Study.","Second-stage review finds outcome, treatment, biomarker, taxonomy, or general molecular content without a direct contribution to the locked classifier reliability, uncertainty, preprocessing, or transport question.",domain_in_title|domain_in_record|strong_method_in_record|classifier_method|second_stage_not_direct,false
102,MED:34047501,34047501,PMC8236363,10.3348/kjr.2020.0760,supporting,exclude,moderate,no_relevant_discordance_stability_or_classifier_method,true,Dynamic Contrast Enhanced MRI and Intravoxel Incoherent Motion to Identify Molecular Subtypes of Breast Cancer with Different Vascular Normalization Gene Expression.,"Second-stage review finds outcome, treatment, biomarker, taxonomy, or general molecular content without a direct contribution to the locked classifier reliability, uncertainty, preprocessing, or transport question.",domain_in_record|strong_method_in_title|strong_method_in_record|classifier_method|second_stage_not_direct,false
105,MED:31435878,31435878,,10.1007/s12094-019-02203-x,supporting,include,moderate,,false,Standardized versus research-based PAM50 intrinsic subtyping of breast cancer.,"Second-stage review identifies a direct classifier, assay, platform, specimen, normalization, or implementation-comparison contribution relevant to the locked reliability question.",domain_in_title|domain_in_record|classifier_method|second_stage_direct_method,false
107,MED:32253134,32253134,,10.1016/j.clbc.2020.01.013,supporting,exclude,moderate,no_relevant_discordance_stability_or_classifier_method,true,Population-based Study of Prosigna-PAM50 and Outcome Among Postmenopausal Women With Estrogen Receptor-positive and HER2-negative Operable Invasive Lobular or Ductal Breast Cancer.,"Second-stage review finds outcome, treatment, biomarker, taxonomy, or general molecular content without a direct contribution to the locked classifier reliability, uncertainty, preprocessing, or transport question.",domain_in_title|domain_in_record|strong_method_in_record|classifier_method|second_stage_not_direct,false
110,MED:30679318,30679318,PMC6656445,10.1634/theoncologist.2018-0407,supporting,exclude,moderate,no_relevant_discordance_stability_or_classifier_method,true,Everolimus plus Exemestane for Hormone Receptor-Positive Advanced Breast Cancer: A PAM50 Intrinsic Subtype Analysis of BOLERO-2.,"Second-stage review finds outcome, treatment, biomarker, taxonomy, or general molecular content without a direct contribution to the locked classifier reliability, uncertainty, preprocessing, or transport question.",domain_in_title|domain_in_record|strong_method_in_record|classifier_method|second_stage_not_direct,false
112,MED:28859290,28859290,PMC6059138,10.1093/jnci/djx135,supporting,exclude,moderate,no_relevant_discordance_stability_or_classifier_method,true,Racial Differences in PAM50 Subtypes in the Carolina Breast Cancer Study.,"Second-stage review finds outcome, treatment, biomarker, taxonomy, or general molecular content without a direct contribution to the locked classifier reliability, uncertainty, preprocessing, or transport question.",domain_in_title|domain_in_record|strong_method_in_record|classifier_method|second_stage_not_direct,false
117,MED:30040052,30040052,,10.1148/radiol.2018171118,supporting,include,high,,true,Receptor-based Surrogate Subtypes and Discrepancies with Breast Cancer Intrinsic Subtypes: Implications for Image Biomarker Development.,"Second-stage review identifies a direct classifier, assay, platform, specimen, normalization, or implementation-comparison contribution relevant to the locked reliability question.",domain_in_title|domain_in_record|strong_method_in_record|classifier_method|second_stage_direct_method,false
120,MED:27926948,27926948,PMC5508875,10.1001/jamaoncol.2016.5630,supporting,exclude,moderate,no_relevant_discordance_stability_or_classifier_method,true,Intrinsic Subtype Switching and Acquired ERBB2/HER2 Amplifications and Mutations in Breast Cancer Brain Metastases.,"Second-stage review finds outcome, treatment, biomarker, taxonomy, or general molecular content without a direct contribution to the locked classifier reliability, uncertainty, preprocessing, or transport question.",domain_in_title|domain_in_record|strong_method_in_record|classifier_method|second_stage_not_direct,false
128,MED:27896218,27896218,PMC5107819,10.3389/fonc.2016.00241,supporting,exclude,moderate,no_relevant_discordance_stability_or_classifier_method,true,Hormonal Modulation of Breast Cancer Gene Expression: Implications for Intrinsic Subtyping in Premenopausal Women.,"Second-stage review finds outcome, treatment, biomarker, taxonomy, or general molecular content without a direct contribution to the locked classifier reliability, uncertainty, preprocessing, or transport question.",domain_in_title|domain_in_record|strong_method_in_record|classifier_method|second_stage_not_direct,false
131,MED:25908555,25908555,PMC4425383,10.1634/theoncologist.2014-0372,supporting,exclude,moderate,no_relevant_discordance_stability_or_classifier_method,true,Defining breast cancer intrinsic subtypes by quantitative receptor expression.,"Second-stage review finds outcome, treatment, biomarker, taxonomy, or general molecular content without a direct contribution to the locked classifier reliability, uncertainty, preprocessing, or transport question.",domain_in_title|domain_in_record|strong_method_in_record|classifier_method|second_stage_not_direct,false
139,MED:25139535,25139535,,10.1093/jnci/dju212,supporting,exclude,low,no_relevant_discordance_stability_or_classifier_method,false,"HER2-positive breast cancer, intrinsic subtypes, and tailoring therapy.","Second-stage review finds outcome, treatment, biomarker, taxonomy, or general molecular content without a direct contribution to the locked classifier reliability, uncertainty, preprocessing, or transport question.",domain_in_title|domain_in_record|classifier_method|outcome_or_treatment_in_title|second_stage_not_direct,false
144,MED:21115855,21115855,PMC3055864,10.1200/jco.2010.28.9199,supporting,exclude,low,no_relevant_discordance_stability_or_classifier_method,false,Breast carcinomas arising at a young age: unique biology or a surrogate for aggressive intrinsic subtypes?,"Second-stage review finds outcome, treatment, biomarker, taxonomy, or general molecular content without a direct contribution to the locked classifier reliability, uncertainty, preprocessing, or transport question.",domain_in_title|domain_in_record|classifier_method|second_stage_not_direct,false
146,MED:16626501,16626501,PMC1557722,10.1186/bcr1399,supporting,include,high,,true,Classification and risk stratification of invasive breast carcinomas using a real-time quantitative RT-PCR assay.,"Second-stage review identifies a direct classifier, assay, platform, specimen, normalization, or implementation-comparison contribution relevant to the locked reliability question.",domain_in_record|strong_method_in_record|classifier_method|second_stage_direct_method,false
154,MED:42247929,42247929,PMC13259627,10.1016/j.tranon.2026.102840,supporting,exclude,high,review_editorial_or_commentary_for_citation_chaining_only,true,Multi-regional transcriptomics reveals robust consensus subtypes beyond tumor heterogeneity of breast cancer.,"Second-stage review identifies secondary, guideline, commentary, or perspective literature retained only for citation chaining.",domain_in_record|strong_method_in_title|strong_method_in_record|classifier_method|second_stage_not_direct,false
173,MED:41790613,41790613,PMC12965615,10.1371/journal.pcbi.1014025,supporting,exclude,moderate,no_relevant_discordance_stability_or_classifier_method,true,An integrative analysis reveals the mechanism of plastic stabilizers inducing breast cancer.,"Second-stage review finds outcome, treatment, biomarker, taxonomy, or general molecular content without a direct contribution to the locked classifier reliability, uncertainty, preprocessing, or transport question.",domain_in_record|strong_method_in_title|strong_method_in_record|classifier_method|second_stage_not_direct,false
181,MED:38592541,38592541,PMC11182789,10.1007/s10549-024-07303-z,supporting,exclude,moderate,no_relevant_discordance_stability_or_classifier_method,true,Clinical evaluation of deep learning-based risk profiling in breast cancer histopathology and comparison to an established multigene assay.,"Second-stage review finds outcome, treatment, biomarker, taxonomy, or general molecular content without a direct contribution to the locked classifier reliability, uncertainty, preprocessing, or transport question.",domain_in_record|strong_method_in_record|classifier_method|second_stage_not_direct,false
185,MED:36563600,36563600,,10.1016/j.ctrv.2022.102496,supporting,exclude,moderate,no_relevant_discordance_stability_or_classifier_method,true,Clinical implications of the intrinsic molecular subtypes in hormone receptor-positive and HER2-negative metastatic breast cancer.,"Second-stage review finds outcome, treatment, biomarker, taxonomy, or general molecular content without a direct contribution to the locked classifier reliability, uncertainty, preprocessing, or transport question.",domain_in_record|strong_method_in_record|classifier_method|second_stage_not_direct,false
204,MED:33442660,33442660,PMC7791620,10.1093/jncics/pkaa087,supporting,include,high,,true,Concordance of Immunohistochemistry-Based and Gene Expression-Based Subtyping in Breast Cancer.,"Second-stage review identifies a direct classifier, assay, platform, specimen, normalization, or implementation-comparison contribution relevant to the locked reliability question.",domain_in_record|strong_method_in_title|strong_method_in_record|classifier_method|second_stage_direct_method,false
206,MED:33769862,33769862,PMC8196091,10.1200/jco.20.02977,supporting,exclude,moderate,no_relevant_discordance_stability_or_classifier_method,true,Correlative Biomarker Analysis of Intrinsic Subtypes and Efficacy Across the MONALEESA Phase III Studies.,"Second-stage review finds outcome, treatment, biomarker, taxonomy, or general molecular content without a direct contribution to the locked classifier reliability, uncertainty, preprocessing, or transport question.",domain_in_title|domain_in_record|strong_method_in_record|classifier_method|second_stage_not_direct,false
213,MED:35082572,35082572,PMC8740062,10.1159/000519255,supporting,exclude,moderate,no_relevant_discordance_stability_or_classifier_method,true,Identifying High-Risk Triple-Negative Breast Cancer Patients by Molecular Subtyping.,"Second-stage review finds outcome, treatment, biomarker, taxonomy, or general molecular content without a direct contribution to the locked classifier reliability, uncertainty, preprocessing, or transport question.",domain_in_record|strong_method_in_record|classifier_method|second_stage_not_direct,false
230,MED:29868978,29868978,PMC7065419,10.1245/s10434-018-6540-4,supporting,exclude,moderate,no_relevant_discordance_stability_or_classifier_method,true,RNA-Seq of Circulating Tumor Cells in Stage II-III Breast Cancer.,"Second-stage review finds outcome, treatment, biomarker, taxonomy, or general molecular content without a direct contribution to the locked classifier reliability, uncertainty, preprocessing, or transport question.",domain_in_record|strong_method_in_record|classifier_method|second_stage_not_direct,false
246,MED:27259591,27259591,PMC4893290,10.1186/s12920-016-0185-6,supporting,exclude,high,review_editorial_or_commentary_for_citation_chaining_only,true,Breast cancer subtype predictors revisited: from consensus to concordance?,"Second-stage review identifies secondary, guideline, commentary, or perspective literature retained only for citation chaining.",domain_in_record|strong_method_in_title|strong_method_in_record|classifier_method|second_stage_not_direct,false
253,MED:25361981,25361981,PMC4269343,10.1093/annonc/mdu498,supporting,exclude,moderate,no_relevant_discordance_stability_or_classifier_method,true,Molecular subtype and tumor characteristics of breast cancer metastases as assessed by gene expression significantly influence patient post-relapse survival.,"Second-stage review finds outcome, treatment, biomarker, taxonomy, or general molecular content without a direct contribution to the locked classifier reliability, uncertainty, preprocessing, or transport question.",domain_in_record|strong_method_in_record|classifier_method|outcome_or_treatment_in_title|second_stage_not_direct,false
268,MED:25158930,25158930,,10.1007/s10549-014-3104-6,supporting,exclude,moderate,no_relevant_discordance_stability_or_classifier_method,true,Refinement of breast cancer risk prediction with concordant leading edge subsets from prognostic gene signatures.,"Second-stage review finds outcome, treatment, biomarker, taxonomy, or general molecular content without a direct contribution to the locked classifier reliability, uncertainty, preprocessing, or transport question.",domain_in_record|strong_method_in_title|strong_method_in_record|classifier_method|outcome_or_treatment_in_title|second_stage_not_direct,false
269,MED:25186065,25186065,,10.1007/s12032-014-0163-9,supporting,exclude,moderate,no_relevant_discordance_stability_or_classifier_method,true,Molecular subtyping predicts pathologic tumor response in early-stage breast cancer treated with neoadjuvant docetaxel plus capecitabine with or without trastuzumab chemotherapy.,"Second-stage review finds outcome, treatment, biomarker, taxonomy, or general molecular content without a direct contribution to the locked classifier reliability, uncertainty, preprocessing, or transport question.",domain_in_record|strong_method_in_record|classifier_method|outcome_or_treatment_in_title|second_stage_not_direct,false
275,MED:23884597,23884597,,10.1007/s10549-013-2640-9,supporting,exclude,moderate,no_relevant_discordance_stability_or_classifier_method,true,Comparison of efficacy of 95-gene and 21-gene classifier (Oncotype DX) for prediction of recurrence in ER-positive and node-negative breast cancer patients.,"Second-stage review finds outcome, treatment, biomarker, taxonomy, or general molecular content without a direct contribution to the locked classifier reliability, uncertainty, preprocessing, or transport question.",domain_in_record|strong_method_in_record|classifier_method|outcome_or_treatment_in_title|second_stage_not_direct,false
278,MED:22532584,22532584,PMC3477878,10.1093/annonc/mds080,supporting,exclude,moderate,no_relevant_discordance_stability_or_classifier_method,true,Concordance among gene expression-based predictors for ER-positive breast cancer treated with adjuvant tamoxifen.,"Second-stage review finds outcome, treatment, biomarker, taxonomy, or general molecular content without a direct contribution to the locked classifier reliability, uncertainty, preprocessing, or transport question.",domain_in_record|strong_method_in_title|strong_method_in_record|classifier_method|second_stage_not_direct,false
291,MED:16899776,16899776,,10.1056/nejmoa052933,supporting,exclude,moderate,no_relevant_discordance_stability_or_classifier_method,true,Concordance among gene-expression-based predictors for breast cancer.,"Second-stage review finds outcome, treatment, biomarker, taxonomy, or general molecular content without a direct contribution to the locked classifier reliability, uncertainty, preprocessing, or transport question.",domain_in_record|strong_method_in_title|strong_method_in_record|classifier_method|second_stage_not_direct,false
292,MED:41975055,41975055,PMC13261001,10.1038/s43856-026-01548-z,supporting,exclude,moderate,no_relevant_discordance_stability_or_classifier_method,true,Intratumor heterogeneity in human basal like breast cancer is revealed by single cell molecular subtyping.,"Second-stage review finds outcome, treatment, biomarker, taxonomy, or general molecular content without a direct contribution to the locked classifier reliability, uncertainty, preprocessing, or transport question.",domain_in_record|strong_method_in_record|classifier_method|second_stage_not_direct,false
305,PPR:PPR1045164,,,10.21203/rs.3.rs-6816505/v1,supporting,exclude,moderate,no_relevant_discordance_stability_or_classifier_method,true,Single-cell molecular subtyping reveals novel intratumor heterogeneity in human Basal-like breast cancer,"Second-stage review finds outcome, treatment, biomarker, taxonomy, or general molecular content without a direct contribution to the locked classifier reliability, uncertainty, preprocessing, or transport question.",domain_in_record|strong_method_in_record|classifier_method|second_stage_not_direct,false
307,MED:38587073,38587073,PMC11128195,10.1172/jci.insight.178114,supporting,exclude,moderate,no_relevant_discordance_stability_or_classifier_method,true,Molecular subtyping improves breast cancer diagnosis in the Copenhagen Breast Cancer Genomics Study.,"Second-stage review finds outcome, treatment, biomarker, taxonomy, or general molecular content without a direct contribution to the locked classifier reliability, uncertainty, preprocessing, or transport question.",domain_in_record|strong_method_in_record|classifier_method|second_stage_not_direct,false
310,MED:38951507,38951507,PMC11217366,10.1038/s41523-024-00658-y,supporting,include,high,,true,"Effect of cross-platform gene-expression, computational methods on breast cancer subtyping in PALOMA-2 and PALLET studies.","Second-stage review identifies a direct classifier, assay, platform, specimen, normalization, or implementation-comparison contribution relevant to the locked reliability question.",domain_in_record|strong_method_in_title|strong_method_in_record|classifier_method|second_stage_direct_method,false
312,MED:39305488,39305488,PMC11416080,10.1002/ctm2.70023,supporting,exclude,low,no_relevant_discordance_stability_or_classifier_method,false,Distinct discrepancy in breast cancer organoids recapitulation among molecular subtypes revealed by single-cell transcriptomes analysis.,"Second-stage review finds outcome, treatment, biomarker, taxonomy, or general molecular content without a direct contribution to the locked classifier reliability, uncertainty, preprocessing, or transport question.",classifier_method|second_stage_not_direct,false
318,MED:37071799,37071799,PMC10243595,10.1021/acs.analchem.3c00624,supporting,exclude,moderate,no_relevant_discordance_stability_or_classifier_method,true,Assessing Breast Cancer Molecular Subtypes Using Extracellular Vesicles' mRNA.,"Second-stage review finds outcome, treatment, biomarker, taxonomy, or general molecular content without a direct contribution to the locked classifier reliability, uncertainty, preprocessing, or transport question.",domain_in_record|strong_method_in_record|classifier_method|second_stage_not_direct,false
327,MED:38058819,38058819,PMC10695790,,supporting,exclude,moderate,no_relevant_discordance_stability_or_classifier_method,true,Advancing breast cancer subtyping: optimizing immunohistochemical staining classification with insights from real-world Taiwanese data.,"Second-stage review finds outcome, treatment, biomarker, taxonomy, or general molecular content without a direct contribution to the locked classifier reliability, uncertainty, preprocessing, or transport question.",domain_in_record|strong_method_in_record|classifier_method|second_stage_not_direct,false
353,MED:34841669,34841669,PMC8571949,10.1002/ctm2.614,supporting,exclude,low,no_relevant_discordance_stability_or_classifier_method,false,Establishment and validation of a gasdermin signature to evaluate the immune status and direct risk-group classification in luminal-B breast cancer.,"Second-stage review finds outcome, treatment, biomarker, taxonomy, or general molecular content without a direct contribution to the locked classifier reliability, uncertainty, preprocessing, or transport question.",classifier_method|second_stage_not_direct,false
398,MED:29050296,29050296,PMC5642571,10.18632/oncotarget.19719,supporting,exclude,moderate,no_relevant_discordance_stability_or_classifier_method,true,Reverse phase protein array identification of triple-negative breast cancer subtypes and comparison with mRNA molecular subtypes.,"Second-stage review finds outcome, treatment, biomarker, taxonomy, or general molecular content without a direct contribution to the locked classifier reliability, uncertainty, preprocessing, or transport question.",domain_in_record|strong_method_in_record|classifier_method|second_stage_not_direct,false
406,MED:27310713,27310713,PMC4911051,10.1371/journal.pone.0157368,supporting,exclude,moderate,no_relevant_discordance_stability_or_classifier_method,true,Refinement of Triple-Negative Breast Cancer Molecular Subtypes: Implications for Neoadjuvant Chemotherapy Selection.,"Second-stage review finds outcome, treatment, biomarker, taxonomy, or general molecular content without a direct contribution to the locked classifier reliability, uncertainty, preprocessing, or transport question.",domain_in_record|strong_method_in_record|classifier_method|outcome_or_treatment_in_title|second_stage_not_direct,false
416,MED:25779996,25779996,,10.1309/ajcpr3bfa2phsnyd,supporting,exclude,low,no_relevant_discordance_stability_or_classifier_method,false,Can molecular subtyping be used to guide metastatic screening in breast cancer?,"Second-stage review finds outcome, treatment, biomarker, taxonomy, or general molecular content without a direct contribution to the locked classifier reliability, uncertainty, preprocessing, or transport question.",classifier_method|second_stage_not_direct,false
431,MED:25164602,25164602,PMC4166472,10.1186/s13059-014-0431-1,supporting,exclude,moderate,no_relevant_discordance_stability_or_classifier_method,true,"Genome-driven integrated classification of breast cancer validated in over 7,500 samples.","Second-stage review finds outcome, treatment, biomarker, taxonomy, or general molecular content without a direct contribution to the locked classifier reliability, uncertainty, preprocessing, or transport question.",domain_in_record|strong_method_in_record|classifier_method|second_stage_not_direct,false
458,MED:20359657,20359657,,10.1016/s1470-2045(10)70036-x,supporting,exclude,high,review_editorial_or_commentary_for_citation_chaining_only,false,Molecular subtyping of breast cancer: ready to use?,"Second-stage review identifies secondary, guideline, commentary, or perspective literature retained only for citation chaining.",classifier_method|second_stage_not_direct,false
460,MED:20484283,20484283,,10.1177/1066896910370771,supporting,exclude,low,no_relevant_discordance_stability_or_classifier_method,false,Will molecular classification replace traditional breast pathology?,"Second-stage review finds outcome, treatment, biomarker, taxonomy, or general molecular content without a direct contribution to the locked classifier reliability, uncertainty, preprocessing, or transport question.",classifier_method|second_stage_not_direct,false
464,MED:20887159,20887159,,10.2217/whe.10.50,supporting,exclude,low,no_relevant_discordance_stability_or_classifier_method,false,Classification models for breast cancer molecular subtyping: what is the best candidate for a translation into clinic?,"Second-stage review finds outcome, treatment, biomarker, taxonomy, or general molecular content without a direct contribution to the locked classifier reliability, uncertainty, preprocessing, or transport question.",classifier_method|second_stage_not_direct,false
466,MED:19204193,19204193,,10.1200/jco.2008.20.6276,supporting,exclude,high,review_editorial_or_commentary_for_citation_chaining_only,false,Introducing molecular subtyping of breast cancer into the clinic?,"Second-stage review identifies secondary, guideline, commentary, or perspective literature retained only for citation chaining.",classifier_method|second_stage_not_direct,false
485,MED:40216371,40216371,,10.1016/j.jbi.2025.104817,context,exclude,moderate,no_relevant_discordance_stability_or_classifier_method,true,A novel machine learning-based workflow to capture intra-patient heterogeneity through transcriptional multi-label characterization and clinically relevant classification.,"Second-stage review finds outcome, treatment, biomarker, taxonomy, or general molecular content without a direct contribution to the locked classifier reliability, uncertainty, preprocessing, or transport question.",domain_in_record|strong_method_in_record|classifier_method|second_stage_not_direct,false
495,MED:36642929,36642929,PMC9841121,10.1002/ctm2.1105,context,exclude,low,no_relevant_discordance_stability_or_classifier_method,false,"In silico validation of a new classifier, PCSCG<sub>ier</sub> , for predicting recurrence-free survival in prostate cancer patients: Evidence from multiple datasets.","Second-stage review finds outcome, treatment, biomarker, taxonomy, or general molecular content without a direct contribution to the locked classifier reliability, uncertainty, preprocessing, or transport question.",classifier_method|outcome_or_treatment_in_title|second_stage_not_direct,false
497,MED:37055772,37055772,PMC10103529,10.1186/s12967-023-04092-9,context,exclude,moderate,no_relevant_discordance_stability_or_classifier_method,true,Cross-platform comparison of immune signatures in immunotherapy-treated patients with advanced melanoma using a rank-based scoring approach.,"Second-stage review finds outcome, treatment, biomarker, taxonomy, or general molecular content without a direct contribution to the locked classifier reliability, uncertainty, preprocessing, or transport question.",domain_in_record|strong_method_in_title|strong_method_in_record|classifier_method|second_stage_not_direct,false
534,MED:23339125,23339125,PMC3732211,10.1158/1078-0432.ccr-12-3554,context,exclude,high,nonhuman_or_no_primary_human_tumor_cohort,true,Murine microenvironment metaprofiles associate with human cancer etiology and intrinsic subtypes.,Second-stage review identifies a nonhuman study outside the primary human-tumor evidence requirement.,domain_in_title|domain_in_record|strong_method_in_record|classifier_method|nonhuman_in_title|second_stage_not_direct,false
561,MED:41934415,41934415,PMC13054166,10.25259/ijmr_1642_2024,context,exclude,moderate,no_relevant_discordance_stability_or_classifier_method,true,Clinically actionable alterations in Indian breast cancer patients derived through whole transcriptome sequencing.,"Second-stage review finds outcome, treatment, biomarker, taxonomy, or general molecular content without a direct contribution to the locked classifier reliability, uncertainty, preprocessing, or transport question.",domain_in_record|strong_method_in_record|classifier_method|second_stage_not_direct,false
565,PPR:PPR1235992,,,10.64898/2026.05.17.725700,context,exclude,moderate,no_relevant_discordance_stability_or_classifier_method,true,Convergent suppression of nuclear-encoded mitochondrial fatty acid oxidation genes defines a pan-subtype signature in breast cancer: a multi-cohort transcriptomic study,"Second-stage review finds outcome, treatment, biomarker, taxonomy, or general molecular content without a direct contribution to the locked classifier reliability, uncertainty, preprocessing, or transport question.",domain_in_record|strong_method_in_record|classifier_method|second_stage_not_direct,false
566,PPR:PPR1239365,,,10.64898/2026.05.22.26353710,context,exclude,moderate,no_relevant_discordance_stability_or_classifier_method,true,"Longitudinal multi-platform profiling reveals temporal dynamics of HER2, TROP2, PD-L1 and tumor-infiltrating lymphocytes in triple-negative breast cancer","Second-stage review finds outcome, treatment, biomarker, taxonomy, or general molecular content without a direct contribution to the locked classifier reliability, uncertainty, preprocessing, or transport question.",domain_in_record|strong_method_in_record|classifier_method|second_stage_not_direct,false
585,MED:40349505,40349505,PMC12139019,10.1016/j.tranon.2025.102407,context,exclude,moderate,no_relevant_discordance_stability_or_classifier_method,true,Molecular characterisation of the residual disease after neoadjuvant endocrine therapy in ER+/HER2- breast cancer uncovers biomarkers of tumour response.,"Second-stage review finds outcome, treatment, biomarker, taxonomy, or general molecular content without a direct contribution to the locked classifier reliability, uncertainty, preprocessing, or transport question.",domain_in_record|strong_method_in_record|classifier_method|outcome_or_treatment_in_title|second_stage_not_direct,false
588,MED:40406379,40406379,PMC12094704,10.1159/000545785,context,exclude,moderate,no_relevant_discordance_stability_or_classifier_method,true,Risk Assessment Using Gene Expression Profiling Correlates with Clinical Prognosis Estimation in Hormone Receptor-Positive/HER2-Negative Early Breast Cancer.,"Second-stage review finds outcome, treatment, biomarker, taxonomy, or general molecular content without a direct contribution to the locked classifier reliability, uncertainty, preprocessing, or transport question.",domain_in_record|strong_method_in_record|classifier_method|outcome_or_treatment_in_title|second_stage_not_direct,false
610,MED:40896880,40896880,PMC12424417,10.1016/j.esmoop.2025.105572,context,exclude,moderate,no_relevant_discordance_stability_or_classifier_method,true,Palbociclib and trastuzumab for HER2-positive metastatic breast cancer: final overall survival results of cohort A and B of SOLTI-1303-PATRICIA trial.,"Second-stage review finds outcome, treatment, biomarker, taxonomy, or general molecular content without a direct contribution to the locked classifier reliability, uncertainty, preprocessing, or transport question.",domain_in_record|strong_method_in_record|classifier_method|outcome_or_treatment_in_title|second_stage_not_direct,false
616,MED:41072454,41072454,,10.1016/s1470-2045(25)00428-0,context,exclude,high,review_editorial_or_commentary_for_citation_chaining_only,false,Whole-genome sequencing in breast cancer: is it ready for clinical application?,"Second-stage review identifies secondary, guideline, commentary, or perspective literature retained only for citation chaining.",second_stage_not_direct,false
668,MED:38911651,38911651,PMC11191929,10.1097/as9.0000000000000424,context,exclude,high,review_editorial_or_commentary_for_citation_chaining_only,false,Response to: Comment on Genetic Ancestry-Specific Molecular and Survival Differences in Admixed Breast Cancer Patients.,"Second-stage review identifies secondary, guideline, commentary, or perspective literature retained only for citation chaining.",outcome_or_treatment_in_title|second_stage_not_direct,false
673,MED:39058425,39058425,PMC11443247,10.1158/1078-0432.ccr-24-0465,context,exclude,moderate,no_relevant_discordance_stability_or_classifier_method,true,Ipatasertib plus Paclitaxel for Patients with PIK3CA/AKT1/PTEN-Altered Locally Advanced Unresectable or Metastatic Triple-Negative Breast Cancer in the IPATunity130 Phase III Trial.,"Second-stage review finds outcome, treatment, biomarker, taxonomy, or general molecular content without a direct contribution to the locked classifier reliability, uncertainty, preprocessing, or transport question.",domain_in_record|strong_method_in_record|classifier_method|second_stage_not_direct,false
764,PPR:PPR673917,,,10.1101/2023.06.07.23291117,context,exclude,moderate,no_relevant_discordance_stability_or_classifier_method,true,The Metastatic Breast Cancer Project: leveraging patient-partnered research to expand the clinical and genomic landscape of metastatic breast cancer and accelerate discoveries,"Second-stage review finds outcome, treatment, biomarker, taxonomy, or general molecular content without a direct contribution to the locked classifier reliability, uncertainty, preprocessing, or transport question.",domain_in_record|strong_method_in_record|classifier_method|second_stage_not_direct,false
795,MED:35552660,35552660,PMC9365375,10.1158/1078-0432.ccr-21-4289,context,exclude,moderate,no_relevant_discordance_stability_or_classifier_method,true,Therapeutic Implications for Intrinsic Phenotype Classification of Metastatic Castration-Resistant Prostate Cancer.,"Second-stage review finds outcome, treatment, biomarker, taxonomy, or general molecular content without a direct contribution to the locked classifier reliability, uncertainty, preprocessing, or transport question.",domain_in_record|strong_method_in_record|classifier_method|second_stage_not_direct,false
842,MED:33442657,33442657,PMC7791616,10.1093/jncics/pkaa072,context,exclude,moderate,no_relevant_discordance_stability_or_classifier_method,true,"Outcomes of Hormone-Receptor Positive, HER2-Negative Breast Cancers by Race and Tumor Biological Features.","Second-stage review finds outcome, treatment, biomarker, taxonomy, or general molecular content without a direct contribution to the locked classifier reliability, uncertainty, preprocessing, or transport question.",domain_in_record|strong_method_in_record|classifier_method|second_stage_not_direct,false
846,MED:33543757,33543757,PMC8479681,10.1093/bioinformatics/btab088,context,include,high,,true,multiclassPairs: an R package to train multiclass pair-based classifier.,"Second-stage review identifies a direct classifier, assay, platform, specimen, normalization, or implementation-comparison contribution relevant to the locked reliability question.",domain_in_record|strong_method_in_record|classifier_method|second_stage_direct_method,false
850,MED:33599688,33599688,PMC7893540,10.1001/jamaoncol.2020.7310,context,exclude,moderate,no_relevant_discordance_stability_or_classifier_method,true,Association of Immunophenotype With Pathologic Complete Response to Neoadjuvant Chemotherapy for Triple-Negative Breast Cancer: A Secondary Analysis of the BrighTNess Phase 3 Randomized Clinical Trial.,"Second-stage review finds outcome, treatment, biomarker, taxonomy, or general molecular content without a direct contribution to the locked classifier reliability, uncertainty, preprocessing, or transport question.",domain_in_record|strong_method_in_record|classifier_method|outcome_or_treatment_in_title|second_stage_not_direct,false
865,MED:34091374,34091374,,10.1016/j.ctarc.2021.100401,context,exclude,moderate,no_relevant_discordance_stability_or_classifier_method,true,"Developing a clinical-pathologic model to predict genomic risk of recurrence in patients with hormone receptor positive, human epidermal growth factor receptor-2 negative, node negative breast cancer.","Second-stage review finds outcome, treatment, biomarker, taxonomy, or general molecular content without a direct contribution to the locked classifier reliability, uncertainty, preprocessing, or transport question.",domain_in_record|strong_method_in_record|classifier_method|outcome_or_treatment_in_title|second_stage_not_direct,false
871,MED:34217971,34217971,PMC8261657,10.1016/j.breast.2021.06.011,context,exclude,moderate,no_relevant_discordance_stability_or_classifier_method,true,Biological and clinical features of triple negative Invasive Lobular Carcinomas of the breast. Clinical outcome and actionable molecular alterations.,"Second-stage review finds outcome, treatment, biomarker, taxonomy, or general molecular content without a direct contribution to the locked classifier reliability, uncertainty, preprocessing, or transport question.",domain_in_record|strong_method_in_record|classifier_method|outcome_or_treatment_in_title|second_stage_not_direct,false
892,MED:34827124,34827124,PMC8615092,10.3390/biology10111131,context,exclude,moderate,no_relevant_discordance_stability_or_classifier_method,true,Oxford Nanopore MinION Direct RNA-Seq for Systems Biology.,"Second-stage review finds outcome, treatment, biomarker, taxonomy, or general molecular content without a direct contribution to the locked classifier reliability, uncertainty, preprocessing, or transport question.",domain_in_record|strong_method_in_record|classifier_method|second_stage_not_direct,false
952,MED:33008814,33008814,,10.1158/1078-0432.ccr-20-1923,context,exclude,moderate,no_relevant_discordance_stability_or_classifier_method,true,Gene Expression Signatures of BRCAness and Tumor Inflammation Define Subgroups of Early-Stage Hormone Receptor-Positive Breast Cancer Patients.,"Second-stage review finds outcome, treatment, biomarker, taxonomy, or general molecular content without a direct contribution to the locked classifier reliability, uncertainty, preprocessing, or transport question.",domain_in_record|strong_method_in_record|classifier_method|second_stage_not_direct,false
969,MED:30617775,30617775,PMC6396692,10.1007/s10552-018-1121-1,context,exclude,moderate,no_relevant_discordance_stability_or_classifier_method,true,"Differences in race, molecular and tumor characteristics among women diagnosed with invasive ductal and lobular breast carcinomas.","Second-stage review finds outcome, treatment, biomarker, taxonomy, or general molecular content without a direct contribution to the locked classifier reliability, uncertainty, preprocessing, or transport question.",domain_in_record|strong_method_in_record|classifier_method|second_stage_not_direct,false
984,MED:30943126,30943126,,10.1200/jco.18.01933,context,exclude,low,no_relevant_discordance_stability_or_classifier_method,false,Defining Risk of Late Recurrence in Early-Stage Estrogen Receptor-Positive Breast Cancer: Clinical Versus Molecular Tools.,"Second-stage review finds outcome, treatment, biomarker, taxonomy, or general molecular content without a direct contribution to the locked classifier reliability, uncertainty, preprocessing, or transport question.",outcome_or_treatment_in_title|second_stage_not_direct,false
995,MED:31161190,31161190,,10.1093/annonc/mdz173,context,exclude,high,review_editorial_or_commentary_for_citation_chaining_only,false,"Early breast cancer: ESMO Clinical Practice Guidelines for diagnosis, treatment and follow-up†.","Second-stage review identifies secondary, guideline, commentary, or perspective literature retained only for citation chaining.",second_stage_not_direct,false
1004,MED:31420533,31420533,PMC6697729,10.1038/s41389-019-0157-8,context,exclude,moderate,no_relevant_discordance_stability_or_classifier_method,true,DeepCC: a novel deep learning-based framework for cancer molecular subtype classification.,"Second-stage review finds outcome, treatment, biomarker, taxonomy, or general molecular content without a direct contribution to the locked classifier reliability, uncertainty, preprocessing, or transport question.",domain_in_record|strong_method_in_record|classifier_method|second_stage_not_direct,false
1005,MED:31434940,31434940,PMC6704148,10.1038/s41598-019-48570-x,context,exclude,moderate,no_relevant_discordance_stability_or_classifier_method,true,Cross comparison and prognostic assessment of breast cancer multigene signatures in a large population-based contemporary clinical series.,"Second-stage review finds outcome, treatment, biomarker, taxonomy, or general molecular content without a direct contribution to the locked classifier reliability, uncertainty, preprocessing, or transport question.",domain_in_record|strong_method_in_record|classifier_method|outcome_or_treatment_in_title|second_stage_not_direct,false
1023,MED:35100699,35100699,,10.1200/po.19.00012,context,exclude,low,no_relevant_discordance_stability_or_classifier_method,false,Significant Clinical Activity of Olaparib in a Somatic BRCA1-Mutated Triple-Negative Breast Cancer With Brain Metastasis.,"Second-stage review finds outcome, treatment, biomarker, taxonomy, or general molecular content without a direct contribution to the locked classifier reliability, uncertainty, preprocessing, or transport question.",second_stage_not_direct,false
1029,MED:29253081,29253081,PMC5888999,10.1093/annonc/mdx773,context,exclude,moderate,no_relevant_discordance_stability_or_classifier_method,true,"Pertuzumab, trastuzumab, and standard anthracycline- and taxane-based chemotherapy for the neoadjuvant treatment of patients with HER2-positive localized breast cancer (BERENICE): a phase II, open-label, multicenter, multinational cardiac safety study.","Second-stage review finds outcome, treatment, biomarker, taxonomy, or general molecular content without a direct contribution to the locked classifier reliability, uncertainty, preprocessing, or transport question.",domain_in_record|strong_method_in_record|classifier_method|outcome_or_treatment_in_title|second_stage_not_direct,false
1069,MED:30379847,30379847,PMC6231682,10.1371/journal.pcbi.1006520,context,exclude,moderate,no_relevant_discordance_stability_or_classifier_method,true,Molecular characterization of breast and lung tumors by integration of multiple data types with functional sparse-factor analysis.,"Second-stage review finds outcome, treatment, biomarker, taxonomy, or general molecular content without a direct contribution to the locked classifier reliability, uncertainty, preprocessing, or transport question.",domain_in_record|strong_method_in_record|classifier_method|second_stage_not_direct,false
1087,MED:28376181,28376181,PMC6279306,10.1093/jnci/djw307,context,exclude,low,no_relevant_discordance_stability_or_classifier_method,false,"Breast Cancer Patient-Derived Xenografts: Pros, Cons, and Next Steps.","Second-stage review finds outcome, treatment, biomarker, taxonomy, or general molecular content without a direct contribution to the locked classifier reliability, uncertainty, preprocessing, or transport question.",second_stage_not_direct,false
1118,PPR:PPR23542,,,10.1101/183582,context,exclude,moderate,no_relevant_discordance_stability_or_classifier_method,true,Molecular characterization of breast and lung tumors by integration of multiple data types with sparse-factor analysis,"Second-stage review finds outcome, treatment, biomarker, taxonomy, or general molecular content without a direct contribution to the locked classifier reliability, uncertainty, preprocessing, or transport question.",domain_in_record|strong_method_in_record|classifier_method|second_stage_not_direct,false
1125,MED:26769751,26769751,,10.1158/1078-0432.ccr-15-1691,context,exclude,moderate,no_relevant_discordance_stability_or_classifier_method,true,"An Endothelial Gene Signature Score Predicts Poor Outcome in Patients with Endocrine-Treated, Low Genomic Grade Breast Tumors.","Second-stage review finds outcome, treatment, biomarker, taxonomy, or general molecular content without a direct contribution to the locked classifier reliability, uncertainty, preprocessing, or transport question.",domain_in_record|strong_method_in_record|classifier_method|second_stage_not_direct,false
1131,MED:26910609,26910609,,10.1007/s12282-016-0670-y,context,exclude,high,review_editorial_or_commentary_for_citation_chaining_only,false,"The Japanese Breast Cancer Society Clinical Practice Guideline for systemic treatment of breast cancer, 2015 edition.","Second-stage review identifies secondary, guideline, commentary, or perspective literature retained only for citation chaining.",second_stage_not_direct,false
1140,MED:27083178,27083178,,10.1007/s10549-016-3792-1,context,exclude,moderate,no_relevant_discordance_stability_or_classifier_method,true,Frequency of germline DNA genetic findings in an unselected prospective cohort of triple-negative breast cancer patients participating in a platinum-based neoadjuvant chemotherapy trial.,"Second-stage review finds outcome, treatment, biomarker, taxonomy, or general molecular content without a direct contribution to the locked classifier reliability, uncertainty, preprocessing, or transport question.",domain_in_record|strong_method_in_record|classifier_method|outcome_or_treatment_in_title|second_stage_not_direct,false
1151,MED:27386846,27386846,PMC4936004,10.1186/s13058-016-0724-2,context,exclude,moderate,no_relevant_discordance_stability_or_classifier_method,true,Expression and methylation patterns partition luminal-A breast tumors into distinct prognostic subgroups.,"Second-stage review finds outcome, treatment, biomarker, taxonomy, or general molecular content without a direct contribution to the locked classifier reliability, uncertainty, preprocessing, or transport question.",domain_in_record|strong_method_in_record|classifier_method|outcome_or_treatment_in_title|second_stage_not_direct,false
1161,MED:27556419,27556419,PMC5001207,10.1186/s12864-016-2903-z,context,include,high,,true,CrossLink: a novel method for cross-condition classification of cancer subtypes.,"Second-stage review identifies a direct classifier, assay, platform, specimen, normalization, or implementation-comparison contribution relevant to the locked reliability question.",domain_in_record|strong_method_in_record|classifier_method|second_stage_direct_method,false
1181,MED:29588871,29588871,PMC5866132,10.6004/jadpro.2016.7.6.8,context,exclude,high,review_editorial_or_commentary_for_citation_chaining_only,false,Understanding Biomarkers in Early-Stage Invasive Breast Cancer: Tools From the ASCO Clinical Guideline.,"Second-stage review identifies secondary, guideline, commentary, or perspective literature retained only for citation chaining.",second_stage_not_direct,false
1211,MED:26202594,26202594,,10.1093/annonc/mdv263,context,exclude,moderate,no_relevant_discordance_stability_or_classifier_method,true,"Randomized, phase II, placebo-controlled trial of onartuzumab and/or bevacizumab in combination with weekly paclitaxel in patients with metastatic triple-negative breast cancer.","Second-stage review finds outcome, treatment, biomarker, taxonomy, or general molecular content without a direct contribution to the locked classifier reliability, uncertainty, preprocessing, or transport question.",domain_in_record|strong_method_in_record|classifier_method|second_stage_not_direct,false
1220,MED:26404658,26404658,PMC4585919,10.1038/srep14499,context,exclude,moderate,no_relevant_discordance_stability_or_classifier_method,true,Molecular portraits revealing the heterogeneity of breast tumor subtypes defined using immunohistochemistry markers.,"Second-stage review finds outcome, treatment, biomarker, taxonomy, or general molecular content without a direct contribution to the locked classifier reliability, uncertainty, preprocessing, or transport question.",domain_in_record|strong_method_in_record|classifier_method|second_stage_not_direct,false
1232,MED:26674611,26674611,PMC4678588,10.1186/s40425-015-0088-7,context,exclude,low,no_relevant_discordance_stability_or_classifier_method,false,"nCounter(®) PanCancer Immune Profiling Panel (NanoString Technologies, Inc., Seattle, WA).","Second-stage review finds outcome, treatment, biomarker, taxonomy, or general molecular content without a direct contribution to the locked classifier reliability, uncertainty, preprocessing, or transport question.",second_stage_not_direct,false
1270,MED:25269490,25269490,,10.1093/jnci/dju297,context,exclude,low,no_relevant_discordance_stability_or_classifier_method,false,Molecular subtypes of high-grade serous ovarian cancer: the holy grail?,"Second-stage review finds outcome, treatment, biomarker, taxonomy, or general molecular content without a direct contribution to the locked classifier reliability, uncertainty, preprocessing, or transport question.",classifier_method|second_stage_not_direct,false
1312,MED:24415966,24415966,PMC3728627,10.1159/000353617,context,exclude,low,no_relevant_discordance_stability_or_classifier_method,false,AGO Recommendations for Diagnosis and Treatment of Patients with Early Breast Cancer: Update 2013.,"Second-stage review finds outcome, treatment, biomarker, taxonomy, or general molecular content without a direct contribution to the locked classifier reliability, uncertainty, preprocessing, or transport question.",second_stage_not_direct,false
1316,MED:21373875,21373875,,10.1007/s10549-011-1412-7,context,exclude,moderate,no_relevant_discordance_stability_or_classifier_method,true,TP53 genomics predict higher clinical and pathologic tumor response in operable early-stage breast cancer treated with docetaxel-capecitabine ± trastuzumab.,"Second-stage review finds outcome, treatment, biomarker, taxonomy, or general molecular content without a direct contribution to the locked classifier reliability, uncertainty, preprocessing, or transport question.",domain_in_record|strong_method_in_record|classifier_method|outcome_or_treatment_in_title|second_stage_not_direct,false
1325,MED:22355741,22355741,PMC3259129,10.1038/srep00227,context,exclude,low,no_relevant_discordance_stability_or_classifier_method,false,A gene signature for predicting outcome in patients with basal-like breast cancer.,"Second-stage review finds outcome, treatment, biomarker, taxonomy, or general molecular content without a direct contribution to the locked classifier reliability, uncertainty, preprocessing, or transport question.",second_stage_not_direct,false
1329,MED:22508829,22508829,,10.1200/jco.2012.41.7386,context,exclude,low,no_relevant_discordance_stability_or_classifier_method,false,Assessing the clinical relevance of oncogenic pathways in neoadjuvant breast cancer.,"Second-stage review finds outcome, treatment, biomarker, taxonomy, or general molecular content without a direct contribution to the locked classifier reliability, uncertainty, preprocessing, or transport question.",second_stage_not_direct,false
1345,MED:22976500,22976500,,10.1007/s00259-012-2245-2,context,exclude,low,no_relevant_discordance_stability_or_classifier_method,false,Preoperative FDG PET/CT in breast cancer patients: where are we going?,"Second-stage review finds outcome, treatment, biomarker, taxonomy, or general molecular content without a direct contribution to the locked classifier reliability, uncertainty, preprocessing, or transport question.",second_stage_not_direct,false
1378,MED:20576095,20576095,PMC2917037,10.1186/bcr2596,context,exclude,moderate,no_relevant_discordance_stability_or_classifier_method,true,Genomic subtypes of breast cancer identified by array-comparative genomic hybridization display distinct molecular and clinical characteristics.,"Second-stage review finds outcome, treatment, biomarker, taxonomy, or general molecular content without a direct contribution to the locked classifier reliability, uncertainty, preprocessing, or transport question.",domain_in_record|strong_method_in_record|classifier_method|second_stage_not_direct,false
1393,MED:19893007,19893007,,10.1093/jnci/djp390,context,exclude,low,no_relevant_discordance_stability_or_classifier_method,false,"Re: Ki67 index, HER2 status, and prognosis of patients with luminal B breast cancer.","Second-stage review finds outcome, treatment, biomarker, taxonomy, or general molecular content without a direct contribution to the locked classifier reliability, uncertainty, preprocessing, or transport question.",outcome_or_treatment_in_title|second_stage_not_direct,false
1405,MED:16643655,16643655,PMC1468408,10.1186/1471-2164-7-96,context,include,high,,true,The molecular portraits of breast tumors are conserved across microarray platforms.,"Second-stage review identifies a direct classifier, assay, platform, specimen, normalization, or implementation-comparison contribution relevant to the locked reliability question.",domain_in_record|strong_method_in_record|classifier_method|second_stage_direct_method,false
1411,MED:15755970,15755970,,10.1200/jco.2005.12.005,context,exclude,low,no_relevant_discordance_stability_or_classifier_method,false,Gene expression profiling of breast cancer: a new tumor marker.,"Second-stage review finds outcome, treatment, biomarker, taxonomy, or general molecular content without a direct contribution to the locked classifier reliability, uncertainty, preprocessing, or transport question.",classifier_method|second_stage_not_direct,false
1445,MED:41544200,41544200,PMC13054941,10.1002/ijc.70332,context,exclude,moderate,no_relevant_discordance_stability_or_classifier_method,true,Etiology of gene expression-based subtypes of breast cancer in the Ghana Breast Health Study.,"Second-stage review finds outcome, treatment, biomarker, taxonomy, or general molecular content without a direct contribution to the locked classifier reliability, uncertainty, preprocessing, or transport question.",domain_in_record|strong_method_in_record|classifier_method|second_stage_not_direct,false
1449,MED:41569442,41569442,PMC12827424,10.1007/s10549-025-07884-3,context,exclude,moderate,no_relevant_discordance_stability_or_classifier_method,true,Molecular and socioeconomic characteristics of inflammatory breast cancer in the Carolina Breast Cancer Study.,"Second-stage review finds outcome, treatment, biomarker, taxonomy, or general molecular content without a direct contribution to the locked classifier reliability, uncertainty, preprocessing, or transport question.",domain_in_record|strong_method_in_record|classifier_method|second_stage_not_direct,false
1457,MED:41692938,41692938,,10.1007/s11357-026-02143-9,context,exclude,moderate,no_relevant_discordance_stability_or_classifier_method,true,Subtype-specific sirtuin expression signatures link mitochondrial-epigenetic networks to breast cancer survival.,"Second-stage review finds outcome, treatment, biomarker, taxonomy, or general molecular content without a direct contribution to the locked classifier reliability, uncertainty, preprocessing, or transport question.",domain_in_record|strong_method_in_record|classifier_method|outcome_or_treatment_in_title|second_stage_not_direct,false
1516,MED:40021703,40021703,PMC11871144,10.1038/s41598-025-89274-9,context,exclude,moderate,no_relevant_discordance_stability_or_classifier_method,true,Gene expression associated with endocrine therapy resistance in estrogen receptor-positive breast cancer.,"Second-stage review finds outcome, treatment, biomarker, taxonomy, or general molecular content without a direct contribution to the locked classifier reliability, uncertainty, preprocessing, or transport question.",domain_in_record|strong_method_in_record|classifier_method|outcome_or_treatment_in_title|second_stage_not_direct,false
1540,MED:40355907,40355907,PMC12070617,10.1186/s40478-025-02001-3,context,exclude,moderate,no_relevant_discordance_stability_or_classifier_method,true,Genomic and immune profiling of breast cancer brain metastases.,"Second-stage review finds outcome, treatment, biomarker, taxonomy, or general molecular content without a direct contribution to the locked classifier reliability, uncertainty, preprocessing, or transport question.",domain_in_record|strong_method_in_record|classifier_method|second_stage_not_direct,false
1550,MED:40518006,40518006,,10.1016/j.clnesp.2025.06.021,context,exclude,high,review_editorial_or_commentary_for_citation_chaining_only,false,"Letter to the Editor: Comment on ""Healthy lifestyle indices are associated with breast cancer immunophenotypes in women"".","Second-stage review identifies secondary, guideline, commentary, or perspective literature retained only for citation chaining.",second_stage_not_direct,false
1631,MED:38175669,38175669,PMC11067809,10.1093/oncolo/oyad337,context,exclude,moderate,no_relevant_discordance_stability_or_classifier_method,true,CDK4/6-Inhibitors Versus Chemotherapy in Advanced HR+/HER2-Negative Breast Cancer: Results and Correlative Biomarker Analyses of the KENDO Randomized Phase II Trial.,"Second-stage review finds outcome, treatment, biomarker, taxonomy, or general molecular content without a direct contribution to the locked classifier reliability, uncertainty, preprocessing, or transport question.",domain_in_record|strong_method_in_record|classifier_method|outcome_or_treatment_in_title|second_stage_not_direct,false
1646,MED:38462287,38462287,,10.1016/j.artmed.2024.102787,context,exclude,moderate,no_relevant_discordance_stability_or_classifier_method,true,Modelling-based joint embedding of histology and genomics using canonical correlation analysis for breast cancer survival prediction.,"Second-stage review finds outcome, treatment, biomarker, taxonomy, or general molecular content without a direct contribution to the locked classifier reliability, uncertainty, preprocessing, or transport question.",domain_in_record|strong_method_in_record|classifier_method|outcome_or_treatment_in_title|second_stage_not_direct,false
1670,MED:38871719,38871719,,10.1038/s41389-024-00521-6,context,exclude,moderate,no_relevant_discordance_stability_or_classifier_method,true,Comprehensive multi-omics analysis of breast cancer reveals distinct long-term prognostic subtypes.,"Second-stage review finds outcome, treatment, biomarker, taxonomy, or general molecular content without a direct contribution to the locked classifier reliability, uncertainty, preprocessing, or transport question.",domain_in_record|strong_method_in_record|classifier_method|outcome_or_treatment_in_title|second_stage_not_direct,false
1683,MED:39126025,39126025,PMC11313538,10.3390/ijms25158456,context,exclude,moderate,no_relevant_discordance_stability_or_classifier_method,true,Comprehensive Transcriptome Analysis Expands lncRNA Functional Profiles in Breast Cancer.,"Second-stage review finds outcome, treatment, biomarker, taxonomy, or general molecular content without a direct contribution to the locked classifier reliability, uncertainty, preprocessing, or transport question.",domain_in_record|strong_method_in_record|classifier_method|second_stage_not_direct,false
1738,MED:36697419,36697419,PMC9876915,10.1038/s41523-023-00506-5,context,exclude,low,no_relevant_discordance_stability_or_classifier_method,false,The central role of pathology labs in breast cancer precision oncology: a call for action.,"Second-stage review finds outcome, treatment, biomarker, taxonomy, or general molecular content without a direct contribution to the locked classifier reliability, uncertainty, preprocessing, or transport question.",second_stage_not_direct,false
1739,MED:36701650,36701650,,10.1200/jco.22.02863,context,exclude,low,no_relevant_discordance_stability_or_classifier_method,false,Prognostic Tests in Early-Stage Hormone Receptor-Positive Breast Cancer: An Opportunity to Refine Personalized Cancer Care.,"Second-stage review finds outcome, treatment, biomarker, taxonomy, or general molecular content without a direct contribution to the locked classifier reliability, uncertainty, preprocessing, or transport question.",outcome_or_treatment_in_title|second_stage_not_direct,false
1743,MED:36753055,36753055,PMC10364497,10.1093/bjs/znad017,context,exclude,low,no_relevant_discordance_stability_or_classifier_method,false,Molecular profiling in contemporary breast cancer management.,"Second-stage review finds outcome, treatment, biomarker, taxonomy, or general molecular content without a direct contribution to the locked classifier reliability, uncertainty, preprocessing, or transport question.",second_stage_not_direct,false
1748,MED:36819560,36819560,PMC9929799,10.21037/atm-22-6245,context,exclude,moderate,no_relevant_discordance_stability_or_classifier_method,true,Landscape of costimulatory molecule signature in breast cancer and its prognostic significance.,"Second-stage review finds outcome, treatment, biomarker, taxonomy, or general molecular content without a direct contribution to the locked classifier reliability, uncertainty, preprocessing, or transport question.",domain_in_record|strong_method_in_record|classifier_method|outcome_or_treatment_in_title|second_stage_not_direct,false
1768,MED:37104057,37104057,PMC10683941,10.1093/bjs/znad103,context,exclude,low,no_relevant_discordance_stability_or_classifier_method,false,Neoadjuvant systemic therapy for breast cancer.,"Second-stage review finds outcome, treatment, biomarker, taxonomy, or general molecular content without a direct contribution to the locked classifier reliability, uncertainty, preprocessing, or transport question.",outcome_or_treatment_in_title|second_stage_not_direct,false
1812,MED:37585627,37585627,,10.1056/nejmoa2302344,context,exclude,moderate,no_relevant_discordance_stability_or_classifier_method,true,Omitting Radiotherapy after Breast-Conserving Surgery in Luminal A Breast Cancer.,"Second-stage review finds outcome, treatment, biomarker, taxonomy, or general molecular content without a direct contribution to the locked classifier reliability, uncertainty, preprocessing, or transport question.",domain_in_record|strong_method_in_record|classifier_method|second_stage_not_direct,false
1859,MED:34667023,34667023,PMC9401542,10.1158/1078-0432.ccr-21-2260,context,exclude,moderate,no_relevant_discordance_stability_or_classifier_method,true,Neoadjuvant Chemotherapy and Immunotherapy in Luminal B-like Breast Cancer: Results of the Phase II GIADA Trial.,"Second-stage review finds outcome, treatment, biomarker, taxonomy, or general molecular content without a direct contribution to the locked classifier reliability, uncertainty, preprocessing, or transport question.",domain_in_record|strong_method_in_record|classifier_method|outcome_or_treatment_in_title|second_stage_not_direct,false
1912,MED:35568835,35568835,PMC9107692,10.1186/s12885-022-09656-4,context,exclude,moderate,no_relevant_discordance_stability_or_classifier_method,true,Prognostic significance of different molecular typing methods and immune status based on RNA sequencing in HR-positive and HER2-negative early-stage breast cancer.,"Second-stage review finds outcome, treatment, biomarker, taxonomy, or general molecular content without a direct contribution to the locked classifier reliability, uncertainty, preprocessing, or transport question.",domain_in_record|strong_method_in_record|classifier_method|outcome_or_treatment_in_title|second_stage_not_direct,false
1939,MED:35973227,35973227,PMC9628732,10.1158/1055-9965.epi-22-0013,context,exclude,moderate,no_relevant_discordance_stability_or_classifier_method,true,Obesity and Breast Cancer Metastasis across Genomic Subtypes.,"Second-stage review finds outcome, treatment, biomarker, taxonomy, or general molecular content without a direct contribution to the locked classifier reliability, uncertainty, preprocessing, or transport question.",domain_in_record|strong_method_in_record|classifier_method|second_stage_not_direct,false
1940,MED:35987149,35987149,,10.1016/j.ctrv.2022.102454,context,exclude,moderate,no_relevant_discordance_stability_or_classifier_method,true,Tailoring neoadjuvant treatment of HR-positive/HER2-negative breast cancers: Which role for gene expression assays?,"Second-stage review finds outcome, treatment, biomarker, taxonomy, or general molecular content without a direct contribution to the locked classifier reliability, uncertainty, preprocessing, or transport question.",domain_in_record|strong_method_in_record|classifier_method|second_stage_not_direct,false
2007,MED:33534788,33534788,PMC7857737,10.1371/journal.pone.0245042,context,exclude,moderate,no_relevant_discordance_stability_or_classifier_method,true,Survival outcomes are associated with genomic instability in luminal breast cancers.,"Second-stage review finds outcome, treatment, biomarker, taxonomy, or general molecular content without a direct contribution to the locked classifier reliability, uncertainty, preprocessing, or transport question.",domain_in_record|strong_method_in_record|classifier_method|outcome_or_treatment_in_title|second_stage_not_direct,false
2013,MED:33688252,33688252,PMC7935333,10.2147/cmar.s295951,context,exclude,moderate,no_relevant_discordance_stability_or_classifier_method,true,Identification of Hub Genes and Pathways of Triple Negative Breast Cancer by Expression Profiles Analysis.,"Second-stage review finds outcome, treatment, biomarker, taxonomy, or general molecular content without a direct contribution to the locked classifier reliability, uncertainty, preprocessing, or transport question.",domain_in_record|strong_method_in_record|classifier_method|second_stage_not_direct,false
2035,MED:33947744,33947744,PMC8104131,10.1158/1055-9965.epi-20-1193,context,exclude,low,no_relevant_discordance_stability_or_classifier_method,false,Cancer Progress and Priorities: Breast Cancer.,"Second-stage review finds outcome, treatment, biomarker, taxonomy, or general molecular content without a direct contribution to the locked classifier reliability, uncertainty, preprocessing, or transport question.",second_stage_not_direct,false
2067,MED:34312396,34312396,PMC8313692,10.1038/s41523-021-00301-0,context,exclude,moderate,no_relevant_discordance_stability_or_classifier_method,true,Evaluation of multiple transcriptomic gene risk signatures in male breast cancer.,"Second-stage review finds outcome, treatment, biomarker, taxonomy, or general molecular content without a direct contribution to the locked classifier reliability, uncertainty, preprocessing, or transport question.",domain_in_record|strong_method_in_record|classifier_method|second_stage_not_direct,false
2076,MED:34461263,34461263,,10.1016/j.annonc.2021.08.1993,context,exclude,high,review_editorial_or_commentary_for_citation_chaining_only,false,Gene expression signatures for tailoring adjuvant chemotherapy of luminal breast cancer: the pathologists' perspective.,"Second-stage review identifies secondary, guideline, commentary, or perspective literature retained only for citation chaining.",classifier_method|outcome_or_treatment_in_title|second_stage_not_direct,false
2123,MED:31037288,31037288,PMC7850037,10.1093/jnci/djz042,context,exclude,moderate,no_relevant_discordance_stability_or_classifier_method,true,HER2-Enriched Subtype and ERBB2 Expression in HER2-Positive Breast Cancer Treated with Dual HER2 Blockade.,"Second-stage review finds outcome, treatment, biomarker, taxonomy, or general molecular content without a direct contribution to the locked classifier reliability, uncertainty, preprocessing, or transport question.",domain_in_record|strong_method_in_record|classifier_method|second_stage_not_direct,false
2134,MED:31742342,31742342,PMC7357313,10.1093/jnci/djz206,context,exclude,moderate,no_relevant_discordance_stability_or_classifier_method,true,Borderline Estrogen Receptor-Positive Breast Cancers in Black and White Women.,"Second-stage review finds outcome, treatment, biomarker, taxonomy, or general molecular content without a direct contribution to the locked classifier reliability, uncertainty, preprocessing, or transport question.",domain_in_record|strong_method_in_record|classifier_method|second_stage_not_direct,false
2168,MED:32284770,32284770,PMC7143374,,context,exclude,moderate,no_relevant_discordance_stability_or_classifier_method,true,Gene Expression Profiling Tests for Early-Stage Invasive Breast Cancer: A Health Technology Assessment.,"Second-stage review finds outcome, treatment, biomarker, taxonomy, or general molecular content without a direct contribution to the locked classifier reliability, uncertainty, preprocessing, or transport question.",domain_in_record|strong_method_in_record|classifier_method|second_stage_not_direct,false
2176,MED:32380759,32380759,PMC7281553,10.3390/cancers12051165,context,exclude,moderate,no_relevant_discordance_stability_or_classifier_method,true,Hormone Receptor-Status Prediction in Breast Cancer Using Gene Expression Profiles and Their Macroscopic Landscape.,"Second-stage review finds outcome, treatment, biomarker, taxonomy, or general molecular content without a direct contribution to the locked classifier reliability, uncertainty, preprocessing, or transport question.",domain_in_record|strong_method_in_record|classifier_method|second_stage_not_direct,false
2191,MED:32528885,32528885,PMC7263173,10.3389/fonc.2020.00783,context,exclude,moderate,no_relevant_discordance_stability_or_classifier_method,true,DGM-CM6: A New Model to Predict Distant Recurrence Risk in Operable Endocrine-Responsive Breast Cancer.,"Second-stage review finds outcome, treatment, biomarker, taxonomy, or general molecular content without a direct contribution to the locked classifier reliability, uncertainty, preprocessing, or transport question.",domain_in_record|strong_method_in_record|classifier_method|outcome_or_treatment_in_title|second_stage_not_direct,false
2224,MED:32987715,32987715,PMC7598687,10.3390/cancers12102742,context,exclude,moderate,no_relevant_discordance_stability_or_classifier_method,true,PIWI-Like 1 and PIWI-Like 2 Expression in Breast Cancer.,"Second-stage review finds outcome, treatment, biomarker, taxonomy, or general molecular content without a direct contribution to the locked classifier reliability, uncertainty, preprocessing, or transport question.",domain_in_record|strong_method_in_record|classifier_method|second_stage_not_direct,false
2242,MED:33313083,33313083,PMC7723614,10.21037/atm-20-3216,context,exclude,low,no_relevant_discordance_stability_or_classifier_method,false,Cyclin-dependent kinases 4 and 6 inhibitors (CDK4/6i) versus chemotherapy in luminal B early breast cancer: lessons from the CORALLEEN trial.,"Second-stage review finds outcome, treatment, biomarker, taxonomy, or general molecular content without a direct contribution to the locked classifier reliability, uncertainty, preprocessing, or transport question.",outcome_or_treatment_in_title|second_stage_not_direct,false
2244,MED:33369357,33369357,,10.1056/nejmra1307118,context,exclude,low,no_relevant_discordance_stability_or_classifier_method,false,"Systemic Therapy for Estrogen Receptor-Positive, HER2-Negative Breast Cancer.","Second-stage review finds outcome, treatment, biomarker, taxonomy, or general molecular content without a direct contribution to the locked classifier reliability, uncertainty, preprocessing, or transport question.",outcome_or_treatment_in_title|second_stage_not_direct,false
2251,MED:36238609,36238609,PMC9431911,10.3348/jksr.2020.81.3.632,context,exclude,moderate,no_relevant_discordance_stability_or_classifier_method,true,Correlation between MR Image-Based Radiomics Features and Risk Scores Associated with Gene Expression Profiles in Breast Cancer.,"Second-stage review finds outcome, treatment, biomarker, taxonomy, or general molecular content without a direct contribution to the locked classifier reliability, uncertainty, preprocessing, or transport question.",domain_in_record|strong_method_in_record|classifier_method|second_stage_not_direct,false
2263,MED:30342055,30342055,,10.1016/j.humpath.2018.10.005,context,exclude,low,no_relevant_discordance_stability_or_classifier_method,false,Subtypes in BRCA-mutated breast cancer.,"Second-stage review finds outcome, treatment, biomarker, taxonomy, or general molecular content without a direct contribution to the locked classifier reliability, uncertainty, preprocessing, or transport question.",classifier_method|second_stage_not_direct,false
2319,MED:31174485,31174485,PMC6556009,10.1186/s12885-019-5752-8,context,exclude,moderate,no_relevant_discordance_stability_or_classifier_method,true,"Characterization of molecular scores and gene expression signatures in primary breast cancer, local recurrences and brain metastases.","Second-stage review finds outcome, treatment, biomarker, taxonomy, or general molecular content without a direct contribution to the locked classifier reliability, uncertainty, preprocessing, or transport question.",domain_in_record|strong_method_in_record|classifier_method|second_stage_not_direct,false
2323,MED:31214499,31214499,PMC6558017,10.3389/fonc.2019.00454,context,exclude,moderate,no_relevant_discordance_stability_or_classifier_method,true,Should a Multigene Signature be Used in all Luminal Early Breast Cancers.,"Second-stage review finds outcome, treatment, biomarker, taxonomy, or general molecular content without a direct contribution to the locked classifier reliability, uncertainty, preprocessing, or transport question.",domain_in_record|strong_method_in_record|classifier_method|second_stage_not_direct,false
2373,MED:29138345,29138345,PMC6103440,10.1158/1078-0432.ccr-17-0996,context,exclude,moderate,no_relevant_discordance_stability_or_classifier_method,true,Novel Predictors of Breast Cancer Survival Derived from miRNA Activity Analysis.,"Second-stage review finds outcome, treatment, biomarker, taxonomy, or general molecular content without a direct contribution to the locked classifier reliability, uncertainty, preprocessing, or transport question.",domain_in_record|strong_method_in_record|classifier_method|outcome_or_treatment_in_title|second_stage_not_direct,false
2395,MED:29573665,29573665,,10.1016/j.ejca.2018.02.018,context,exclude,moderate,no_relevant_discordance_stability_or_classifier_method,true,Outcomes of single versus double hormone receptor-positive breast cancer. A GEICAM/9906 sub-study.,"Second-stage review finds outcome, treatment, biomarker, taxonomy, or general molecular content without a direct contribution to the locked classifier reliability, uncertainty, preprocessing, or transport question.",domain_in_record|strong_method_in_record|classifier_method|second_stage_not_direct,false
2397,MED:29588372,29588372,,10.1136/jclinpath-2017-204976,context,exclude,moderate,no_relevant_discordance_stability_or_classifier_method,true,Prognostic value of Ki67 analysed by cytology or histology in primary breast cancer.,"Second-stage review finds outcome, treatment, biomarker, taxonomy, or general molecular content without a direct contribution to the locked classifier reliability, uncertainty, preprocessing, or transport question.",domain_in_record|strong_method_in_record|classifier_method|outcome_or_treatment_in_title|second_stage_not_direct,false
2405,MED:29748761,29748761,PMC7195858,10.1007/s10549-018-4816-9,context,exclude,moderate,no_relevant_discordance_stability_or_classifier_method,true,Gene expression in triple-negative breast cancer in relation to survival.,"Second-stage review finds outcome, treatment, biomarker, taxonomy, or general molecular content without a direct contribution to the locked classifier reliability, uncertainty, preprocessing, or transport question.",domain_in_record|strong_method_in_record|classifier_method|outcome_or_treatment_in_title|second_stage_not_direct,false
2411,MED:29845110,29845110,PMC5964115,10.1038/s41523-018-0063-9,context,exclude,low,no_relevant_discordance_stability_or_classifier_method,false,Prognostic gene expression assays in breast cancer: are two better than one?,"Second-stage review finds outcome, treatment, biomarker, taxonomy, or general molecular content without a direct contribution to the locked classifier reliability, uncertainty, preprocessing, or transport question.",classifier_method|outcome_or_treatment_in_title|second_stage_not_direct,false
2420,MED:29951581,29951581,PMC6018637,10.1038/s41523-018-0067-5,context,exclude,moderate,no_relevant_discordance_stability_or_classifier_method,true,"TP53 protein levels, RNA-based pathway assessment, and race among invasive breast cancer cases.","Second-stage review finds outcome, treatment, biomarker, taxonomy, or general molecular content without a direct contribution to the locked classifier reliability, uncertainty, preprocessing, or transport question.",domain_in_record|strong_method_in_record|classifier_method|second_stage_not_direct,false
2450,MED:30311638,30311638,PMC6294689,10.1002/cncr.31776,context,exclude,moderate,no_relevant_discordance_stability_or_classifier_method,true,Differences in molecular features of triple-negative breast cancers based on the age at diagnosis.,"Second-stage review finds outcome, treatment, biomarker, taxonomy, or general molecular content without a direct contribution to the locked classifier reliability, uncertainty, preprocessing, or transport question.",domain_in_record|strong_method_in_record|classifier_method|second_stage_not_direct,false
2468,MED:31360851,31360851,PMC6649719,10.1093/jncics/pky019,context,exclude,low,no_relevant_discordance_stability_or_classifier_method,false,Gene Expression Analyses in Breast Cancer: Sample Matters.,"Second-stage review finds outcome, treatment, biomarker, taxonomy, or general molecular content without a direct contribution to the locked classifier reliability, uncertainty, preprocessing, or transport question.",classifier_method|second_stage_not_direct,false
2501,MED:28238312,28238312,,10.1016/j.gofs.2016.12.006,context,exclude,low,no_relevant_discordance_stability_or_classifier_method,false,[Breast cancer management: The change is now!],"Second-stage review finds outcome, treatment, biomarker, taxonomy, or general molecular content without a direct contribution to the locked classifier reliability, uncertainty, preprocessing, or transport question.",second_stage_not_direct,false
2512,MED:28376177,28376177,PMC6059180,10.1093/jnci/djw317,context,exclude,moderate,no_relevant_discordance_stability_or_classifier_method,true,Progesterone Receptor Isoform Ratio: A Breast Cancer Prognostic and Predictive Factor for Antiprogestin Responsiveness.,"Second-stage review finds outcome, treatment, biomarker, taxonomy, or general molecular content without a direct contribution to the locked classifier reliability, uncertainty, preprocessing, or transport question.",domain_in_record|strong_method_in_record|classifier_method|outcome_or_treatment_in_title|second_stage_not_direct,false
2566,MED:29168649,29168649,,10.2217/fon-2017-0427,context,exclude,low,no_relevant_discordance_stability_or_classifier_method,false,Utility of molecular tools for extended adjuvant endocrine therapy decisions in early breast cancer.,"Second-stage review finds outcome, treatment, biomarker, taxonomy, or general molecular content without a direct contribution to the locked classifier reliability, uncertainty, preprocessing, or transport question.",outcome_or_treatment_in_title|second_stage_not_direct,false
2569,MED:29228969,29228969,PMC5725885,10.1186/s13058-017-0914-6,context,exclude,moderate,no_relevant_discordance_stability_or_classifier_method,true,Race-associated biological differences among luminal A and basal-like breast cancers in the Carolina Breast Cancer Study.,"Second-stage review finds outcome, treatment, biomarker, taxonomy, or general molecular content without a direct contribution to the locked classifier reliability, uncertainty, preprocessing, or transport question.",domain_in_record|strong_method_in_record|classifier_method|second_stage_not_direct,false
2576,MED:31360834,31360834,PMC6649766,10.1093/jncics/pkx008,context,exclude,moderate,no_relevant_discordance_stability_or_classifier_method,true,Gene Expression Assays for Early-Stage Hormone Receptor-Positive Breast Cancer: Understanding the Differences.,"Second-stage review finds outcome, treatment, biomarker, taxonomy, or general molecular content without a direct contribution to the locked classifier reliability, uncertainty, preprocessing, or transport question.",domain_in_record|strong_method_in_record|classifier_method|second_stage_not_direct,false
2593,MED:26711328,26711328,PMC4779705,10.1158/1055-9965.epi-15-0874,context,include,high,,true,Performance of Three-Biomarker Immunohistochemistry for Intrinsic Breast Cancer Subtyping in the AMBER Consortium.,"Second-stage review identifies a direct classifier, assay, platform, specimen, normalization, or implementation-comparison contribution relevant to the locked reliability question.",domain_in_record|strong_method_in_record|classifier_method|second_stage_direct_method,false
2606,MED:26867046,26867046,,10.3310/hta20100,context,exclude,moderate,no_relevant_discordance_stability_or_classifier_method,true,OPTIMA prelim: a randomised feasibility study of personalised care in the treatment of women with early breast cancer.,"Second-stage review finds outcome, treatment, biomarker, taxonomy, or general molecular content without a direct contribution to the locked classifier reliability, uncertainty, preprocessing, or transport question.",domain_in_record|strong_method_in_record|classifier_method|second_stage_not_direct,false
2612,MED:26916072,26916072,,10.1038/modpathol.2016.34,context,exclude,moderate,no_relevant_discordance_stability_or_classifier_method,true,Digital image analysis outperforms manual biomarker assessment in breast cancer.,"Second-stage review finds outcome, treatment, biomarker, taxonomy, or general molecular content without a direct contribution to the locked classifier reliability, uncertainty, preprocessing, or transport question.",domain_in_record|strong_method_in_record|classifier_method|second_stage_not_direct,false
2627,MED:27036195,27036195,PMC4818440,10.1186/s13058-016-0696-2,context,include,high,,true,Heterogeneity in global gene expression profiles between biopsy specimens taken peri-surgically from primary ER-positive breast carcinomas.,"Second-stage review identifies a direct classifier, assay, platform, specimen, normalization, or implementation-comparison contribution relevant to the locked reliability question.",domain_in_record|strong_method_in_record|classifier_method|second_stage_direct_method,false
2629,MED:27082076,27082076,,10.1002/ijc.30142,context,exclude,moderate,no_relevant_discordance_stability_or_classifier_method,true,Subtype-specific micro-RNA expression signatures in breast cancer progression.,"Second-stage review finds outcome, treatment, biomarker, taxonomy, or general molecular content without a direct contribution to the locked classifier reliability, uncertainty, preprocessing, or transport question.",domain_in_record|strong_method_in_record|classifier_method|second_stage_not_direct,false
2646,MED:27312054,27312054,,10.1016/s1470-2045(16)30092-4,context,exclude,low,no_relevant_discordance_stability_or_classifier_method,false,SPAG5: the ultimate marker of proliferation in early breast cancer?,"Second-stage review finds outcome, treatment, biomarker, taxonomy, or general molecular content without a direct contribution to the locked classifier reliability, uncertainty, preprocessing, or transport question.",second_stage_not_direct,false
2663,MED:27488523,27488523,PMC5026589,10.1158/0008-5472.can-15-3307,context,exclude,moderate,no_relevant_discordance_stability_or_classifier_method,true,Exercise and Prognosis on the Basis of Clinicopathologic and Molecular Features in Early-Stage Breast Cancer: The LACE and Pathways Studies.,"Second-stage review finds outcome, treatment, biomarker, taxonomy, or general molecular content without a direct contribution to the locked classifier reliability, uncertainty, preprocessing, or transport question.",domain_in_record|strong_method_in_record|classifier_method|outcome_or_treatment_in_title|second_stage_not_direct,false
2676,MED:27634900,27634900,PMC5356595,10.18632/oncotarget.11998,context,exclude,moderate,no_relevant_discordance_stability_or_classifier_method,true,Comprehensive landscape of subtype-specific coding and non-coding RNA transcripts in breast cancer.,"Second-stage review finds outcome, treatment, biomarker, taxonomy, or general molecular content without a direct contribution to the locked classifier reliability, uncertainty, preprocessing, or transport question.",domain_in_record|strong_method_in_record|classifier_method|second_stage_not_direct,false
2713,MED:25624431,25624431,,10.1200/jco.2014.58.2361,context,exclude,low,no_relevant_discordance_stability_or_classifier_method,false,Treatment with adjuvant endocrine therapy for early-stage breast cancer: is it forever?,"Second-stage review finds outcome, treatment, biomarker, taxonomy, or general molecular content without a direct contribution to the locked classifier reliability, uncertainty, preprocessing, or transport question.",outcome_or_treatment_in_title|second_stage_not_direct,false
2752,MED:25939896,25939896,PMC4511219,10.1093/annonc/mdv221,context,exclude,high,review_editorial_or_commentary_for_citation_chaining_only,true,Tailoring therapies--improving the management of early breast cancer: St Gallen International Expert Consensus on the Primary Therapy of Early Breast Cancer 2015.,"Second-stage review identifies secondary, guideline, commentary, or perspective literature retained only for citation chaining.",domain_in_record|strong_method_in_record|classifier_method|outcome_or_treatment_in_title|second_stage_not_direct,false
2790,MED:26437901,26437901,PMC4595063,10.1186/s12916-015-0496-z,context,exclude,moderate,no_relevant_discordance_stability_or_classifier_method,true,"Molecular essence and endocrine responsiveness of estrogen receptor-negative, progesterone receptor-positive, and HER2-negative breast cancer.","Second-stage review finds outcome, treatment, biomarker, taxonomy, or general molecular content without a direct contribution to the locked classifier reliability, uncertainty, preprocessing, or transport question.",domain_in_record|strong_method_in_record|classifier_method|second_stage_not_direct,false
2794,MED:26467471,26467471,,10.1093/annonc/mdv478,context,exclude,low,no_relevant_discordance_stability_or_classifier_method,false,Guidelines for time-to-event end point definitions in breast cancer trials: results of the DATECAN initiative (Definition for the Assessment of Time-to-event Endpoints in CANcer trials).,"Second-stage review finds outcome, treatment, biomarker, taxonomy, or general molecular content without a direct contribution to the locked classifier reliability, uncertainty, preprocessing, or transport question.",second_stage_not_direct,false
2821,MED:24356621,24356621,,10.1093/annonc/mdt427,context,exclude,moderate,no_relevant_discordance_stability_or_classifier_method,true,Construction of novel immune-related signature for prediction of pathological complete response to neoadjuvant chemotherapy in human breast cancer.,"Second-stage review finds outcome, treatment, biomarker, taxonomy, or general molecular content without a direct contribution to the locked classifier reliability, uncertainty, preprocessing, or transport question.",domain_in_record|strong_method_in_record|classifier_method|outcome_or_treatment_in_title|second_stage_not_direct,false
2837,MED:24645668,24645668,PMC4000128,10.1186/1471-2407-14-211,context,exclude,moderate,no_relevant_discordance_stability_or_classifier_method,true,Systematic assessment of prognostic gene signatures for breast cancer shows distinct influence of time and ER status.,"Second-stage review finds outcome, treatment, biomarker, taxonomy, or general molecular content without a direct contribution to the locked classifier reliability, uncertainty, preprocessing, or transport question.",domain_in_record|strong_method_in_record|classifier_method|outcome_or_treatment_in_title|second_stage_not_direct,false
2875,MED:25118204,25118204,,10.1093/jnci/dju211,context,exclude,high,review_editorial_or_commentary_for_citation_chaining_only,false,Back to the basis: breast cancer heterogeneity from an etiological perspective.,"Second-stage review identifies secondary, guideline, commentary, or perspective literature retained only for citation chaining.",second_stage_not_direct,false
2925,MED:23396049,23396049,PMC6156084,10.1158/1078-0432.ccr-12-2549,context,exclude,moderate,no_relevant_discordance_stability_or_classifier_method,true,Uncovering the molecular secrets of inflammatory breast cancer biology: an integrated analysis of three distinct affymetrix gene expression datasets.,"Second-stage review finds outcome, treatment, biomarker, taxonomy, or general molecular content without a direct contribution to the locked classifier reliability, uncertainty, preprocessing, or transport question.",domain_in_record|strong_method_in_record|classifier_method|second_stage_not_direct,false
2927,MED:23404817,23404817,PMC3579595,10.1634/theoncologist.2012-0397,context,exclude,moderate,no_relevant_discordance_stability_or_classifier_method,true,Molecular characterization of basal-like and non-basal-like triple-negative breast cancer.,"Second-stage review finds outcome, treatment, biomarker, taxonomy, or general molecular content without a direct contribution to the locked classifier reliability, uncertainty, preprocessing, or transport question.",domain_in_record|strong_method_in_record|classifier_method|second_stage_not_direct,false
2935,MED:23569319,23569319,,10.1200/jco.2012.48.4998,context,exclude,low,no_relevant_discordance_stability_or_classifier_method,false,Dual human epidermal growth factor receptor 2 (HER2) blockade and hormonal therapy for the treatment of primary HER2-positive breast cancer: one more step toward chemotherapy-free therapy.,"Second-stage review finds outcome, treatment, biomarker, taxonomy, or general molecular content without a direct contribution to the locked classifier reliability, uncertainty, preprocessing, or transport question.",outcome_or_treatment_in_title|second_stage_not_direct,false
2943,MED:23697991,23697991,PMC3727144,10.1158/1078-0432.ccr-13-0623,context,exclude,moderate,no_relevant_discordance_stability_or_classifier_method,true,Lactate dehydrogenase B: a metabolic marker of response to neoadjuvant chemotherapy in breast cancer.,"Second-stage review finds outcome, treatment, biomarker, taxonomy, or general molecular content without a direct contribution to the locked classifier reliability, uncertainty, preprocessing, or transport question.",domain_in_record|strong_method_in_record|classifier_method|outcome_or_treatment_in_title|second_stage_not_direct,false
2960,MED:23960187,23960187,PMC3780642,10.1634/theoncologist.2013-0121,context,exclude,low,no_relevant_discordance_stability_or_classifier_method,false,Difference in therapeutic response between basal and nonbasal triple-negative breast cancers.,"Second-stage review finds outcome, treatment, biomarker, taxonomy, or general molecular content without a direct contribution to the locked classifier reliability, uncertainty, preprocessing, or transport question.",outcome_or_treatment_in_title|second_stage_not_direct,false
2990,MED:26217109,26217109,PMC4041408,10.1016/j.ejcsup.2013.07.029,context,exclude,low,no_relevant_discordance_stability_or_classifier_method,false,Optimal approach in early breast cancer: Adjuvant and neoadjuvant treatment.,"Second-stage review finds outcome, treatment, biomarker, taxonomy, or general molecular content without a direct contribution to the locked classifier reliability, uncertainty, preprocessing, or transport question.",second_stage_not_direct,false
2993,MED:21452023,21452023,,10.1007/s10549-011-1457-7,context,exclude,moderate,no_relevant_discordance_stability_or_classifier_method,true,bc-GenExMiner: an easy-to-use online platform for gene prognostic analyses in breast cancer.,"Second-stage review finds outcome, treatment, biomarker, taxonomy, or general molecular content without a direct contribution to the locked classifier reliability, uncertainty, preprocessing, or transport question.",domain_in_record|strong_method_in_record|classifier_method|outcome_or_treatment_in_title|second_stage_not_direct,false
3007,MED:22203580,22203580,,10.1007/s12282-011-0314-1,context,exclude,low,no_relevant_discordance_stability_or_classifier_method,false,Should we treat minimal breast cancer lesions?,"Second-stage review finds outcome, treatment, biomarker, taxonomy, or general molecular content without a direct contribution to the locked classifier reliability, uncertainty, preprocessing, or transport question.",second_stage_not_direct,false
3034,MED:22642766,22642766,,10.1111/j.1365-2559.2012.04262.x,context,exclude,low,no_relevant_discordance_stability_or_classifier_method,false,Variable performance of commercial epidermal growth factor receptor antibodies in detection of basal-like breast cancer.,"Second-stage review finds outcome, treatment, biomarker, taxonomy, or general molecular content without a direct contribution to the locked classifier reliability, uncertainty, preprocessing, or transport question.",second_stage_not_direct,false
3057,MED:23166150,23166150,,10.1093/annonc/mds586,context,exclude,moderate,no_relevant_discordance_stability_or_classifier_method,true,Molecular subclasses of breast cancer: how do we define them? The IMPAKT 2012 Working Group Statement.,"Second-stage review finds outcome, treatment, biomarker, taxonomy, or general molecular content without a direct contribution to the locked classifier reliability, uncertainty, preprocessing, or transport question.",domain_in_record|strong_method_in_record|classifier_method|second_stage_not_direct,false
3063,MED:20694745,20694745,,10.1007/s10549-010-1105-7,context,exclude,low,no_relevant_discordance_stability_or_classifier_method,false,Dead-box or black-box: is DDX1 a potential biomarker in breast cancer?,"Second-stage review finds outcome, treatment, biomarker, taxonomy, or general molecular content without a direct contribution to the locked classifier reliability, uncertainty, preprocessing, or transport question.",second_stage_not_direct,false
3074,MED:21319263,21319263,,10.1002/gcc.20846,context,exclude,low,no_relevant_discordance_stability_or_classifier_method,false,Expression status of the autophagy-regulatory gene ATG6/BECN1 in ERBB2-positive breast carcinomas: bypassing ERBB2-induced oncogenic senescence to regulate the efficacy of ERBB2-targeted therapies.,"Second-stage review finds outcome, treatment, biomarker, taxonomy, or general molecular content without a direct contribution to the locked classifier reliability, uncertainty, preprocessing, or transport question.",second_stage_not_direct,false
3083,MED:21435434,21435434,PMC3078442,10.1016/j.ajpath.2010.12.042,context,exclude,moderate,no_relevant_discordance_stability_or_classifier_method,true,"Assessment of Topoisomerase II α status in breast cancer by quantitative PCR, gene expression microarrays, immunohistochemistry, and fluorescence in situ hybridization.","Second-stage review finds outcome, treatment, biomarker, taxonomy, or general molecular content without a direct contribution to the locked classifier reliability, uncertainty, preprocessing, or transport question.",domain_in_record|strong_method_in_record|classifier_method|second_stage_not_direct,false
3086,MED:21447809,21447809,,10.1093/jnci/djr072,context,exclude,low,no_relevant_discordance_stability_or_classifier_method,false,Understanding the estrogen receptor-positive breast cancer genome: not even the end of the beginning.,"Second-stage review finds outcome, treatment, biomarker, taxonomy, or general molecular content without a direct contribution to the locked classifier reliability, uncertainty, preprocessing, or transport question.",second_stage_not_direct,false
3091,MED:21568672,21568672,,10.2217/fon.11.34,context,exclude,low,no_relevant_discordance_stability_or_classifier_method,false,Gene signatures of genomic instability as prognostic tools for breast cancer.,"Second-stage review finds outcome, treatment, biomarker, taxonomy, or general molecular content without a direct contribution to the locked classifier reliability, uncertainty, preprocessing, or transport question.",outcome_or_treatment_in_title|second_stage_not_direct,false
3114,MED:22044755,22044755,PMC3216859,10.1186/1755-8794-4-77,context,exclude,moderate,no_relevant_discordance_stability_or_classifier_method,true,Gene expression profiles of breast biopsies from healthy women identify a group with claudin-low features.,"Second-stage review finds outcome, treatment, biomarker, taxonomy, or general molecular content without a direct contribution to the locked classifier reliability, uncertainty, preprocessing, or transport question.",domain_in_record|strong_method_in_record|classifier_method|second_stage_not_direct,false
3115,MED:22046260,22046260,PMC3202518,10.1371/journal.pone.0026177,context,exclude,moderate,no_relevant_discordance_stability_or_classifier_method,true,Altered expression of insulin receptor isoforms in breast cancer.,"Second-stage review finds outcome, treatment, biomarker, taxonomy, or general molecular content without a direct contribution to the locked classifier reliability, uncertainty, preprocessing, or transport question.",domain_in_record|strong_method_in_record|classifier_method|second_stage_not_direct,false
3127,MED:20012355,20012355,PMC5892182,10.1007/s10549-009-0651-3,context,exclude,moderate,no_relevant_discordance_stability_or_classifier_method,true,Gene expression pathway analysis to predict response   to neoadjuvant docetaxel and capecitabine for breast cancer.,"Second-stage review finds outcome, treatment, biomarker, taxonomy, or general molecular content without a direct contribution to the locked classifier reliability, uncertainty, preprocessing, or transport question.",domain_in_record|strong_method_in_record|classifier_method|outcome_or_treatment_in_title|second_stage_not_direct,false
3136,MED:20101603,20101603,,10.1002/cncr.24956,context,exclude,low,no_relevant_discordance_stability_or_classifier_method,false,Detection and treatment key topics at annual Breast Cancer Symposium.,"Second-stage review finds outcome, treatment, biomarker, taxonomy, or general molecular content without a direct contribution to the locked classifier reliability, uncertainty, preprocessing, or transport question.",second_stage_not_direct,false
3140,MED:20194835,20194835,,10.1200/jco.2009.27.1080,context,exclude,low,no_relevant_discordance_stability_or_classifier_method,false,Molecular predictors of locoregional recurrence in breast cancer: ready for prime time?,"Second-stage review finds outcome, treatment, biomarker, taxonomy, or general molecular content without a direct contribution to the locked classifier reliability, uncertainty, preprocessing, or transport question.",classifier_method|outcome_or_treatment_in_title|second_stage_not_direct,false
3144,MED:20369285,20369285,,10.1007/s10549-010-0874-3,context,exclude,low,no_relevant_discordance_stability_or_classifier_method,false,Is there a role for ovarian function suppression in operable breast cancer?,"Second-stage review finds outcome, treatment, biomarker, taxonomy, or general molecular content without a direct contribution to the locked classifier reliability, uncertainty, preprocessing, or transport question.",second_stage_not_direct,false
3155,MED:20519684,20519684,,10.1056/nejme1003854,context,exclude,low,no_relevant_discordance_stability_or_classifier_method,false,Taxane-based chemotherapy for node-positive breast cancer--take-home lessons.,"Second-stage review finds outcome, treatment, biomarker, taxonomy, or general molecular content without a direct contribution to the locked classifier reliability, uncertainty, preprocessing, or transport question.",outcome_or_treatment_in_title|second_stage_not_direct,false
3185,MED:21206711,21206711,PMC3009437,10.4103/0971-5851.73588,context,exclude,low,no_relevant_discordance_stability_or_classifier_method,false,Cisplatin as neoadjuvant chemotherapy in triple negative breast cancer: Exciting early results.,"Second-stage review finds outcome, treatment, biomarker, taxonomy, or general molecular content without a direct contribution to the locked classifier reliability, uncertainty, preprocessing, or transport question.",outcome_or_treatment_in_title|second_stage_not_direct,false
3201,MED:20005177,20005177,,10.1016/s1470-2045(09)70347-x,context,exclude,low,no_relevant_discordance_stability_or_classifier_method,false,First-generation genomic tests for breast cancer treatment.,"Second-stage review finds outcome, treatment, biomarker, taxonomy, or general molecular content without a direct contribution to the locked classifier reliability, uncertainty, preprocessing, or transport question.",second_stage_not_direct,false
3202,MED:20030862,20030862,PMC2797691,10.1186/bcr2430,context,exclude,low,no_relevant_discordance_stability_or_classifier_method,false,Gene expression profiling of breast cancer.,"Second-stage review finds outcome, treatment, biomarker, taxonomy, or general molecular content without a direct contribution to the locked classifier reliability, uncertainty, preprocessing, or transport question.",classifier_method|second_stage_not_direct,false
3222,MED:17018753,17018753,,10.1093/annonc/mdl238,context,exclude,low,no_relevant_discordance_stability_or_classifier_method,false,Meta-analyses of adjuvant therapies for women with early breast cancer: the Early Breast Cancer Trialists' Collaborative Group overview.,"Second-stage review finds outcome, treatment, biomarker, taxonomy, or general molecular content without a direct contribution to the locked classifier reliability, uncertainty, preprocessing, or transport question.",second_stage_not_direct,false
3242,MED:4357247,4357247,,10.1016/0026-0495(74)90106-1,context,exclude,low,no_relevant_discordance_stability_or_classifier_method,false,Hormone dependence in breast cancer.,"Second-stage review finds outcome, treatment, biomarker, taxonomy, or general molecular content without a direct contribution to the locked classifier reliability, uncertainty, preprocessing, or transport question.",second_stage_not_direct,false
3246,MED:41707654,41707654,PMC12923980,10.1016/j.xcrm.2026.102611,context,exclude,moderate,no_relevant_discordance_stability_or_classifier_method,true,DeCAF defines clinical fibroblast subtypes and multidimensional tumor-stroma crosstalk shaping prognosis and immunotherapy response.,"Second-stage review finds outcome, treatment, biomarker, taxonomy, or general molecular content without a direct contribution to the locked classifier reliability, uncertainty, preprocessing, or transport question.",domain_in_record|strong_method_in_record|classifier_method|outcome_or_treatment_in_title|second_stage_not_direct,false
3252,MED:41999515,41999515,PMC13260167,10.1007/s10911-026-09608-9,context,exclude,high,nonhuman_or_no_primary_human_tumor_cohort,true,Expression of Estrogen Receptor Alpha and Ki-67 in Synchronous Canine Mammary Tumors.,Second-stage review identifies a nonhuman study outside the primary human-tumor evidence requirement.,domain_in_record|strong_method_in_record|classifier_method|second_stage_not_direct,false
3265,MED:40489916,40489916,,10.1016/j.compbiomed.2025.110546,context,exclude,moderate,no_relevant_discordance_stability_or_classifier_method,true,Refining housekeeping genes and demonstrating their potential for clinical and experimental applications.,"Second-stage review finds outcome, treatment, biomarker, taxonomy, or general molecular content without a direct contribution to the locked classifier reliability, uncertainty, preprocessing, or transport question.",domain_in_record|strong_method_in_record|classifier_method|second_stage_not_direct,false
3284,MED:38698887,38698887,PMC11063539,10.1093/bioadv/vbae015,context,exclude,moderate,no_relevant_discordance_stability_or_classifier_method,true,<i>i</i>CluF: an unsupervised iterative cluster-fusion method for patient stratification using multiomics data.,"Second-stage review finds outcome, treatment, biomarker, taxonomy, or general molecular content without a direct contribution to the locked classifier reliability, uncertainty, preprocessing, or transport question.",domain_in_record|strong_method_in_record|classifier_method|second_stage_not_direct,false
3287,MED:38973564,38973564,,10.1002/ijc.35083,context,exclude,low,no_relevant_discordance_stability_or_classifier_method,false,Harnessing normalcy: The potential of healthy tissue for patient outcomes.,"Second-stage review finds outcome, treatment, biomarker, taxonomy, or general molecular content without a direct contribution to the locked classifier reliability, uncertainty, preprocessing, or transport question.",second_stage_not_direct,false
3305,MED:37155024,37155024,PMC10167087,10.1007/s12672-023-00671-w,context,exclude,moderate,no_relevant_discordance_stability_or_classifier_method,true,Identification and verification of an ALYREF-involved 5-methylcytosine based signature for stratification of prostate cancer patients and prediction of clinical outcome and response to therapies.,"Second-stage review finds outcome, treatment, biomarker, taxonomy, or general molecular content without a direct contribution to the locked classifier reliability, uncertainty, preprocessing, or transport question.",domain_in_record|strong_method_in_title|strong_method_in_record|classifier_method|outcome_or_treatment_in_title|second_stage_not_direct,false
3330,MED:35404674,35404674,PMC9012601,10.1200/cci.21.00193,context,exclude,low,no_relevant_discordance_stability_or_classifier_method,false,Challenges and Gaps in Clinical Trial Genomic Data Management.,"Second-stage review finds outcome, treatment, biomarker, taxonomy, or general molecular content without a direct contribution to the locked classifier reliability, uncertainty, preprocessing, or transport question.",second_stage_not_direct,false
3504,MED:23907291,23907291,,10.1007/s12094-013-1088-z,context,include,high,,true,Assignment of tumor subtype by genomic testing and pathologic-based approximations: implications on patient's management and therapy selection.,"Second-stage review identifies a direct classifier, assay, platform, specimen, normalization, or implementation-comparison contribution relevant to the locked reliability question.",domain_in_record|strong_method_in_record|classifier_method|outcome_or_treatment_in_title|second_stage_direct_method,false
3518,MED:30190802,30190802,PMC6096433,10.2217/mmt.14.5,context,exclude,high,review_editorial_or_commentary_for_citation_chaining_only,false,Advances in molecular profiling of malignant melanoma: ready for clinical practice?,"Second-stage review identifies secondary, guideline, commentary, or perspective literature retained only for citation chaining.",second_stage_not_direct,false
3532,MED:22549015,22549015,PMC3424139,10.1186/1471-2105-13-71,context,exclude,low,no_relevant_discordance_stability_or_classifier_method,false,Cancer bioinformatics: a new approach to systems clinical medicine.,"Second-stage review finds outcome, treatment, biomarker, taxonomy, or general molecular content without a direct contribution to the locked classifier reliability, uncertainty, preprocessing, or transport question.",second_stage_not_direct,false
3543,MED:21172089,21172089,PMC3005725,10.1186/bcr2734,context,exclude,low,no_relevant_discordance_stability_or_classifier_method,false,Molecular profiling currently offers no more than tumour morphology and basic immunohistochemistry.,"Second-stage review finds outcome, treatment, biomarker, taxonomy, or general molecular content without a direct contribution to the locked classifier reliability, uncertainty, preprocessing, or transport question.",second_stage_not_direct,false
3551,MED:16172462,16172462,,10.1200/jco.2004.01.0454,context,exclude,low,no_relevant_discordance_stability_or_classifier_method,false,Reporting recommendations for tumor marker prognostic studies.,"Second-stage review finds outcome, treatment, biomarker, taxonomy, or general molecular content without a direct contribution to the locked classifier reliability, uncertainty, preprocessing, or transport question.",outcome_or_treatment_in_title|second_stage_not_direct,false
3558,MED:41343001,41343001,,10.1007/s10528-025-11305-x,context,exclude,low,no_relevant_discordance_stability_or_classifier_method,false,CAECC-Subtyper: A Novel Convolutional Autoencoder Framework for Integrating Multi-omics Data in Cancer Subtyping.,"Second-stage review finds outcome, treatment, biomarker, taxonomy, or general molecular content without a direct contribution to the locked classifier reliability, uncertainty, preprocessing, or transport question.",classifier_method|second_stage_not_direct,false
3570,MED:42166195,42166195,,10.1093/jnci/djag126,context,exclude,low,no_relevant_discordance_stability_or_classifier_method,false,"Mapping the contributions of adjuvant tamoxifen, 20 years later.","Second-stage review finds outcome, treatment, biomarker, taxonomy, or general molecular content without a direct contribution to the locked classifier reliability, uncertainty, preprocessing, or transport question.",second_stage_not_direct,false
3573,MED:42230925,42230925,,10.1038/s41556-026-01951-7,context,exclude,low,no_relevant_discordance_stability_or_classifier_method,false,The nuclear shredder behind PARPi resistance.,"Second-stage review finds outcome, treatment, biomarker, taxonomy, or general molecular content without a direct contribution to the locked classifier reliability, uncertainty, preprocessing, or transport question.",second_stage_not_direct,false
3624,MED:40670378,40670378,PMC12267411,10.1038/s41467-025-61713-1,context,exclude,moderate,no_relevant_discordance_stability_or_classifier_method,true,Personalized risk stratification in colorectal cancer via PIANOS system.,"Second-stage review finds outcome, treatment, biomarker, taxonomy, or general molecular content without a direct contribution to the locked classifier reliability, uncertainty, preprocessing, or transport question.",domain_in_record|strong_method_in_record|classifier_method|second_stage_not_direct,false
3632,MED:40973457,40973457,PMC12449086,10.1093/nar/gkaf844,context,exclude,moderate,no_relevant_discordance_stability_or_classifier_method,true,"Augmented kurtosis-based projection pursuit: a novel, advanced machine learning approach for multi-omics data analysis and integration.","Second-stage review finds outcome, treatment, biomarker, taxonomy, or general molecular content without a direct contribution to the locked classifier reliability, uncertainty, preprocessing, or transport question.",domain_in_record|strong_method_in_record|classifier_method|second_stage_not_direct,false
3634,MED:41029822,41029822,PMC12486589,10.1186/s12967-025-07031-y,context,exclude,moderate,no_relevant_discordance_stability_or_classifier_method,true,Generative and integrative modeling for transcriptomics with formalin fixed paraffin embedded material.,"Second-stage review finds outcome, treatment, biomarker, taxonomy, or general molecular content without a direct contribution to the locked classifier reliability, uncertainty, preprocessing, or transport question.",domain_in_record|strong_method_in_record|classifier_method|second_stage_not_direct,false
3796,MED:37885824,37885824,PMC10600961,10.1214/22-sts871,context,exclude,low,no_relevant_discordance_stability_or_classifier_method,false,Cross-Study Replicability in Cluster Analysis.,"Second-stage review finds outcome, treatment, biomarker, taxonomy, or general molecular content without a direct contribution to the locked classifier reliability, uncertainty, preprocessing, or transport question.",second_stage_not_direct,false
3817,MED:34806797,34806797,,10.1002/hon.2950,context,exclude,low,no_relevant_discordance_stability_or_classifier_method,false,Differential transcriptomic profiling in ibrutinib-naïve versus ibrutinib-resistant Richter syndrome.,"Second-stage review finds outcome, treatment, biomarker, taxonomy, or general molecular content without a direct contribution to the locked classifier reliability, uncertainty, preprocessing, or transport question.",classifier_method|second_stage_not_direct,false
3871,MED:36497242,36497242,PMC9736226,10.3390/cancers14235761,context,exclude,moderate,no_relevant_discordance_stability_or_classifier_method,true,Choice of High-Throughput Proteomics Method Affects Data Integration with Transcriptomics and the Potential Use in Biomarker Discovery.,"Second-stage review finds outcome, treatment, biomarker, taxonomy, or general molecular content without a direct contribution to the locked classifier reliability, uncertainty, preprocessing, or transport question.",domain_in_record|strong_method_in_record|classifier_method|second_stage_not_direct,false
3929,MED:34238931,34238931,PMC8266887,10.1038/s41523-021-00297-7,context,exclude,moderate,no_relevant_discordance_stability_or_classifier_method,true,Comparative survival analysis of multiparametric tests-when molecular tests disagree-A TEAM Pathology study.,"Second-stage review finds outcome, treatment, biomarker, taxonomy, or general molecular content without a direct contribution to the locked classifier reliability, uncertainty, preprocessing, or transport question.",domain_in_record|strong_method_in_record|classifier_method|outcome_or_treatment_in_title|second_stage_not_direct,false
3998,MED:32531379,32531379,PMC8725062,10.1016/j.ijrobp.2020.04.008,context,exclude,low,no_relevant_discordance_stability_or_classifier_method,false,Oncology Scan: Radiation Biology and Genomic Predictors of Response.,"Second-stage review finds outcome, treatment, biomarker, taxonomy, or general molecular content without a direct contribution to the locked classifier reliability, uncertainty, preprocessing, or transport question.",classifier_method|outcome_or_treatment_in_title|second_stage_not_direct,false
4005,MED:32881987,32881987,PMC7470374,10.1371/journal.pone.0238593,context,include,high,,true,Computational approaches to support comparative analysis of multiparametric tests: Modelling versus Training.,"Second-stage review identifies a direct classifier, assay, platform, specimen, normalization, or implementation-comparison contribution relevant to the locked reliability question.",domain_in_record|strong_method_in_record|classifier_method|second_stage_direct_method,false
4058,MED:31288637,31288637,,10.1142/s0219720019400055,context,exclude,moderate,no_relevant_discordance_stability_or_classifier_method,true,Deep learning with evolutionary and genomic profiles for identifying cancer subtypes.,"Second-stage review finds outcome, treatment, biomarker, taxonomy, or general molecular content without a direct contribution to the locked classifier reliability, uncertainty, preprocessing, or transport question.",domain_in_record|strong_method_in_record|classifier_method|second_stage_not_direct,false
4072,MED:31723419,31723419,PMC6844140,10.12688/f1000research.19236.3,context,exclude,moderate,no_relevant_discordance_stability_or_classifier_method,true,Using singscore to predict mutation status in acute myeloid leukemia from transcriptomic signatures.,"Second-stage review finds outcome, treatment, biomarker, taxonomy, or general molecular content without a direct contribution to the locked classifier reliability, uncertainty, preprocessing, or transport question.",domain_in_record|strong_method_in_record|classifier_method|second_stage_not_direct,false
4134,MED:27887942,27887942,,10.1016/j.eururo.2016.10.047,context,exclude,low,no_relevant_discordance_stability_or_classifier_method,false,Progress in Prognosis and Prediction for Men with Prostate Cancer.,"Second-stage review finds outcome, treatment, biomarker, taxonomy, or general molecular content without a direct contribution to the locked classifier reliability, uncertainty, preprocessing, or transport question.",outcome_or_treatment_in_title|second_stage_not_direct,false
4162,MED:28512674,28512674,,10.1007/s00428-017-2141-z,context,exclude,low,no_relevant_discordance_stability_or_classifier_method,false,Preparing pathology for precision medicine: challenges and opportunities.,"Second-stage review finds outcome, treatment, biomarker, taxonomy, or general molecular content without a direct contribution to the locked classifier reliability, uncertainty, preprocessing, or transport question.",second_stage_not_direct,false
4187,MED:30873354,30873354,PMC6414213,10.21037/tcr.2017.10.49,context,exclude,low,no_relevant_discordance_stability_or_classifier_method,false,The evolving role of molecular profiling in prostate cancer: basal and luminal subtyping transcends tissue of origin.,"Second-stage review finds outcome, treatment, biomarker, taxonomy, or general molecular content without a direct contribution to the locked classifier reliability, uncertainty, preprocessing, or transport question.",classifier_method|second_stage_not_direct,false
4219,MED:27437773,27437773,PMC5288161,10.18632/oncotarget.10641,context,exclude,high,review_editorial_or_commentary_for_citation_chaining_only,true,Consensus of gene expression phenotypes and prognostic risk predictors in primary lung adenocarcinoma.,"Second-stage review identifies secondary, guideline, commentary, or perspective literature retained only for citation chaining.",domain_in_record|strong_method_in_record|classifier_method|outcome_or_treatment_in_title|second_stage_not_direct,false
4258,MED:25928379,25928379,PMC4424448,10.1186/s12885-015-1265-2,context,exclude,moderate,no_relevant_discordance_stability_or_classifier_method,true,Identification of sample-specific regulations using integrative network level analysis.,"Second-stage review finds outcome, treatment, biomarker, taxonomy, or general molecular content without a direct contribution to the locked classifier reliability, uncertainty, preprocessing, or transport question.",domain_in_record|strong_method_in_record|classifier_method|second_stage_not_direct,false
4266,MED:26249178,26249178,PMC4768486,10.1158/0008-5472.can-15-0506,context,exclude,moderate,no_relevant_discordance_stability_or_classifier_method,true,A Molecular Portrait of High-Grade Ductal Carcinoma In Situ.,"Second-stage review finds outcome, treatment, biomarker, taxonomy, or general molecular content without a direct contribution to the locked classifier reliability, uncertainty, preprocessing, or transport question.",domain_in_record|strong_method_in_record|classifier_method|second_stage_not_direct,false
4332,MED:23967491,23967491,,10.1200/jco.2013.49.9061,context,exclude,low,no_relevant_discordance_stability_or_classifier_method,false,Reply to Y.Yamamoto et al.,"Second-stage review finds outcome, treatment, biomarker, taxonomy, or general molecular content without a direct contribution to the locked classifier reliability, uncertainty, preprocessing, or transport question.",second_stage_not_direct,false
4336,MED:24253504,24253504,PMC3859956,10.1038/bjc.2013.707,context,exclude,low,no_relevant_discordance_stability_or_classifier_method,false,An unmet need: tailoring extended adjuvant endocrine therapy.,"Second-stage review finds outcome, treatment, biomarker, taxonomy, or general molecular content without a direct contribution to the locked classifier reliability, uncertainty, preprocessing, or transport question.",outcome_or_treatment_in_title|second_stage_not_direct,false
4343,MED:22355050,22355050,,10.1200/jco.2011.38.4529,context,exclude,low,no_relevant_discordance_stability_or_classifier_method,false,Targeting adjuvant chemotherapy: a good idea that needs to be proven!,"Second-stage review finds outcome, treatment, biomarker, taxonomy, or general molecular content without a direct contribution to the locked classifier reliability, uncertainty, preprocessing, or transport question.",outcome_or_treatment_in_title|second_stage_not_direct,false
4390,MED:20688273,20688273,,10.1016/s1470-2045(10)70115-7,context,exclude,low,no_relevant_discordance_stability_or_classifier_method,false,The importance of platform annotation in interpreting microarray data.,"Second-stage review finds outcome, treatment, biomarker, taxonomy, or general molecular content without a direct contribution to the locked classifier reliability, uncertainty, preprocessing, or transport question.",classifier_method|second_stage_not_direct,false
4391,MED:20688275,20688275,,10.1016/s1470-2045(10)70174-1,context,exclude,low,no_relevant_discordance_stability_or_classifier_method,false,The importance of gene-centring microarray data.,"Second-stage review finds outcome, treatment, biomarker, taxonomy, or general molecular content without a direct contribution to the locked classifier reliability, uncertainty, preprocessing, or transport question.",classifier_method|second_stage_not_direct,false
4398,MED:19661985,19661985,,10.1038/nm0809-842,context,exclude,low,no_relevant_discordance_stability_or_classifier_method,false,Mammary development meets cancer genomics.,"Second-stage review finds outcome, treatment, biomarker, taxonomy, or general molecular content without a direct contribution to the locked classifier reliability, uncertainty, preprocessing, or transport question.",second_stage_not_direct,false
4408,MED:18698060,18698060,,10.1001/jama.300.6.650-c,context,exclude,low,no_relevant_discordance_stability_or_classifier_method,false,Documenting biospecimen conditions in reports of studies.,"Second-stage review finds outcome, treatment, biomarker, taxonomy, or general molecular content without a direct contribution to the locked classifier reliability, uncertainty, preprocessing, or transport question.",second_stage_not_direct,false
4434,MED:12710672,12710672,,10.1385/1-59259-364-x:149,context,exclude,low,no_relevant_discordance_stability_or_classifier_method,false,Statistical methods for identifying differentially expressed genes in DNA microarrays.,"Second-stage review finds outcome, treatment, biomarker, taxonomy, or general molecular content without a direct contribution to the locked classifier reliability, uncertainty, preprocessing, or transport question.",second_stage_not_direct,false
4442,MED:10802651,10802651,PMC3037419,10.1038/75556,context,exclude,low,no_relevant_discordance_stability_or_classifier_method,false,Gene ontology: tool for the unification of biology. The Gene Ontology Consortium.,"Second-stage review finds outcome, treatment, biomarker, taxonomy, or general molecular content without a direct contribution to the locked classifier reliability, uncertainty, preprocessing, or transport question.",second_stage_not_direct,false
4445,MED:6018555,6018555,,,context,exclude,low,no_relevant_discordance_stability_or_classifier_method,false,The detection of disease clustering and a generalized regression approach.,"Second-stage review finds outcome, treatment, biomarker, taxonomy, or general molecular content without a direct contribution to the locked classifier reliability, uncertainty, preprocessing, or transport question.",second_stage_not_direct,false
4480,MED:33042824,33042824,PMC7522593,10.3389/fonc.2020.01768,context,exclude,high,review_editorial_or_commentary_for_citation_chaining_only,false,Editorial: Multi-omic Data Integration in Oncology.,"Second-stage review identifies secondary, guideline, commentary, or perspective literature retained only for citation chaining.",secondary_literature_in_title|second_stage_not_direct,false
