rank,record_key,pmid,pmcid,doi,priority_tier,recommendation,confidence,exclusion_reason,abstract_available,title,rationale,matched_signals,founder_decision_recorded
1,MED:29412457,29412457,PMC5947827,10.1002/path.5051,direct,include,high,,true,Prospective patient stratification into robust cancer-cell intrinsic subtypes from colorectal cancer biopsies.,"The title directly joins the locked classifier domain to a reliability, assay, preprocessing, uncertainty, or transport method.",domain_in_title|domain_in_record|strong_method_in_title|strong_method_in_record|classifier_method,false
2,MED:36376783,36376783,PMC9664820,10.1186/s12014-022-09380-y,supporting,exclude,moderate,no_relevant_discordance_stability_or_classifier_method,true,Determination of temporal reproducibility and variability of cancer biomarkers in serum and EDTA plasma samples using a proximity extension assay.,"The title and abstract do not jointly establish a qualifying single-sample classifier reliability, uncertainty, preprocessing, or transport method.",strong_method_in_title|strong_method_in_record,false
3,MED:27270348,27270348,PMC5065181,10.1001/jamaoncol.2016.2314,supporting,exclude,high,no_relevant_discordance_stability_or_classifier_method,true,Clinical Outcome From Oxaliplatin Treatment in Stage II/III Colon Cancer According to Intrinsic Subtypes: Secondary Analysis of NSABP C-07/NRG Oncology Randomized Clinical Trial.,"The record uses a relevant subtype or assay for prognosis, treatment, or outcome association without a qualifying reliability-method focus.",domain_in_title|domain_in_record|strong_method_in_record|classifier_method|outcome_or_treatment_in_title,false
4,MED:22213796,22213796,,10.1136/gutjnl-2011-301179,supporting,exclude,moderate,no_relevant_discordance_stability_or_classifier_method,true,ColoGuideEx: a robust gene classifier specific for stage II colorectal cancer prognosis.,"The title and abstract do not jointly establish a qualifying single-sample classifier reliability, uncertainty, preprocessing, or transport method.",strong_method_in_title|strong_method_in_record|classifier_method|outcome_or_treatment_in_title,false
5,MED:18550803,18550803,PMC2527709,10.1101/gr.079558.108,supporting,exclude,moderate,no_relevant_discordance_stability_or_classifier_method,true,RNA-seq: an assessment of technical reproducibility and comparison with gene expression arrays.,"The title and abstract do not jointly establish a qualifying single-sample classifier reliability, uncertainty, preprocessing, or transport method.",strong_method_in_title|strong_method_in_record|classifier_method,false
6,MED:23852808,23852808,PMC4234005,10.1002/ijc.28387,supporting,exclude,high,no_relevant_discordance_stability_or_classifier_method,true,"Colorectal cancer intrinsic subtypes predict chemotherapy benefit, deficient mismatch repair and epithelial-to-mesenchymal transition.","The record uses a relevant subtype or assay for prognosis, treatment, or outcome association without a qualifying reliability-method focus.",domain_in_title|domain_in_record|classifier_method|outcome_or_treatment_in_title,false
7,MED:16594740,16594740,,10.5858/2006-130-465-mcohcu,supporting,exclude,moderate,no_relevant_discordance_stability_or_classifier_method,true,Molecular classification of human cancers using a 92-gene real-time quantitative polymerase chain reaction assay.,"The title and abstract do not jointly establish a qualifying single-sample classifier reliability, uncertainty, preprocessing, or transport method.",classifier_method,false
8,MED:38272913,38272913,PMC10811238,10.1038/s41467-024-44946-4,supporting,exclude,moderate,no_relevant_discordance_stability_or_classifier_method,true,Robustly federated learning model for identifying high-risk patients with postoperative gastric cancer recurrence.,"The title and abstract do not jointly establish a qualifying single-sample classifier reliability, uncertainty, preprocessing, or transport method.",strong_method_in_title|strong_method_in_record|outcome_or_treatment_in_title,false
9,MED:35820451,35820451,,10.1016/j.humpath.2022.07.003,supporting,exclude,moderate,no_relevant_discordance_stability_or_classifier_method,true,Digital image analysis provides robust tissue microenvironment-based prognosticators in patients with stage I-IV colorectal cancer.,"The title and abstract do not jointly establish a qualifying single-sample classifier reliability, uncertainty, preprocessing, or transport method.",strong_method_in_title|strong_method_in_record|classifier_method|outcome_or_treatment_in_title,false
10,MED:21742808,21742808,PMC3166982,10.1158/1078-0432.ccr-11-0196,supporting,exclude,moderate,no_relevant_discordance_stability_or_classifier_method,true,Robust gene expression signature from formalin-fixed paraffin-embedded samples predicts prognosis of non-small-cell lung cancer patients.,"The title and abstract do not jointly establish a qualifying single-sample classifier reliability, uncertainty, preprocessing, or transport method.",strong_method_in_title|strong_method_in_record|classifier_method|outcome_or_treatment_in_title,false
11,MED:20427518,20427518,PMC2881355,10.1093/bioinformatics/btq170,supporting,exclude,moderate,no_relevant_discordance_stability_or_classifier_method,true,ConsensusClusterPlus: a class discovery tool with confidence assessments and item tracking.,"The title and abstract do not jointly establish a qualifying single-sample classifier reliability, uncertainty, preprocessing, or transport method.",strong_method_in_title|strong_method_in_record,false
12,MED:16595560,16595560,,10.1093/bioinformatics/btl117,supporting,exclude,moderate,no_relevant_discordance_stability_or_classifier_method,true,Pvclust: an R package for assessing the uncertainty in hierarchical clustering.,"The title and abstract do not jointly establish a qualifying single-sample classifier reliability, uncertainty, preprocessing, or transport method.",strong_method_in_title|strong_method_in_record|classifier_method,false
13,MED:38564259,38564259,PMC11145159,10.1158/1078-0432.ccr-23-3964,context,exclude,moderate,no_relevant_discordance_stability_or_classifier_method,true,Clinical Challenges of Consensus Molecular Subtype CMS4 Colon Cancer in the Era of Precision Medicine.,"The title and abstract do not jointly establish a qualifying single-sample classifier reliability, uncertainty, preprocessing, or transport method.",classifier_method,false
14,MED:38782602,38782602,PMC11116811,10.26508/lsa.202402730,context,exclude,moderate,no_relevant_discordance_stability_or_classifier_method,true,A consensus molecular subtypes classification strategy for clinical colorectal cancer tissues.,"The title and abstract do not jointly establish a qualifying single-sample classifier reliability, uncertainty, preprocessing, or transport method.",classifier_method,false
15,MED:39195201,39195201,PMC11352245,10.3390/cells13161311,context,exclude,moderate,no_relevant_discordance_stability_or_classifier_method,true,"Combined High-Throughput Proteomics and Random Forest Machine-Learning Approach Differentiates and Classifies Metabolic, Immune, Signaling and ECM Intra-Tumor Heterogeneity of Colorectal Cancer.","The title and abstract do not jointly establish a qualifying single-sample classifier reliability, uncertainty, preprocessing, or transport method.",classifier_method,false
16,MED:36496303,36496303,,10.1016/s2589-7500(22)00210-2,context,exclude,moderate,no_relevant_discordance_stability_or_classifier_method,true,Interpretable deep learning model to predict the molecular classification of endometrial cancer from haematoxylin and eosin-stained whole-slide images: a combined analysis of the PORTEC randomised trials and clinical cohorts.,"The title and abstract do not jointly establish a qualifying single-sample classifier reliability, uncertainty, preprocessing, or transport method.",strong_method_in_record|classifier_method,false
17,MED:38681775,38681775,PMC11045208,10.55730/1300-0152.2674,context,exclude,moderate,no_relevant_discordance_stability_or_classifier_method,true,Classification of colon cancer patients into consensus molecular subtypes using support vector machines.,"The title and abstract do not jointly establish a qualifying single-sample classifier reliability, uncertainty, preprocessing, or transport method.",classifier_method,false
18,MED:34475526,34475526,PMC8786661,10.1038/s41379-021-00894-8,context,exclude,moderate,no_relevant_discordance_stability_or_classifier_method,true,Image-based assessment of extracellular mucin-to-tumor area predicts consensus molecular subtypes (CMS) in colorectal cancer.,"The title and abstract do not jointly establish a qualifying single-sample classifier reliability, uncertainty, preprocessing, or transport method.",strong_method_in_record|classifier_method,false
19,MED:36293565,36293565,PMC9604175,10.3390/ijms232012707,context,unclear,moderate,,true,Correlation of Immunological and Histopathological Features with Gene Expression-Based Classifiers in Colon Cancer Patients.,"The abstract contains relevant classifier and reliability signals, but direct eligibility is not unambiguous from deterministic rules.",domain_in_record|strong_method_in_record|classifier_method,false
20,MED:34858988,34858988,PMC8631352,10.3389/fcell.2021.766503,context,exclude,moderate,no_relevant_discordance_stability_or_classifier_method,true,Pyroptosis-Mediated Molecular Subtypes and Tumor Microenvironment Infiltration Characterization in Colon Cancer.,"The title and abstract do not jointly establish a qualifying single-sample classifier reliability, uncertainty, preprocessing, or transport method.",classifier_method,false
21,MED:30796810,30796810,PMC6503627,10.1093/annonc/mdz052,context,exclude,moderate,no_relevant_discordance_stability_or_classifier_method,true,Context matters-consensus molecular subtypes of colorectal cancer as biomarkers for clinical trials.,"The title and abstract do not jointly establish a qualifying single-sample classifier reliability, uncertainty, preprocessing, or transport method.",classifier_method,false
22,MED:31885574,31885574,PMC6925684,10.1155/2019/3614207,context,exclude,moderate,no_relevant_discordance_stability_or_classifier_method,true,A Robust Gene Expression Prognostic Signature for Overall Survival in High-Grade Serous Ovarian Cancer.,"The title and abstract do not jointly establish a qualifying single-sample classifier reliability, uncertainty, preprocessing, or transport method.",strong_method_in_title|strong_method_in_record|classifier_method|outcome_or_treatment_in_title,false
23,MED:23269986,23269986,PMC3732011,10.1200/jco.2012.44.1444,context,exclude,moderate,no_relevant_discordance_stability_or_classifier_method,true,"Intrinsic molecular subtypes of glioma are prognostic and predict benefit from adjuvant procarbazine, lomustine, and vincristine chemotherapy in combination with other prognostic factors in anaplastic oligodendroglial brain tumors: a report from EORTC study 26951.","The title and abstract do not jointly establish a qualifying single-sample classifier reliability, uncertainty, preprocessing, or transport method.",domain_in_record|classifier_method|outcome_or_treatment_in_title,false
24,MED:18258979,18258979,,10.1200/jco.2007.15.1068,context,exclude,moderate,no_relevant_discordance_stability_or_classifier_method,true,Development of the 21-gene assay and its application in clinical practice and clinical trials.,"The title and abstract do not jointly establish a qualifying single-sample classifier reliability, uncertainty, preprocessing, or transport method.",,false
25,MED:18698038,18698038,,10.1158/1078-0432.ccr-08-0196,context,exclude,moderate,no_relevant_discordance_stability_or_classifier_method,true,Novel molecular subtypes of serous and endometrioid ovarian cancer linked to clinical outcome.,"The title and abstract do not jointly establish a qualifying single-sample classifier reliability, uncertainty, preprocessing, or transport method.",strong_method_in_record|classifier_method|outcome_or_treatment_in_title,false
26,MED:17618441,17618441,PMC1929165,10.1007/s00401-007-0243-4,context,exclude,moderate,no_relevant_discordance_stability_or_classifier_method,true,The 2007 WHO classification of tumours of the central nervous system.,"The title and abstract do not jointly establish a qualifying single-sample classifier reliability, uncertainty, preprocessing, or transport method.",classifier_method,false
27,MED:10870076,10870076,,10.1002/1097-0142(20000615)88:12<2887::aid-cncr32>3.0.co;2-f,context,unclear,low,,false,World Health Organization classification of tumors.,No abstract is available; founder title-level adjudication is required.,classifier_method,false
28,MED:41714596,41714596,PMC12920625,10.1038/s41392-026-02577-9,context,exclude,moderate,no_relevant_discordance_stability_or_classifier_method,true,The consensus molecular subtypes of esophageal squamous cell carcinoma.,"The title and abstract do not jointly establish a qualifying single-sample classifier reliability, uncertainty, preprocessing, or transport method.",strong_method_in_record|classifier_method,false
29,MED:42004227,42004227,PMC13090551,10.1016/j.gendis.2025.101974,context,exclude,moderate,no_relevant_discordance_stability_or_classifier_method,true,Identification of PLXNC1 as a novel biomarker for consensus molecular subtype 4 in colorectal cancer.,"The title and abstract do not jointly establish a qualifying single-sample classifier reliability, uncertainty, preprocessing, or transport method.",strong_method_in_record|classifier_method,false
30,MED:42242067,42242067,,10.1016/j.canep.2026.103120,context,exclude,moderate,no_relevant_discordance_stability_or_classifier_method,true,Image-based consensus molecular subtypes and colon cancer recurrence: Understanding the impact of lifestyle factors across subtypes of colon cancer.,"The title and abstract do not jointly establish a qualifying single-sample classifier reliability, uncertainty, preprocessing, or transport method.",classifier_method|outcome_or_treatment_in_title,false
31,MED:40557542,40557542,PMC12430884,10.1097/js9.0000000000002667,context,exclude,moderate,no_relevant_discordance_stability_or_classifier_method,true,Deep learning algorithms from histopathological images stratify molecular subtypes for leiomyosarcoma: a proof-and-concept diagnostic study.,"The title and abstract do not jointly establish a qualifying single-sample classifier reliability, uncertainty, preprocessing, or transport method.",classifier_method,false
32,MED:40865918,40865918,,10.1016/j.modpat.2025.100877,context,exclude,moderate,no_relevant_discordance_stability_or_classifier_method,true,Deep Learning on Histologic Slides Accurately Predicts Consensus Molecular Subtypes and Spatial Heterogeneity in Colon Cancer.,"The title and abstract do not jointly establish a qualifying single-sample classifier reliability, uncertainty, preprocessing, or transport method.",strong_method_in_record|classifier_method,false
33,MED:41164179,41164179,PMC12558839,10.3389/frai.2025.1647074,context,exclude,moderate,no_relevant_discordance_stability_or_classifier_method,true,A hybrid framework for enhanced segmentation and classification of colorectal cancer histopathology.,"The title and abstract do not jointly establish a qualifying single-sample classifier reliability, uncertainty, preprocessing, or transport method.",strong_method_in_record|classifier_method,false
34,MED:41256969,41256969,PMC12622963,10.1093/biomethods/bpaf077,context,exclude,moderate,no_relevant_discordance_stability_or_classifier_method,true,Deep learning-based classification of colorectal cancer in histopathology images for category detection.,"The title and abstract do not jointly establish a qualifying single-sample classifier reliability, uncertainty, preprocessing, or transport method.",strong_method_in_record|classifier_method,false
35,MED:41276825,41276825,PMC12763931,10.1186/s12957-025-04117-1,context,exclude,moderate,no_relevant_discordance_stability_or_classifier_method,true,Consensus Molecular Subtypes (CMS) Classification: a progress towards Subtype-Driven treatments in colorectal cancer.,"The title and abstract do not jointly establish a qualifying single-sample classifier reliability, uncertainty, preprocessing, or transport method.",classifier_method,false
36,MED:38231003,38231003,,10.1200/cci.23.00154,context,exclude,moderate,no_relevant_discordance_stability_or_classifier_method,true,Image-Based Subtype Classification for Glioblastoma Using Deep Learning: Prognostic Significance and Biologic Relevance.,"The title and abstract do not jointly establish a qualifying single-sample classifier reliability, uncertainty, preprocessing, or transport method.",classifier_method|outcome_or_treatment_in_title,false
37,MED:38319359,38319359,PMC10948573,10.1007/s00428-024-03746-3,context,exclude,moderate,no_relevant_discordance_stability_or_classifier_method,true,Molecular pathological classification of colorectal cancer-an update.,"The title and abstract do not jointly establish a qualifying single-sample classifier reliability, uncertainty, preprocessing, or transport method.",domain_in_record|classifier_method,false
38,MED:38594327,38594327,PMC11003957,10.1038/s41698-024-00580-3,context,exclude,moderate,no_relevant_discordance_stability_or_classifier_method,true,Image-based consensus molecular subtyping in rectal cancer biopsies and response to neoadjuvant chemoradiotherapy.,"The title and abstract do not jointly establish a qualifying single-sample classifier reliability, uncertainty, preprocessing, or transport method.",classifier_method|outcome_or_treatment_in_title,false
39,MED:37018649,37018649,,10.1200/jco.22.02582,context,exclude,moderate,no_relevant_discordance_stability_or_classifier_method,true,"Consensus Molecular Subtypes as Biomarkers of Fluorouracil and Folinic Acid Maintenance Therapy With or Without Panitumumab in <i>RAS</i> Wild-Type Metastatic Colorectal Cancer (PanaMa, AIO KRK 0212).","The title and abstract do not jointly establish a qualifying single-sample classifier reliability, uncertainty, preprocessing, or transport method.",strong_method_in_record|classifier_method|outcome_or_treatment_in_title,false
40,MED:37487150,37487150,PMC10581628,10.1200/po.22.00422,context,exclude,moderate,no_relevant_discordance_stability_or_classifier_method,true,Transcriptional Profiling and Consensus Molecular Subtype Assignment to Understand Response and Resistance to Anti-Epidermal Growth Factor Receptor Therapy in Colorectal Cancer.,"The title and abstract do not jointly establish a qualifying single-sample classifier reliability, uncertainty, preprocessing, or transport method.",classifier_method|outcome_or_treatment_in_title,false
41,MED:37958364,37958364,PMC10647687,10.3390/cancers15215190,context,exclude,moderate,no_relevant_discordance_stability_or_classifier_method,true,Leveraging Attention-Based Convolutional Neural Networks for Meningioma Classification in Computational Histopathology.,"The title and abstract do not jointly establish a qualifying single-sample classifier reliability, uncertainty, preprocessing, or transport method.",classifier_method,false
42,PPR:PPR600899,,,10.1101/2023.01.23.525135,context,exclude,moderate,no_relevant_discordance_stability_or_classifier_method,true,Charting the Heterogeneity of Colorectal Cancer Consensus Molecular Subtypes using Spatial Transcriptomics,"The title and abstract do not jointly establish a qualifying single-sample classifier reliability, uncertainty, preprocessing, or transport method.",classifier_method,false
43,MED:35069819,35069819,PMC8756434,10.3892/etm.2021.11061,context,exclude,moderate,no_relevant_discordance_stability_or_classifier_method,true,Synchronous biliary gallstones and colorectal cancer: A single center analysis.,"The title and abstract do not jointly establish a qualifying single-sample classifier reliability, uncertainty, preprocessing, or transport method.",strong_method_in_title|strong_method_in_record,false
44,MED:35119111,35119111,,10.1002/path.5879,context,exclude,moderate,no_relevant_discordance_stability_or_classifier_method,true,Deep learning based on hematoxylin-eosin staining outperforms immunohistochemistry in predicting molecular subtypes of gastric adenocarcinoma.,"The title and abstract do not jointly establish a qualifying single-sample classifier reliability, uncertainty, preprocessing, or transport method.",classifier_method,false
45,MED:35296803,35296803,PMC9276750,10.1038/s41416-022-01748-z,context,exclude,moderate,no_relevant_discordance_stability_or_classifier_method,true,Fibroblast activation protein identifies Consensus Molecular Subtype 4 in colorectal cancer and allows its detection by <sup>68</sup>Ga-FAPI-PET imaging.,"The title and abstract do not jointly establish a qualifying single-sample classifier reliability, uncertainty, preprocessing, or transport method.",classifier_method,false
46,MED:35298091,35298091,PMC9297751,10.1002/1878-0261.13210,context,exclude,moderate,no_relevant_discordance_stability_or_classifier_method,true,Development of a miRNA-based classifier for detection of colorectal cancer molecular subtypes.,"The title and abstract do not jointly establish a qualifying single-sample classifier reliability, uncertainty, preprocessing, or transport method.",strong_method_in_record|classifier_method,false
47,MED:35579189,35579189,PMC9383696,10.1039/d1lc01053k,context,exclude,moderate,no_relevant_discordance_stability_or_classifier_method,true,Microfluidic harvesting of breast cancer tumor spheroid-derived extracellular vesicles from immobilized microgels for single-vesicle analysis.,"The title and abstract do not jointly establish a qualifying single-sample classifier reliability, uncertainty, preprocessing, or transport method.",strong_method_in_record,false
48,MED:35758184,35758184,,10.1111/his.14708,context,exclude,moderate,no_relevant_discordance_stability_or_classifier_method,true,Deep-learning-based classification of desmoplastic reaction on H&E predicts poor prognosis in oesophageal squamous cell carcinoma.,"The title and abstract do not jointly establish a qualifying single-sample classifier reliability, uncertainty, preprocessing, or transport method.",classifier_method|outcome_or_treatment_in_title,false
49,MED:35954402,35954402,PMC9367605,10.3390/cancers14153740,context,exclude,moderate,no_relevant_discordance_stability_or_classifier_method,true,Consensus Molecular Subtypes Efficiently Classify Gastric Adenocarcinomas and Predict the Response to Anti-PD-1 Immunotherapy.,"The title and abstract do not jointly establish a qualifying single-sample classifier reliability, uncertainty, preprocessing, or transport method.",classifier_method|outcome_or_treatment_in_title,false
50,MED:36147916,36147916,PMC9486194,10.3389/fonc.2022.969855,context,exclude,moderate,no_relevant_discordance_stability_or_classifier_method,true,Consensus molecular subtype 4 (CMS4)-targeted therapy in primary colon cancer: A proof-of-concept study.,"The title and abstract do not jointly establish a qualifying single-sample classifier reliability, uncertainty, preprocessing, or transport method.",classifier_method|outcome_or_treatment_in_title,false
51,MED:36187924,36187924,PMC9489806,10.1016/j.csbj.2022.09.010,context,exclude,moderate,no_relevant_discordance_stability_or_classifier_method,true,The seen and the unseen: Molecular classification and image based-analysis of gastrointestinal cancers.,"The title and abstract do not jointly establish a qualifying single-sample classifier reliability, uncertainty, preprocessing, or transport method.",classifier_method,false
52,MED:33504830,33504830,PMC7840737,10.1038/s41598-021-81352-y,context,exclude,moderate,no_relevant_discordance_stability_or_classifier_method,true,Classification of colorectal tissue images from high throughput tissue microarrays by ensemble deep learning methods.,"The title and abstract do not jointly establish a qualifying single-sample classifier reliability, uncertainty, preprocessing, or transport method.",strong_method_in_record|classifier_method,false
53,MED:34253874,34253874,PMC8505637,10.1038/s41416-021-01477-9,context,exclude,moderate,no_relevant_discordance_stability_or_classifier_method,true,Molecular subtype-specific efficacy of anti-EGFR therapy in colorectal cancer is dependent on the chemotherapy backbone.,"The title and abstract do not jointly establish a qualifying single-sample classifier reliability, uncertainty, preprocessing, or transport method.",classifier_method|outcome_or_treatment_in_title,false
54,MED:34638407,34638407,PMC8507736,10.3390/cancers13194923,context,exclude,moderate,no_relevant_discordance_stability_or_classifier_method,true,Implications of Intratumor Heterogeneity on Consensus Molecular Subtype (CMS) in Colorectal Cancer.,"The title and abstract do not jointly establish a qualifying single-sample classifier reliability, uncertainty, preprocessing, or transport method.",classifier_method,false
55,MED:34715355,34715355,PMC8633680,10.1016/j.mcpro.2021.100168,context,exclude,moderate,no_relevant_discordance_stability_or_classifier_method,true,Proximity Extension Assay in Combination with Next-Generation Sequencing for High-throughput Proteome-wide Analysis.,"The title and abstract do not jointly establish a qualifying single-sample classifier reliability, uncertainty, preprocessing, or transport method.",strong_method_in_record,false
56,MED:31004000,31004000,,10.1158/1078-0432.ccr-18-3032,context,exclude,moderate,no_relevant_discordance_stability_or_classifier_method,true,A Clinically Applicable Gene-Expression Classifier Reveals Intrinsic and Extrinsic Contributions to Consensus Molecular Subtypes in Primary and Metastatic Colon Cancer.,"The title and abstract do not jointly establish a qualifying single-sample classifier reliability, uncertainty, preprocessing, or transport method.",strong_method_in_record|classifier_method,false
57,MED:29410488,29410488,,10.1038/s41379-018-0029-3,context,exclude,moderate,no_relevant_discordance_stability_or_classifier_method,true,Multiregion gene expression profiling reveals heterogeneity in molecular subtypes and immunotherapy response signatures in lung cancer.,"The title and abstract do not jointly establish a qualifying single-sample classifier reliability, uncertainty, preprocessing, or transport method.",classifier_method|outcome_or_treatment_in_title,false
58,MED:29458272,29458272,,10.1080/14737140.2018.1442217,context,exclude,moderate,no_relevant_discordance_stability_or_classifier_method,true,Difference between right-sided and left-sided colorectal cancers: from embryology to molecular subtype.,"The title and abstract do not jointly establish a qualifying single-sample classifier reliability, uncertainty, preprocessing, or transport method.",classifier_method,false
59,MED:30253752,30253752,PMC6156849,10.1186/s12864-018-5082-2,context,exclude,moderate,no_relevant_discordance_stability_or_classifier_method,true,Comparison of RNA-seq and microarray platforms for splice event detection using a cross-platform algorithm.,"The title and abstract do not jointly establish a qualifying single-sample classifier reliability, uncertainty, preprocessing, or transport method.",strong_method_in_title|strong_method_in_record|classifier_method,false
60,MED:28050011,28050011,,10.1038/nrc.2016.126,context,exclude,moderate,no_relevant_discordance_stability_or_classifier_method,true,Consensus molecular subtypes and the evolution of precision medicine in colorectal cancer.,"The title and abstract do not jointly establish a qualifying single-sample classifier reliability, uncertainty, preprocessing, or transport method.",classifier_method,false
61,MED:28122052,28122052,PMC5266269,10.1371/journal.pone.0170632,context,exclude,moderate,no_relevant_discordance_stability_or_classifier_method,true,A Comparison of RNA-Seq Results from Paired Formalin-Fixed Paraffin-Embedded and Fresh-Frozen Glioblastoma Tissue Samples.,"The title and abstract do not jointly establish a qualifying single-sample classifier reliability, uncertainty, preprocessing, or transport method.",classifier_method,false
62,MED:28158480,28158480,,10.1093/bioinformatics/btx027,context,exclude,moderate,no_relevant_discordance_stability_or_classifier_method,true,Image-based surrogate biomarkers for molecular subtypes of colorectal cancer.,"The title and abstract do not jointly establish a qualifying single-sample classifier reliability, uncertainty, preprocessing, or transport method.",classifier_method,false
63,MED:25961742,25961742,PMC4427337,10.1371/journal.pone.0126762,context,exclude,moderate,no_relevant_discordance_stability_or_classifier_method,true,Revealing the Molecular Portrait of Triple Negative Breast Tumors in an Understudied Population through Omics Analysis of Formalin-Fixed and Paraffin-Embedded Tissues.,"The title and abstract do not jointly establish a qualifying single-sample classifier reliability, uncertainty, preprocessing, or transport method.",classifier_method,false
64,MED:24454679,24454679,PMC3894192,10.1371/journal.pone.0078644,context,exclude,moderate,no_relevant_discordance_stability_or_classifier_method,true,Comparison of RNA-Seq and microarray in transcriptome profiling of activated T cells.,"The title and abstract do not jointly establish a qualifying single-sample classifier reliability, uncertainty, preprocessing, or transport method.",classifier_method,false
65,MED:23700391,23700391,PMC3660251,10.1371/journal.pmed.1001453,context,exclude,moderate,no_relevant_discordance_stability_or_classifier_method,true,"Gene expression classification of colon cancer into molecular subtypes: characterization, validation, and prognostic value.","The title and abstract do not jointly establish a qualifying single-sample classifier reliability, uncertainty, preprocessing, or transport method.",strong_method_in_record|classifier_method|outcome_or_treatment_in_title,false
66,MED:23902433,23902433,PMC3697991,10.1186/1471-2105-14-s9-s1,context,exclude,moderate,no_relevant_discordance_stability_or_classifier_method,true,Parallel comparison of Illumina RNA-Seq and Affymetrix microarray platforms on transcriptomic profiles generated from 5-aza-deoxy-cytidine treated HT-29 colon cancer cells and simulated datasets.,"The title and abstract do not jointly establish a qualifying single-sample classifier reliability, uncertainty, preprocessing, or transport method.",strong_method_in_record|classifier_method,false
67,MED:23977046,23977046,PMC3748065,10.1371/journal.pone.0071462,context,exclude,moderate,no_relevant_discordance_stability_or_classifier_method,true,Large scale comparison of gene expression levels by microarrays and RNAseq using TCGA data.,"The title and abstract do not jointly establish a qualifying single-sample classifier reliability, uncertainty, preprocessing, or transport method.",strong_method_in_record|classifier_method,false
68,MED:24365034,24365034,PMC3879183,10.1186/1471-2105-14-370,context,exclude,moderate,no_relevant_discordance_stability_or_classifier_method,true,"Blind spots of quantitative RNA-seq: the limits for assessing abundance, differential expression, and isoform switching.","The title and abstract do not jointly establish a qualifying single-sample classifier reliability, uncertainty, preprocessing, or transport method.",strong_method_in_record|classifier_method,false
69,MED:22747986,22747986,PMC3428653,10.1186/1755-8794-5-28,context,exclude,moderate,no_relevant_discordance_stability_or_classifier_method,true,A systematic comparison and evaluation of high density exon arrays and RNA-seq technology used to unravel the peripheral blood transcriptome of sickle cell disease.,"The title and abstract do not jointly establish a qualifying single-sample classifier reliability, uncertainty, preprocessing, or transport method.",strong_method_in_record|classifier_method,false
70,MED:23104886,23104886,PMC3530905,10.1093/bioinformatics/bts635,context,exclude,moderate,no_relevant_discordance_stability_or_classifier_method,true,STAR: ultrafast universal RNA-seq aligner.,"The title and abstract do not jointly establish a qualifying single-sample classifier reliability, uncertainty, preprocessing, or transport method.",classifier_method,false
71,MED:21816910,21816910,PMC3166838,10.1101/gr.121095.111,context,exclude,moderate,no_relevant_discordance_stability_or_classifier_method,true,Synthetic spike-in standards for RNA-seq experiments.,"The title and abstract do not jointly establish a qualifying single-sample classifier reliability, uncertainty, preprocessing, or transport method.",strong_method_in_record|classifier_method,false
72,MED:22067406,22067406,,10.1200/jco.2011.35.4498,context,exclude,moderate,no_relevant_discordance_stability_or_classifier_method,true,Development and independent validation of a prognostic assay for stage II colon cancer using formalin-fixed paraffin-embedded tissue.,"The title and abstract do not jointly establish a qualifying single-sample classifier reliability, uncertainty, preprocessing, or transport method.",classifier_method|outcome_or_treatment_in_title,false
73,MED:19920198,19920198,,10.1158/0008-5472.can-09-2307,context,exclude,moderate,no_relevant_discordance_stability_or_classifier_method,true,Intrinsic gene expression profiles of gliomas are a better predictor of survival than histology.,"The title and abstract do not jointly establish a qualifying single-sample classifier reliability, uncertainty, preprocessing, or transport method.",domain_in_record|classifier_method|outcome_or_treatment_in_title,false
74,MED:20150367,20150367,PMC2940562,10.1093/neuonc/nop007,context,exclude,moderate,no_relevant_discordance_stability_or_classifier_method,true,A multigene predictor of outcome in glioblastoma.,"The title and abstract do not jointly establish a qualifying single-sample classifier reliability, uncertainty, preprocessing, or transport method.",strong_method_in_record|classifier_method,false
75,MED:38933195,38933195,PMC11197495,10.1016/j.fmre.2022.06.008,context,exclude,moderate,no_relevant_discordance_stability_or_classifier_method,true,Deep learning framework for comprehensive molecular and prognostic stratifications of triple-negative breast cancer.,"The title and abstract do not jointly establish a qualifying single-sample classifier reliability, uncertainty, preprocessing, or transport method.",strong_method_in_record|classifier_method|outcome_or_treatment_in_title,false
76,PPR:PPR439651,,,10.1101/2022.01.04.474882,context,exclude,moderate,no_relevant_discordance_stability_or_classifier_method,true,Evaluation of a predictive method for the H&E-based molecular profiling of breast cancer with deep learning,"The title and abstract do not jointly establish a qualifying single-sample classifier reliability, uncertainty, preprocessing, or transport method.",,false
77,MED:27692773,27692773,,10.1016/j.clbc.2016.08.008,context,exclude,moderate,no_relevant_discordance_stability_or_classifier_method,true,Brain Metastasis Prediction by Transcriptomic Profiling in Triple-Negative Breast Cancer.,"The title and abstract do not jointly establish a qualifying single-sample classifier reliability, uncertainty, preprocessing, or transport method.",classifier_method,false
78,MED:26576432,26576432,PMC4630377,10.1155/2015/878546,context,exclude,moderate,no_relevant_discordance_stability_or_classifier_method,true,Identification of Gene Expression Pattern Related to Breast Cancer Survival Using Integrated TCGA Datasets and Genomic Tools.,"The title and abstract do not jointly establish a qualifying single-sample classifier reliability, uncertainty, preprocessing, or transport method.",classifier_method|outcome_or_treatment_in_title,false
79,MED:41716034,41716034,PMC13050814,10.1002/path.70039,context,exclude,moderate,no_relevant_discordance_stability_or_classifier_method,true,"Deep learning-based H&amp;E-derived risk scores in colorectal cancer: associations with tumour morphology, biology, and predicted drug response.","The title and abstract do not jointly establish a qualifying single-sample classifier reliability, uncertainty, preprocessing, or transport method.",classifier_method|outcome_or_treatment_in_title,false
80,MED:41992238,41992238,PMC13217717,10.1186/s12943-026-02658-x,context,exclude,moderate,no_relevant_discordance_stability_or_classifier_method,true,The evolving role of OMICS in gastrointestinal tumor biology and clinical practice.,"The title and abstract do not jointly establish a qualifying single-sample classifier reliability, uncertainty, preprocessing, or transport method.",classifier_method,false
81,MED:42208542,42208542,PMC13293968,10.1016/j.xcrm.2026.102840,context,exclude,moderate,no_relevant_discordance_stability_or_classifier_method,true,Patient-derived organoids from metastatic colorectal cancer mirror tumor heterogeneity and predict patient survival and drug sensitivity.,"The title and abstract do not jointly establish a qualifying single-sample classifier reliability, uncertainty, preprocessing, or transport method.",outcome_or_treatment_in_title,false
82,MED:39710952,39710952,PMC11717495,10.1002/path.6376,context,exclude,moderate,no_relevant_discordance_stability_or_classifier_method,true,Tumour purity assessment with deep learning in colorectal cancer and impact on molecular analysis.,"The title and abstract do not jointly establish a qualifying single-sample classifier reliability, uncertainty, preprocessing, or transport method.",strong_method_in_record,false
83,MED:39839508,39839508,PMC11748706,10.1016/j.heliyon.2024.e41443,context,exclude,moderate,no_relevant_discordance_stability_or_classifier_method,true,Development and validation of a biomarker-based prediction model for metastasis in patients with colorectal cancer: Application of machine learning algorithms.,"The title and abstract do not jointly establish a qualifying single-sample classifier reliability, uncertainty, preprocessing, or transport method.",classifier_method,false
84,MED:39979656,39979656,PMC12427072,10.1038/s41568-024-00788-2,context,exclude,moderate,no_relevant_discordance_stability_or_classifier_method,true,Defining a 'cells to society' research framework for appendiceal tumours.,"The title and abstract do not jointly establish a qualifying single-sample classifier reliability, uncertainty, preprocessing, or transport method.",,false
85,MED:40427044,40427044,PMC12109205,10.3390/biomedicines13051217,context,exclude,moderate,no_relevant_discordance_stability_or_classifier_method,true,The Expression and Molecular Roles of MAMDC2 in MSS Colorectal Cancer with a High Tumor Stromal Ratio.,"The title and abstract do not jointly establish a qualifying single-sample classifier reliability, uncertainty, preprocessing, or transport method.",classifier_method,false
86,MED:40511583,40511583,PMC12163513,10.1002/2056-4538.70034,context,exclude,moderate,no_relevant_discordance_stability_or_classifier_method,true,A quantitative tumor-wide analysis of morphological heterogeneity of colorectal adenocarcinoma.,"The title and abstract do not jointly establish a qualifying single-sample classifier reliability, uncertainty, preprocessing, or transport method.",classifier_method,false
87,MED:41409534,41409534,PMC12706160,10.2147/clep.s532957,context,exclude,moderate,no_relevant_discordance_stability_or_classifier_method,true,Refined Algorithm for Identifying Recurrence Among Patients with Non-Metastatic Colorectal Cancer Based on Danish National Health Data Registries.,"The title and abstract do not jointly establish a qualifying single-sample classifier reliability, uncertainty, preprocessing, or transport method.",outcome_or_treatment_in_title,false
88,PPR:PPR1017740,,,10.21203/rs.3.rs-6507406/v1,context,exclude,moderate,no_relevant_discordance_stability_or_classifier_method,true,"Ex vivo modeling of morphological, molecular and pharmacological tumor heterogeneity of metastatic colorectal cancer","The title and abstract do not jointly establish a qualifying single-sample classifier reliability, uncertainty, preprocessing, or transport method.",,false
89,MED:37990064,37990064,PMC10874891,10.1038/s41417-023-00695-y,context,exclude,moderate,no_relevant_discordance_stability_or_classifier_method,true,"Novel biomarker SARIFA in colorectal cancer: highly prognostic, not genetically driven and histologic indicator of a distinct tumor biology.","The title and abstract do not jointly establish a qualifying single-sample classifier reliability, uncertainty, preprocessing, or transport method.",classifier_method|outcome_or_treatment_in_title,false
90,MED:38351382,38351382,PMC10937375,10.1038/s41588-024-01654-5,context,exclude,moderate,no_relevant_discordance_stability_or_classifier_method,true,Pathway level subtyping identifies a slow-cycling biological phenotype associated with poor clinical outcomes in colorectal cancer.,"The title and abstract do not jointly establish a qualifying single-sample classifier reliability, uncertainty, preprocessing, or transport method.",classifier_method,false
91,MED:38374116,38374116,PMC10877771,10.1186/s13073-024-01302-x,context,exclude,moderate,no_relevant_discordance_stability_or_classifier_method,true,"Intra-prostatic tumour evolution, steps in metastatic spread and histogenomic associations revealed by integration of multi-region whole-genome sequencing with histopathological features.","The title and abstract do not jointly establish a qualifying single-sample classifier reliability, uncertainty, preprocessing, or transport method.",,false
92,MED:38438349,38438349,PMC10912713,10.1038/s41392-024-01760-0,context,exclude,moderate,no_relevant_discordance_stability_or_classifier_method,true,"New clinical trial design in precision medicine: discovery, development and direction.","The title and abstract do not jointly establish a qualifying single-sample classifier reliability, uncertainty, preprocessing, or transport method.",strong_method_in_record,false
93,MED:38865982,38865982,PMC11457979,10.1159/000539678,context,exclude,moderate,no_relevant_discordance_stability_or_classifier_method,true,Artificial Intelligence in Colorectal Cancer: From Patient Screening over Tailoring Treatment Decisions to Identification of Novel Biomarkers.,"The title and abstract do not jointly establish a qualifying single-sample classifier reliability, uncertainty, preprocessing, or transport method.",,false
94,MED:38911065,38911065,PMC11190348,10.1002/mco2.609,context,exclude,moderate,no_relevant_discordance_stability_or_classifier_method,true,Magnetic resonance imaging-based radiomics analysis for prediction of treatment response to neoadjuvant chemoradiotherapy and clinical outcome in patients with locally advanced rectal cancer: A large multicentric and validated study.,"The title and abstract do not jointly establish a qualifying single-sample classifier reliability, uncertainty, preprocessing, or transport method.",classifier_method|outcome_or_treatment_in_title,false
95,MED:39147895,39147895,PMC11327259,10.1038/s43856-024-00589-6,context,exclude,moderate,no_relevant_discordance_stability_or_classifier_method,true,Converging deep learning and human-observed tumor-adipocyte interaction as a biomarker in colorectal cancer.,"The title and abstract do not jointly establish a qualifying single-sample classifier reliability, uncertainty, preprocessing, or transport method.",classifier_method,false
96,MED:39279947,39279947,PMC11399859,10.21037/jgo-24-322,context,unclear,low,,false,Insights and recommendations for enhancing the prognostic nomogram in elderly patients with stage II-III colorectal cancer.,No abstract is available; founder title-level adjudication is required.,outcome_or_treatment_in_title,false
97,MED:39287842,39287842,,10.1007/s10147-024-02626-9,context,exclude,moderate,no_relevant_discordance_stability_or_classifier_method,true,Molecular profiling of risk factors for relapse in Japanese patients with stage II colorectal cancer: a retrospective cohort study.,"The title and abstract do not jointly establish a qualifying single-sample classifier reliability, uncertainty, preprocessing, or transport method.",classifier_method,false
98,MED:39310770,39310770,PMC11416555,10.1016/j.isci.2024.110701,context,exclude,moderate,no_relevant_discordance_stability_or_classifier_method,true,Tumor-associated mesenchymal stromal cells modulate macrophage phagocytosis in stromal-rich colorectal cancer via PD-1 signaling.,"The title and abstract do not jointly establish a qualifying single-sample classifier reliability, uncertainty, preprocessing, or transport method.",classifier_method,false
99,MED:39413732,39413732,PMC11513840,10.1016/j.xcrm.2024.101785,context,exclude,moderate,no_relevant_discordance_stability_or_classifier_method,true,Deep learning model with pathological knowledge for detection of colorectal neuroendocrine tumor.,"The title and abstract do not jointly establish a qualifying single-sample classifier reliability, uncertainty, preprocessing, or transport method.",strong_method_in_record,false
100,PPR:PPR791308,,,10.21203/rs.3.rs-3891488/v1,context,exclude,moderate,no_relevant_discordance_stability_or_classifier_method,true,Pathway level subtyping identifies a slow-cycling and transcriptionally lethargic biological phenotype associated with poor clinical outcomes in colon cancer independent of genetics,"The title and abstract do not jointly establish a qualifying single-sample classifier reliability, uncertainty, preprocessing, or transport method.",classifier_method,false
101,MED:37296894,37296894,PMC10251979,10.3390/cancers15112934,context,exclude,moderate,no_relevant_discordance_stability_or_classifier_method,true,"A Multi-Omics Overview of Colorectal Cancer to Address Mechanisms of Disease, Metastasis, Patient Disparities and Outcomes.","The title and abstract do not jointly establish a qualifying single-sample classifier reliability, uncertainty, preprocessing, or transport method.",classifier_method,false
102,MED:37446311,37446311,PMC10342679,10.3390/ijms241311133,context,exclude,moderate,no_relevant_discordance_stability_or_classifier_method,true,Using Machine Learning Methods to Study Colorectal Cancer Tumor Micro-Environment and Its Biomarkers.,"The title and abstract do not jointly establish a qualifying single-sample classifier reliability, uncertainty, preprocessing, or transport method.",classifier_method,false
103,MED:37506451,37506451,,10.1016/j.compbiomed.2023.107274,context,exclude,moderate,no_relevant_discordance_stability_or_classifier_method,true,Deep learning exploration of single-cell and spatially resolved cancer transcriptomics to unravel tumour heterogeneity.,"The title and abstract do not jointly establish a qualifying single-sample classifier reliability, uncertainty, preprocessing, or transport method.",classifier_method,false
104,MED:37551703,37551703,PMC10952145,10.1002/path.6153,context,exclude,moderate,no_relevant_discordance_stability_or_classifier_method,true,Application of digital pathology-based advanced analytics of tumour microenvironment organisation to predict prognosis and therapeutic response.,"The title and abstract do not jointly establish a qualifying single-sample classifier reliability, uncertainty, preprocessing, or transport method.",outcome_or_treatment_in_title,false
105,MED:37602638,37602638,PMC10754382,10.4103/sjg.sjg_85_23,context,exclude,moderate,no_relevant_discordance_stability_or_classifier_method,true,Comparison of KRAS gene in circulating tumor DNA levels vs histological grading of colorectal cancer patients through liquid biopsy.,"The title and abstract do not jointly establish a qualifying single-sample classifier reliability, uncertainty, preprocessing, or transport method.",strong_method_in_record,false
106,MED:37701575,37701575,PMC10494211,10.1016/j.isci.2023.107702,context,exclude,moderate,no_relevant_discordance_stability_or_classifier_method,true,Deep learning-derived spatial organization features on histology images predicts prognosis in colorectal liver metastasis patients after hepatectomy.,"The title and abstract do not jointly establish a qualifying single-sample classifier reliability, uncertainty, preprocessing, or transport method.",strong_method_in_record|classifier_method|outcome_or_treatment_in_title,false
107,MED:37792663,37792663,,10.1002/path.6196,context,exclude,moderate,no_relevant_discordance_stability_or_classifier_method,true,Transcriptomics and proteomics reveal distinct biology for lymph node metastases and tumour deposits in colorectal cancer.,"The title and abstract do not jointly establish a qualifying single-sample classifier reliability, uncertainty, preprocessing, or transport method.",classifier_method,false
108,MED:37837931,37837931,PMC10585232,10.1016/j.ebiom.2023.104829,context,exclude,moderate,no_relevant_discordance_stability_or_classifier_method,true,"Transcriptomic subtyping of malignant peripheral nerve sheath tumours highlights immune signatures, genomic profiles, patient survival and therapeutic targets.","The title and abstract do not jointly establish a qualifying single-sample classifier reliability, uncertainty, preprocessing, or transport method.",classifier_method|outcome_or_treatment_in_title,false
109,PPR:PPR669048,,,10.21203/rs.3.rs-2928509/v1,context,exclude,moderate,no_relevant_discordance_stability_or_classifier_method,true,Tumor heterogeneity and prognostic impact of the aberrant splicing burden of colorectal cancers,"The title and abstract do not jointly establish a qualifying single-sample classifier reliability, uncertainty, preprocessing, or transport method.",strong_method_in_record|classifier_method|outcome_or_treatment_in_title,false
110,MED:35322056,35322056,PMC8943120,10.1038/s41598-022-08351-5,context,exclude,moderate,no_relevant_discordance_stability_or_classifier_method,true,Automated quality assessment of large digitised histology cohorts by artificial intelligence.,"The title and abstract do not jointly establish a qualifying single-sample classifier reliability, uncertainty, preprocessing, or transport method.",classifier_method,false
111,MED:35489435,35489435,,10.1053/j.gastro.2022.04.025,context,unclear,low,,false,Clinical Applications of Artificial Intelligence in Gastroenterology: Excitement and Evidence.,No abstract is available; founder title-level adjudication is required.,,false
112,MED:35954443,35954443,PMC9367360,10.3390/cancers14153780,context,exclude,moderate,no_relevant_discordance_stability_or_classifier_method,true,Current Developments of Artificial Intelligence in Digital Pathology and Its Future Clinical Applications in Gastrointestinal Cancers.,"The title and abstract do not jointly establish a qualifying single-sample classifier reliability, uncertainty, preprocessing, or transport method.",strong_method_in_record,false
113,MED:36001383,36001383,,10.1158/1078-0432.ccr-22-1326,context,exclude,moderate,no_relevant_discordance_stability_or_classifier_method,true,"Bevacizumab May Differentially Improve Prognosis of Advanced Ovarian Cancer Patients with Low Expression of VEGF-A165b, an Antiangiogenic VEGF-A Splice Variant.","The title and abstract do not jointly establish a qualifying single-sample classifier reliability, uncertainty, preprocessing, or transport method.",strong_method_in_record|outcome_or_treatment_in_title,false
114,MED:36008070,36008070,PMC9422819,10.1136/bmjopen-2022-063914,context,exclude,moderate,no_relevant_discordance_stability_or_classifier_method,true,"Cohort profile: population-based cohorts of patients with colorectal cancer and of their relatives in Geneva, Switzerland.","The title and abstract do not jointly establish a qualifying single-sample classifier reliability, uncertainty, preprocessing, or transport method.",,false
115,MED:36138135,36138135,,10.1038/s43018-022-00436-4,context,exclude,moderate,no_relevant_discordance_stability_or_classifier_method,true,Artificial intelligence in histopathology: enhancing cancer research and clinical oncology.,"The title and abstract do not jointly establish a qualifying single-sample classifier reliability, uncertainty, preprocessing, or transport method.",classifier_method,false
116,MED:33204028,33204028,PMC7884739,10.1038/s41416-020-01122-x,context,exclude,moderate,no_relevant_discordance_stability_or_classifier_method,true,Deep learning in cancer pathology: a new generation of clinical biomarkers.,"The title and abstract do not jointly establish a qualifying single-sample classifier reliability, uncertainty, preprocessing, or transport method.",classifier_method,false
117,MED:33590485,33590485,,10.1111/his.14353,context,exclude,moderate,no_relevant_discordance_stability_or_classifier_method,true,Development and initial validation of a deep learning algorithm to quantify histological features in colorectal carcinoma including tumour budding/poorly differentiated clusters.,"The title and abstract do not jointly establish a qualifying single-sample classifier reliability, uncertainty, preprocessing, or transport method.",strong_method_in_record|classifier_method,false
118,MED:34272358,34272358,PMC8285471,10.1038/s41389-021-00342-x,context,exclude,moderate,no_relevant_discordance_stability_or_classifier_method,true,Tumour heterogeneity and evolutionary dynamics in colorectal cancer.,"The title and abstract do not jointly establish a qualifying single-sample classifier reliability, uncertainty, preprocessing, or transport method.",classifier_method,false
119,MED:34391053,34391053,,10.1016/j.ejca.2021.07.012,context,exclude,high,review_editorial_or_commentary_for_citation_chaining_only,true,Gastrointestinal cancer classification and prognostication from histology using deep learning: Systematic review.,The title identifies secondary literature retained only for citation chaining.,classifier_method|outcome_or_treatment_in_title|secondary_literature_in_title,false
120,MED:35242697,35242697,PMC8886672,10.3389/fonc.2021.819565,context,exclude,moderate,no_relevant_discordance_stability_or_classifier_method,true,From Mouse to Human: Cellular Morphometric Subtype Learned From Mouse Mammary Tumors Provides Prognostic Value in Human Breast Cancer.,"The title and abstract do not jointly establish a qualifying single-sample classifier reliability, uncertainty, preprocessing, or transport method.",domain_in_record|classifier_method|outcome_or_treatment_in_title|nonhuman_in_title,false
121,MED:29571083,29571083,,10.1016/j.ejca.2018.02.023,context,exclude,moderate,no_relevant_discordance_stability_or_classifier_method,true,Expression-based intrinsic glioma subtypes are prognostic in low-grade gliomas of the EORTC22033-26033 clinical trial.,"The title and abstract do not jointly establish a qualifying single-sample classifier reliability, uncertainty, preprocessing, or transport method.",domain_in_record|classifier_method|outcome_or_treatment_in_title,false
122,MED:28165299,28165299,,10.1200/jco.2016.71.9807,context,exclude,moderate,no_relevant_discordance_stability_or_classifier_method,true,"Molecular Biomarkers for the Evaluation of Colorectal Cancer: Guideline From the American Society for Clinical Pathology, College of American Pathologists, Association for Molecular Pathology, and the American Society of Clinical Oncology.","The title and abstract do not jointly establish a qualifying single-sample classifier reliability, uncertainty, preprocessing, or transport method.",strong_method_in_record|classifier_method,false
123,MED:28587590,28587590,PMC5461714,10.1186/s12864-017-3819-y,context,exclude,moderate,no_relevant_discordance_stability_or_classifier_method,true,RNA sequencing and transcriptome arrays analyses show opposing results for alternative splicing in patient derived samples.,"The title and abstract do not jointly establish a qualifying single-sample classifier reliability, uncertainty, preprocessing, or transport method.",strong_method_in_record|classifier_method,false
124,MED:28677162,28677162,PMC5601279,10.1002/ijc.30869,context,exclude,moderate,no_relevant_discordance_stability_or_classifier_method,true,The clinical impact of tumour-infiltrating lymphocytes in colorectal cancer differs by anatomical subsite: A cohort study.,"The title and abstract do not jointly establish a qualifying single-sample classifier reliability, uncertainty, preprocessing, or transport method.",strong_method_in_record,false
125,MED:28697342,28697342,PMC5599156,10.1016/j.ccell.2017.06.003,context,exclude,moderate,no_relevant_discordance_stability_or_classifier_method,true,Tumor Evolution of Glioma-Intrinsic Gene Expression Subtypes Associates with Immunological Changes in the Microenvironment.,"The title and abstract do not jointly establish a qualifying single-sample classifier reliability, uncertainty, preprocessing, or transport method.",classifier_method,false
126,MED:28807232,28807232,,10.1016/j.critrevonc.2017.06.007,context,exclude,moderate,no_relevant_discordance_stability_or_classifier_method,true,Ovarian cancer: Novel molecular aspects for clinical assessment.,"The title and abstract do not jointly establish a qualifying single-sample classifier reliability, uncertainty, preprocessing, or transport method.",classifier_method,false
127,MED:29115304,29115304,,10.1038/nrclinonc.2017.166,context,exclude,moderate,no_relevant_discordance_stability_or_classifier_method,true,Tumour heterogeneity and resistance to cancer therapies.,"The title and abstract do not jointly establish a qualifying single-sample classifier reliability, uncertainty, preprocessing, or transport method.",,false
128,MED:29130628,29130628,PMC5748486,10.1002/1878-0261.12156,context,exclude,moderate,no_relevant_discordance_stability_or_classifier_method,true,Characterization of genetic intratumor heterogeneity in colorectal cancer and matching patient-derived spheroid cultures.,"The title and abstract do not jointly establish a qualifying single-sample classifier reliability, uncertainty, preprocessing, or transport method.",strong_method_in_record|classifier_method,false
129,MED:26762204,26762204,,10.1158/0008-5472.can-15-0776,context,exclude,moderate,no_relevant_discordance_stability_or_classifier_method,true,Identification of Patients with Recurrent Glioblastoma Who May Benefit from Combined Bevacizumab and CCNU Therapy: A Report from the BELOB Trial.,"The title and abstract do not jointly establish a qualifying single-sample classifier reliability, uncertainty, preprocessing, or transport method.",classifier_method|outcome_or_treatment_in_title,false
130,MED:26827964,26827964,,10.1016/j.ygyno.2016.01.026,context,exclude,moderate,no_relevant_discordance_stability_or_classifier_method,true,Gene-expression signatures in ovarian cancer: Promise and challenges for patient stratification.,"The title and abstract do not jointly establish a qualifying single-sample classifier reliability, uncertainty, preprocessing, or transport method.",strong_method_in_record|classifier_method,false
131,MED:27396951,27396951,PMC5423205,10.1016/j.molonc.2016.06.004,context,exclude,moderate,no_relevant_discordance_stability_or_classifier_method,true,A validated microRNA profile with predictive potential in glioblastoma patients treated with bevacizumab.,"The title and abstract do not jointly establish a qualifying single-sample classifier reliability, uncertainty, preprocessing, or transport method.",classifier_method,false
132,MED:27922044,27922044,,10.1038/nrclinonc.2016.171,context,exclude,moderate,no_relevant_discordance_stability_or_classifier_method,true,From tumour heterogeneity to advances in precision treatment of colorectal cancer.,"The title and abstract do not jointly establish a qualifying single-sample classifier reliability, uncertainty, preprocessing, or transport method.",classifier_method,false
133,MED:26071350,26071350,PMC5528718,10.1016/j.molonc.2015.05.004,context,exclude,moderate,no_relevant_discordance_stability_or_classifier_method,true,Identification of major factors associated with failed clinical molecular oncology testing performed by next generation sequencing (NGS).,"The title and abstract do not jointly establish a qualifying single-sample classifier reliability, uncertainty, preprocessing, or transport method.",,false
134,MED:25057166,25057166,,10.1093/annonc/mdu275,context,exclude,moderate,no_relevant_discordance_stability_or_classifier_method,true,"Distal and proximal colon cancers differ in terms of molecular, pathological, and clinical features.","The title and abstract do not jointly establish a qualifying single-sample classifier reliability, uncertainty, preprocessing, or transport method.",classifier_method,false
135,MED:25520874,25520874,PMC4266718,,context,exclude,moderate,no_relevant_discordance_stability_or_classifier_method,true,A mathematical model for short-term vs. long-term survival in patients with glioma.,"The title and abstract do not jointly establish a qualifying single-sample classifier reliability, uncertainty, preprocessing, or transport method.",outcome_or_treatment_in_title,false
136,MED:23917454,23917454,PMC3799825,10.1158/1055-9965.epi-13-0192,context,exclude,moderate,no_relevant_discordance_stability_or_classifier_method,true,Molecular signatures of epithelial ovarian cancer: analysis of associations with tumor characteristics and epidemiologic risk factors.,"The title and abstract do not jointly establish a qualifying single-sample classifier reliability, uncertainty, preprocessing, or transport method.",classifier_method,false
137,MED:22991413,22991413,,10.1158/1078-0432.ccr-11-3302,context,exclude,moderate,no_relevant_discordance_stability_or_classifier_method,true,ColoGuidePro: a prognostic 7-gene expression signature for stage III colorectal cancer patients.,"The title and abstract do not jointly establish a qualifying single-sample classifier reliability, uncertainty, preprocessing, or transport method.",strong_method_in_record|classifier_method|outcome_or_treatment_in_title,false
138,MED:23272949,23272949,PMC3543849,10.1186/1755-8794-5-66,context,exclude,moderate,no_relevant_discordance_stability_or_classifier_method,true,Subtypes of primary colorectal tumors correlate with response to targeted treatment in colorectal cell lines.,"The title and abstract do not jointly establish a qualifying single-sample classifier reliability, uncertainty, preprocessing, or transport method.",strong_method_in_record|classifier_method|outcome_or_treatment_in_title,false
139,MED:21407225,21407225,PMC3065290,10.1038/bjc.2011.66,context,exclude,moderate,no_relevant_discordance_stability_or_classifier_method,true,Exon-array profiling unlocks clinically and biologically relevant gene signatures from formalin-fixed paraffin-embedded tumour samples.,"The title and abstract do not jointly establish a qualifying single-sample classifier reliability, uncertainty, preprocessing, or transport method.",strong_method_in_record|classifier_method,false
140,MED:21619627,21619627,PMC3219073,10.1186/gm248,context,exclude,moderate,no_relevant_discordance_stability_or_classifier_method,true,Transcriptome instability in colorectal cancer identified by exon microarray analyses: Associations with splicing factor expression levels and patient survival.,"The title and abstract do not jointly establish a qualifying single-sample classifier reliability, uncertainty, preprocessing, or transport method.",classifier_method|outcome_or_treatment_in_title,false
141,MED:19914252,19914252,PMC3388775,10.1053/j.gastro.2009.11.005,context,exclude,moderate,no_relevant_discordance_stability_or_classifier_method,true,Experimentally derived metastasis gene expression profile predicts recurrence and death in patients with colon cancer.,"The title and abstract do not jointly establish a qualifying single-sample classifier reliability, uncertainty, preprocessing, or transport method.",strong_method_in_record|classifier_method|outcome_or_treatment_in_title,false
142,MED:19996206,19996206,PMC2920750,10.1158/1078-0432.ccr-09-1431,context,exclude,moderate,no_relevant_discordance_stability_or_classifier_method,true,Metastasis-Associated Gene Expression Changes Predict Poor Outcomes in Patients with Dukes Stage B and C Colorectal Cancer.,"The title and abstract do not jointly establish a qualifying single-sample classifier reliability, uncertainty, preprocessing, or transport method.",strong_method_in_record|classifier_method,false
143,MED:18593951,18593951,PMC7039050,10.1158/0008-5472.can-07-6595,context,exclude,moderate,no_relevant_discordance_stability_or_classifier_method,true,A gene signature predicting for survival in suboptimally debulked patients with ovarian cancer.,"The title and abstract do not jointly establish a qualifying single-sample classifier reliability, uncertainty, preprocessing, or transport method.",classifier_method|outcome_or_treatment_in_title,false
144,MED:17380152,17380152,,10.1038/nrd2251,context,exclude,moderate,no_relevant_discordance_stability_or_classifier_method,true,Stratified medicine: strategic and economic implications of combining drugs and clinical biomarkers.,"The title and abstract do not jointly establish a qualifying single-sample classifier reliability, uncertainty, preprocessing, or transport method.",,false
145,MED:17575129,17575129,,10.1158/0008-5472.can-06-2869,context,exclude,moderate,no_relevant_discordance_stability_or_classifier_method,true,Identification of differentially regulated splice variants and novel exons in glial brain tumors using exon expression arrays.,"The title and abstract do not jointly establish a qualifying single-sample classifier reliability, uncertainty, preprocessing, or transport method.",classifier_method,false
146,MED:17664471,17664471,,10.1200/jco.2006.10.5437,context,exclude,moderate,no_relevant_discordance_stability_or_classifier_method,true,Expression of epiregulin and amphiregulin and K-ras mutation status predict disease control in metastatic colorectal cancer patients treated with cetuximab.,"The title and abstract do not jointly establish a qualifying single-sample classifier reliability, uncertainty, preprocessing, or transport method.",classifier_method,false
147,MED:17878921,17878921,,10.1038/sj.leu.2404900,context,unclear,low,,false,Macrophages and tumor angiogenesis.,No abstract is available; founder title-level adjudication is required.,,false
148,MED:16288054,16288054,,10.1158/0008-5472.can-05-2240,context,exclude,moderate,no_relevant_discordance_stability_or_classifier_method,true,"Expression profiling of serous low malignant potential, low-grade, and high-grade tumors of the ovary.","The title and abstract do not jointly establish a qualifying single-sample classifier reliability, uncertainty, preprocessing, or transport method.",classifier_method,false
149,MED:12454837,12454837,,10.1053/gast.2002.37070,context,exclude,moderate,no_relevant_discordance_stability_or_classifier_method,true,Evaluation of tumor microsatellite instability using five quasimonomorphic mononucleotide repeats and pentaplex PCR.,"The title and abstract do not jointly establish a qualifying single-sample classifier reliability, uncertainty, preprocessing, or transport method.",classifier_method,false
150,MED:11479231,11479231,,,context,exclude,moderate,no_relevant_discordance_stability_or_classifier_method,true,Genetic analysis of early- versus late-stage ovarian tumors.,"The title and abstract do not jointly establish a qualifying single-sample classifier reliability, uncertainty, preprocessing, or transport method.",classifier_method,false
151,MED:41383975,41383975,PMC12690632,10.3892/ol.2025.15407,context,exclude,moderate,no_relevant_discordance_stability_or_classifier_method,true,CRISPR/Cas9-mediated claudin-2 knockout in HCT116 cells reveals its key role in colorectal cancer progression.,"The title and abstract do not jointly establish a qualifying single-sample classifier reliability, uncertainty, preprocessing, or transport method.",classifier_method,false
152,MED:41530374,41530374,PMC12858838,10.1038/s41698-025-01253-5,context,exclude,moderate,no_relevant_discordance_stability_or_classifier_method,true,Exploratory biomarker analysis of RAS/BRAF somatic mutations and gene expression signatures for predicting treatment effects of aflibercept in the velour trial.,"The title and abstract do not jointly establish a qualifying single-sample classifier reliability, uncertainty, preprocessing, or transport method.",classifier_method,false
153,MED:41550766,41550766,PMC12803930,10.1016/j.isci.2025.114455,context,exclude,moderate,no_relevant_discordance_stability_or_classifier_method,true,Integrative analysis of transcriptomic data reveals a predictive gene signature for chemoradiotherapy response in rectal cancer.,"The title and abstract do not jointly establish a qualifying single-sample classifier reliability, uncertainty, preprocessing, or transport method.",classifier_method|outcome_or_treatment_in_title,false
154,MED:41588707,41588707,PMC12984008,10.1002/path.70029,context,exclude,moderate,no_relevant_discordance_stability_or_classifier_method,true,Integrating artificial intelligence (AI) into colorectal cancer reporting.,"The title and abstract do not jointly establish a qualifying single-sample classifier reliability, uncertainty, preprocessing, or transport method.",strong_method_in_record,false
155,MED:41673045,41673045,PMC13004917,10.1038/s41597-026-06675-9,context,exclude,moderate,no_relevant_discordance_stability_or_classifier_method,true,Large-Scale Histological Image Dataset with Metadata for Colorectal Cancer Microenvironment.,"The title and abstract do not jointly establish a qualifying single-sample classifier reliability, uncertainty, preprocessing, or transport method.",classifier_method,false
156,MED:41933856,41933856,,10.1016/j.critrevonc.2026.105311,context,exclude,moderate,no_relevant_discordance_stability_or_classifier_method,true,Integrated single‑cell and spatial transcriptomics reveal the colorectal cancer microenvironment.,"The title and abstract do not jointly establish a qualifying single-sample classifier reliability, uncertainty, preprocessing, or transport method.",classifier_method,false
157,MED:42153825,42153825,,10.1148/radiol.251719,context,exclude,moderate,no_relevant_discordance_stability_or_classifier_method,true,Interpretable MRI-based Multiparametric Radiomics for Preoperative Prediction of CMS4 Colorectal Cancer.,"The title and abstract do not jointly establish a qualifying single-sample classifier reliability, uncertainty, preprocessing, or transport method.",classifier_method,false
158,MED:42153829,42153829,,10.1148/radiol.261015,context,unclear,low,,false,Beyond Cellularity: MRI Radiomics and the CMS4 Mesenchymal Phenotype in Colorectal Cancer.,No abstract is available; founder title-level adjudication is required.,,false
159,MED:39095655,39095655,PMC11958429,10.1007/s00424-024-03002-2,context,exclude,moderate,no_relevant_discordance_stability_or_classifier_method,true,Decoding pathology: the role of computational pathology in research and diagnostics.,"The title and abstract do not jointly establish a qualifying single-sample classifier reliability, uncertainty, preprocessing, or transport method.",,false
160,MED:39579981,39579981,,10.1016/j.jtho.2024.11.016,context,exclude,moderate,no_relevant_discordance_stability_or_classifier_method,true,Differentiating Separate Primary Lung Adenocarcinomas From Intrapulmonary Metastases With Emphasis on Pathological and Molecular Considerations: Recommendations From the International Association for the Study of Lung Cancer Pathology Committee.,"The title and abstract do not jointly establish a qualifying single-sample classifier reliability, uncertainty, preprocessing, or transport method.",classifier_method,false
161,MED:39623175,39623175,,10.1007/s00464-024-11426-1,context,exclude,moderate,no_relevant_discordance_stability_or_classifier_method,true,Deep learning-assisted colonoscopy images for prediction of mismatch repair deficiency in colorectal cancer.,"The title and abstract do not jointly establish a qualifying single-sample classifier reliability, uncertainty, preprocessing, or transport method.",strong_method_in_record|classifier_method,false
162,MED:39798526,39798526,,10.1016/j.media.2024.103437,context,exclude,moderate,no_relevant_discordance_stability_or_classifier_method,true,Self-interactive learning: Fusion and evolution of multi-scale histomorphology features for molecular traits prediction in computational pathology.,"The title and abstract do not jointly establish a qualifying single-sample classifier reliability, uncertainty, preprocessing, or transport method.",strong_method_in_record|classifier_method,false
163,MED:39958547,39958547,PMC11756003,10.4251/wjgo.v17.i2.100552,context,exclude,moderate,no_relevant_discordance_stability_or_classifier_method,true,Prognosis in stage II colon cancer: Expanding the horizons of risk factors.,"The title and abstract do not jointly establish a qualifying single-sample classifier reliability, uncertainty, preprocessing, or transport method.",outcome_or_treatment_in_title,false
164,MED:40053129,40053129,,10.1007/s10142-025-01561-w,context,exclude,moderate,no_relevant_discordance_stability_or_classifier_method,true,"Transcriptomic profiling reveals mechanism, therapeutic potential, and prognostic value of cancer stemness characteristic in nasopharyngeal carcinoma.","The title and abstract do not jointly establish a qualifying single-sample classifier reliability, uncertainty, preprocessing, or transport method.",classifier_method|outcome_or_treatment_in_title,false
165,MED:40306572,40306572,,10.1016/j.labinv.2025.104186,context,exclude,moderate,no_relevant_discordance_stability_or_classifier_method,true,Deep Learning-Powered Whole Slide Image Analysis in Cancer Pathology.,"The title and abstract do not jointly establish a qualifying single-sample classifier reliability, uncertainty, preprocessing, or transport method.",,false
166,MED:40311875,40311875,,10.1016/j.labinv.2025.104187,context,exclude,moderate,no_relevant_discordance_stability_or_classifier_method,true,Quantitative Analysis of Rectal Cancer Biopsies With the Digital Pathology Segmentation Algorithm QuantCRC Associates With Therapy Response and Recurrence.,"The title and abstract do not jointly establish a qualifying single-sample classifier reliability, uncertainty, preprocessing, or transport method.",classifier_method|outcome_or_treatment_in_title,false
167,MED:40393458,40393458,PMC12278653,10.1016/j.xgen.2025.100881,context,exclude,moderate,no_relevant_discordance_stability_or_classifier_method,true,Phenotypic heterogeneity and plasticity in colorectal cancer metastasis.,"The title and abstract do not jointly establish a qualifying single-sample classifier reliability, uncertainty, preprocessing, or transport method.",classifier_method,false
168,MED:40468074,40468074,PMC12350155,10.1038/s41586-025-09125-5,context,exclude,moderate,no_relevant_discordance_stability_or_classifier_method,true,Loss of colonic fidelity enables multilineage plasticity and metastasis.,"The title and abstract do not jointly establish a qualifying single-sample classifier reliability, uncertainty, preprocessing, or transport method.",,false
169,MED:40538516,40538516,PMC12175868,10.3748/wjg.v31.i21.106964,context,exclude,moderate,no_relevant_discordance_stability_or_classifier_method,true,Recent advances and challenges in colorectal cancer: From molecular research to treatment.,"The title and abstract do not jointly establish a qualifying single-sample classifier reliability, uncertainty, preprocessing, or transport method.",,false
170,MED:40710412,40710412,PMC12296007,10.3390/jpm15070295,context,exclude,moderate,no_relevant_discordance_stability_or_classifier_method,true,New Insights into Personalized Surgical Oncology.,"The title and abstract do not jointly establish a qualifying single-sample classifier reliability, uncertainty, preprocessing, or transport method.",,false
171,MED:40749584,40749584,,10.1016/j.leukres.2025.107923,context,exclude,moderate,no_relevant_discordance_stability_or_classifier_method,true,Deep learning-based morphological assessment of myelodysplastic syndrome on bone marrow smears.,"The title and abstract do not jointly establish a qualifying single-sample classifier reliability, uncertainty, preprocessing, or transport method.",classifier_method,false
172,MED:40874818,40874818,PMC12392270,10.1093/bib/bbaf440,context,exclude,moderate,no_relevant_discordance_stability_or_classifier_method,true,Deep learning-driven multi-omics analysis: enhancing cancer diagnostics and therapeutics.,"The title and abstract do not jointly establish a qualifying single-sample classifier reliability, uncertainty, preprocessing, or transport method.",classifier_method,false
173,MED:40906037,40906037,,10.1007/s13258-025-01677-0,context,exclude,moderate,no_relevant_discordance_stability_or_classifier_method,true,Deep learning-driven whole-slide image analysis predicts chemo-resistance and motility subtypes in muscle-invasive bladder cancer.,"The title and abstract do not jointly establish a qualifying single-sample classifier reliability, uncertainty, preprocessing, or transport method.",classifier_method,false
174,MED:41170074,41170074,PMC12569932,10.6026/973206300211836,context,exclude,moderate,no_relevant_discordance_stability_or_classifier_method,true,Interpretable self-supervised contrastive learning for colorectal cancer histopathology: GRADCAM visualization.,"The title and abstract do not jointly establish a qualifying single-sample classifier reliability, uncertainty, preprocessing, or transport method.",classifier_method,false
175,MED:41249481,41249481,PMC12623892,10.1038/s41746-025-02034-x,context,exclude,moderate,no_relevant_discordance_stability_or_classifier_method,true,A multimodal AI model for precision prognosis in clear cell renal cell carcinoma: A multicenter study.,"The title and abstract do not jointly establish a qualifying single-sample classifier reliability, uncertainty, preprocessing, or transport method.",strong_method_in_record|classifier_method|outcome_or_treatment_in_title,false
176,MED:41303568,41303568,PMC12652317,10.3390/ijms262211086,context,unclear,moderate,,true,From CMS to iCMS/IMF: Developing Roadmap to Precision Therapy in Colorectal Cancer.,"The abstract contains relevant classifier and reliability signals, but direct eligibility is not unambiguous from deterministic rules.",domain_in_record|strong_method_in_record|classifier_method|outcome_or_treatment_in_title,false
177,MED:41395603,41395603,PMC12698480,10.3389/fonc.2025.1723546,context,exclude,moderate,no_relevant_discordance_stability_or_classifier_method,true,"Advances in colorectal cancer screening: technological innovations, guideline discrepancies, and individualized strategies.","The title and abstract do not jointly establish a qualifying single-sample classifier reliability, uncertainty, preprocessing, or transport method.",,false
178,MED:41516254,41516254,PMC12785522,10.3390/ijms27010379,context,exclude,moderate,no_relevant_discordance_stability_or_classifier_method,true,AI-Driven Digital Pathology: Deep Learning and Multimodal Integration for Precision Oncology.,"The title and abstract do not jointly establish a qualifying single-sample classifier reliability, uncertainty, preprocessing, or transport method.",strong_method_in_record,false
179,PPR:PPR977124,,,10.1101/2025.02.09.25321567,context,exclude,moderate,no_relevant_discordance_stability_or_classifier_method,true,DeepSpot: Leveraging Spatial Context for Enhanced Spatial Transcriptomics Prediction from H&E Images,"The title and abstract do not jointly establish a qualifying single-sample classifier reliability, uncertainty, preprocessing, or transport method.",classifier_method,false
180,MED:36647247,36647247,PMC10668589,10.1002/mas.21824,context,exclude,moderate,no_relevant_discordance_stability_or_classifier_method,true,Biological mass spectrometry enables spatiotemporal 'omics: From tissues to cells to organelles.,"The title and abstract do not jointly establish a qualifying single-sample classifier reliability, uncertainty, preprocessing, or transport method.",strong_method_in_record,false
181,MED:37647175,37647175,,10.1109/tmi.2023.3309971,context,exclude,moderate,no_relevant_discordance_stability_or_classifier_method,true,Nucleus-Aware Self-Supervised Pretraining Using Unpaired Image-to-Image Translation for Histopathology Images.,"The title and abstract do not jointly establish a qualifying single-sample classifier reliability, uncertainty, preprocessing, or transport method.",classifier_method,false
182,MED:38245662,38245662,PMC10951272,10.1038/s41416-024-02573-2,context,exclude,moderate,no_relevant_discordance_stability_or_classifier_method,true,Predicting 5-year recurrence risk in colorectal cancer: development and validation of a histology-based deep learning approach.,"The title and abstract do not jointly establish a qualifying single-sample classifier reliability, uncertainty, preprocessing, or transport method.",outcome_or_treatment_in_title,false
183,MED:38284821,38284821,PMC10985477,10.1158/1541-7786.mcr-23-0639,context,exclude,moderate,no_relevant_discordance_stability_or_classifier_method,true,"Semi-Supervised, Attention-Based Deep Learning for Predicting TMPRSS2:ERG Fusion Status in Prostate Cancer Using Whole Slide Images.","The title and abstract do not jointly establish a qualifying single-sample classifier reliability, uncertainty, preprocessing, or transport method.",,false
184,MED:38310237,38310237,PMC10837897,10.1186/s12967-024-04915-3,context,exclude,moderate,no_relevant_discordance_stability_or_classifier_method,true,"Pathogenomics for accurate diagnosis, treatment, prognosis of oncology: a cutting edge overview.","The title and abstract do not jointly establish a qualifying single-sample classifier reliability, uncertainty, preprocessing, or transport method.",outcome_or_treatment_in_title,false
185,MED:38325154,38325154,,10.1016/j.media.2024.103097,context,exclude,moderate,no_relevant_discordance_stability_or_classifier_method,true,Immune subtyping of melanoma whole slide images using multiple instance learning.,"The title and abstract do not jointly establish a qualifying single-sample classifier reliability, uncertainty, preprocessing, or transport method.",classifier_method,false
186,MED:38341402,38341402,PMC10858881,10.1038/s41467-024-45589-1,context,exclude,moderate,no_relevant_discordance_stability_or_classifier_method,true,Regression-based Deep-Learning predicts molecular biomarkers from pathology slides.,"The title and abstract do not jointly establish a qualifying single-sample classifier reliability, uncertainty, preprocessing, or transport method.",classifier_method,false
187,MED:38356716,38356716,PMC10861814,10.7150/jca.90970,context,exclude,moderate,no_relevant_discordance_stability_or_classifier_method,true,Gene Expression Profile Analysis of the Molecular Mechanism of HOXD10 Regulation of Epithelial Ovarian Cancer Cells.,"The title and abstract do not jointly establish a qualifying single-sample classifier reliability, uncertainty, preprocessing, or transport method.",classifier_method,false
188,MED:38491101,38491101,PMC10942985,10.1038/s43856-024-00471-5,context,exclude,moderate,no_relevant_discordance_stability_or_classifier_method,true,A systematic pan-cancer study on deep learning-based prediction of multi-omic biomarkers from routine pathology images.,"The title and abstract do not jointly establish a qualifying single-sample classifier reliability, uncertainty, preprocessing, or transport method.",classifier_method,false
189,MED:38539231,38539231,PMC10976780,10.1186/s13073-024-01315-6,context,exclude,moderate,no_relevant_discordance_stability_or_classifier_method,true,Deep learning in cancer genomics and histopathology.,"The title and abstract do not jointly establish a qualifying single-sample classifier reliability, uncertainty, preprocessing, or transport method.",,false
190,MED:38594651,38594651,PMC11005210,10.1186/s12903-024-04191-z,context,exclude,moderate,no_relevant_discordance_stability_or_classifier_method,true,Oral epithelial dysplasia detection and grading in oral leukoplakia using deep learning.,"The title and abstract do not jointly establish a qualifying single-sample classifier reliability, uncertainty, preprocessing, or transport method.",strong_method_in_record|classifier_method,false
191,MED:38688978,38688978,PMC11061124,10.1038/s41598-024-60715-1,context,exclude,moderate,no_relevant_discordance_stability_or_classifier_method,true,Identification and clinicopathological analysis of potential p73-regulated biomarkers in colorectal cancer via integrative bioinformatics.,"The title and abstract do not jointly establish a qualifying single-sample classifier reliability, uncertainty, preprocessing, or transport method.",strong_method_in_record|classifier_method,false
192,MED:38789645,38789645,PMC11271412,10.1038/s41591-024-02993-w,context,exclude,moderate,no_relevant_discordance_stability_or_classifier_method,true,Prediction of recurrence risk in endometrial cancer with multimodal deep learning.,"The title and abstract do not jointly establish a qualifying single-sample classifier reliability, uncertainty, preprocessing, or transport method.",outcome_or_treatment_in_title,false
193,MED:38791889,38791889,PMC11119770,10.3390/cancers16101810,context,exclude,moderate,no_relevant_discordance_stability_or_classifier_method,true,Prediction of Mismatch Repair Status in Endometrial Cancer from Histological Slide Images Using Various Deep Learning-Based Algorithms.,"The title and abstract do not jointly establish a qualifying single-sample classifier reliability, uncertainty, preprocessing, or transport method.",classifier_method,false
194,MED:38893110,38893110,PMC11171401,10.3390/cancers16111989,context,exclude,moderate,no_relevant_discordance_stability_or_classifier_method,true,"Precision Oncology, Artificial Intelligence, and Novel Therapeutic Advancements in the Diagnosis, Prevention, and Treatment of Cancer: Highlights from the 59th Irish Association for Cancer Research (IACR) Annual Conference.","The title and abstract do not jointly establish a qualifying single-sample classifier reliability, uncertainty, preprocessing, or transport method.",,false
195,MED:38972973,38972973,PMC11229270,10.1186/s12916-024-03482-0,context,exclude,moderate,no_relevant_discordance_stability_or_classifier_method,true,Mining the interpretable prognostic features from pathological image of intrahepatic cholangiocarcinoma using multi-modal deep learning.,"The title and abstract do not jointly establish a qualifying single-sample classifier reliability, uncertainty, preprocessing, or transport method.",strong_method_in_record|outcome_or_treatment_in_title,false
196,MED:39023969,39023969,PMC11257085,10.1158/2767-9764.crc-23-0502,context,exclude,moderate,no_relevant_discordance_stability_or_classifier_method,true,Stratification to Neoadjuvant Radiotherapy in Rectal Cancer by Regimen and Transcriptional Signatures.,"The title and abstract do not jointly establish a qualifying single-sample classifier reliability, uncertainty, preprocessing, or transport method.",classifier_method,false
197,MED:39112715,39112715,PMC11374687,10.1038/s41586-024-07769-3,context,exclude,moderate,no_relevant_discordance_stability_or_classifier_method,true,Prognostic genome and transcriptome signatures in colorectal cancers.,"The title and abstract do not jointly establish a qualifying single-sample classifier reliability, uncertainty, preprocessing, or transport method.",classifier_method|outcome_or_treatment_in_title,false
198,MED:39115792,39115792,,10.1007/s11684-024-1085-3,context,exclude,moderate,no_relevant_discordance_stability_or_classifier_method,true,Artificial intelligence methods available for cancer research.,"The title and abstract do not jointly establish a qualifying single-sample classifier reliability, uncertainty, preprocessing, or transport method.",strong_method_in_record,false
199,MED:39279963,39279963,PMC11399837,10.21037/jgo-24-45,context,exclude,moderate,no_relevant_discordance_stability_or_classifier_method,true,A novel model based on protein post-translational modifications comprising the immune landscape and prediction of colorectal cancer prognosis.,"The title and abstract do not jointly establish a qualifying single-sample classifier reliability, uncertainty, preprocessing, or transport method.",classifier_method|outcome_or_treatment_in_title,false
200,MED:39309850,39309850,PMC11415691,10.1016/j.heliyon.2024.e37561,context,exclude,moderate,no_relevant_discordance_stability_or_classifier_method,true,Improving performance in colorectal cancer histology decomposition using deep and ensemble machine learning.,"The title and abstract do not jointly establish a qualifying single-sample classifier reliability, uncertainty, preprocessing, or transport method.",classifier_method,false
201,MED:36083132,36083132,,10.1158/1078-0432.ccr-22-0390,context,exclude,moderate,no_relevant_discordance_stability_or_classifier_method,true,Facts and Hopes on the Use of Artificial Intelligence for Predictive Immunotherapy Biomarkers in Cancer.,"The title and abstract do not jointly establish a qualifying single-sample classifier reliability, uncertainty, preprocessing, or transport method.",,false
202,MED:36376239,36376239,PMC9732687,10.1002/cjp2.302,context,exclude,moderate,no_relevant_discordance_stability_or_classifier_method,true,Optimization of deep learning models for the prediction of gene mutations using unsupervised clustering.,"The title and abstract do not jointly establish a qualifying single-sample classifier reliability, uncertainty, preprocessing, or transport method.",,false
203,MED:36723384,36723384,PMC10073932,10.1002/cjp2.312,context,exclude,moderate,no_relevant_discordance_stability_or_classifier_method,true,Predicting microsatellite instability and key biomarkers in colorectal cancer from H&E-stained images: achieving state-of-the-art predictive performance with fewer data using Swin Transformer.,"The title and abstract do not jointly establish a qualifying single-sample classifier reliability, uncertainty, preprocessing, or transport method.",strong_method_in_record,false
204,MED:36801447,36801447,,10.1016/j.semcancer.2023.02.006,context,exclude,moderate,no_relevant_discordance_stability_or_classifier_method,true,Predicting gene mutation status via artificial intelligence technologies based on multimodal integration (MMI) to advance precision oncology.,"The title and abstract do not jointly establish a qualifying single-sample classifier reliability, uncertainty, preprocessing, or transport method.",,false
205,MED:36819263,36819263,PMC9929396,10.21037/qims-22-679,context,exclude,moderate,no_relevant_discordance_stability_or_classifier_method,true,"Multimodal investigation of bladder cancer data based on computed tomography, whole slide imaging, and transcriptomics.","The title and abstract do not jointly establish a qualifying single-sample classifier reliability, uncertainty, preprocessing, or transport method.",classifier_method,false
206,MED:36841434,36841434,,10.1016/j.modpat.2023.100124,context,exclude,moderate,no_relevant_discordance_stability_or_classifier_method,true,Artificial Intelligence Enables Quantitative Assessment of Ulcerative Colitis Histology.,"The title and abstract do not jointly establish a qualifying single-sample classifier reliability, uncertainty, preprocessing, or transport method.",strong_method_in_record|classifier_method,false
207,MED:36929936,36929936,PMC10248832,10.1093/jnci/djad048,context,exclude,moderate,no_relevant_discordance_stability_or_classifier_method,true,Overcoming the challenges to implementation of artificial intelligence in pathology.,"The title and abstract do not jointly establish a qualifying single-sample classifier reliability, uncertainty, preprocessing, or transport method.",,false
208,MED:37006285,37006285,PMC10063861,10.3389/fimmu.2023.1153423,context,exclude,moderate,no_relevant_discordance_stability_or_classifier_method,true,Prognostic signatures of sphingolipids: Understanding the immune landscape and predictive role in immunotherapy response and outcomes of hepatocellular carcinoma.,"The title and abstract do not jointly establish a qualifying single-sample classifier reliability, uncertainty, preprocessing, or transport method.",outcome_or_treatment_in_title,false
209,MED:37114657,37114657,,10.1093/bib/bbad151,context,exclude,moderate,no_relevant_discordance_stability_or_classifier_method,true,Recent application of artificial intelligence on histopathologic image-based prediction of gene mutation in solid cancers.,"The title and abstract do not jointly establish a qualifying single-sample classifier reliability, uncertainty, preprocessing, or transport method.",,false
210,MED:37292469,,,,context,unclear,low,,false,The evolution of next-generation sequencing technologies.,No abstract is available; founder title-level adjudication is required.,,false
211,MED:37314068,37314068,,10.1002/gcc.23177,context,exclude,moderate,no_relevant_discordance_stability_or_classifier_method,true,Machine learning in computational histopathology: Challenges and opportunities.,"The title and abstract do not jointly establish a qualifying single-sample classifier reliability, uncertainty, preprocessing, or transport method.",,false
212,MED:37489084,37489084,PMC10551667,10.1158/2159-8290.cd-23-0050,context,exclude,moderate,no_relevant_discordance_stability_or_classifier_method,true,Colorectal Cancer Organoid-Stroma Biobank Allows Subtype-Specific Assessment of Individualized Therapy Responses.,"The title and abstract do not jointly establish a qualifying single-sample classifier reliability, uncertainty, preprocessing, or transport method.",classifier_method|outcome_or_treatment_in_title,false
213,MED:37635388,37635388,PMC10557859,10.1002/cam4.6474,context,exclude,moderate,no_relevant_discordance_stability_or_classifier_method,true,Predicting cervical lymph node metastasis in OSCC based on computed tomography imaging genomics.,"The title and abstract do not jointly establish a qualifying single-sample classifier reliability, uncertainty, preprocessing, or transport method.",classifier_method,false
214,MED:37709267,37709267,PMC10503281,10.1177/15330338231199287,context,exclude,moderate,no_relevant_discordance_stability_or_classifier_method,true,Application of Deep Learning in Cancer Prognosis Prediction Model.,"The title and abstract do not jointly establish a qualifying single-sample classifier reliability, uncertainty, preprocessing, or transport method.",outcome_or_treatment_in_title,false
215,MED:37741820,37741820,PMC10517936,10.1038/s41598-023-42357-x,context,exclude,moderate,no_relevant_discordance_stability_or_classifier_method,true,Improved accuracy in colorectal cancer tissue decomposition through refinement of established deep learning solutions.,"The title and abstract do not jointly establish a qualifying single-sample classifier reliability, uncertainty, preprocessing, or transport method.",,false
216,MED:37745305,37745305,PMC10511881,10.3389/fcell.2023.1161667,context,exclude,moderate,no_relevant_discordance_stability_or_classifier_method,true,Identification and verification of a prognostic signature based on a miRNA-mRNA interaction pattern in colon adenocarcinoma.,"The title and abstract do not jointly establish a qualifying single-sample classifier reliability, uncertainty, preprocessing, or transport method.",strong_method_in_title|strong_method_in_record|classifier_method|outcome_or_treatment_in_title,false
217,MED:37759919,37759919,PMC10527016,10.3390/brainsci13091318,context,exclude,moderate,no_relevant_discordance_stability_or_classifier_method,true,Data Mining of Microarray Datasets in Translational Neuroscience.,"The title and abstract do not jointly establish a qualifying single-sample classifier reliability, uncertainty, preprocessing, or transport method.",classifier_method,false
218,MED:37863557,37863557,,10.1016/j.path.2023.05.003,context,exclude,moderate,no_relevant_discordance_stability_or_classifier_method,true,Deep Learning and Colon Cancer Interpretation: Rise of the Machine.,"The title and abstract do not jointly establish a qualifying single-sample classifier reliability, uncertainty, preprocessing, or transport method.",,false
219,MED:37894365,37894365,PMC10605516,10.3390/cancers15204998,context,exclude,moderate,no_relevant_discordance_stability_or_classifier_method,true,Artificial Intelligence Reveals Distinct Prognostic Subgroups of Muscle-Invasive Bladder Cancer on Histology Images.,"The title and abstract do not jointly establish a qualifying single-sample classifier reliability, uncertainty, preprocessing, or transport method.",classifier_method|outcome_or_treatment_in_title,false
220,MED:38028544,38028544,PMC10643633,10.3389/fmolb.2023.1284623,context,exclude,moderate,no_relevant_discordance_stability_or_classifier_method,true,Machine learning-enhanced insights into sphingolipid-based prognostication: revealing the immunological landscape and predictive proficiency for immunomotherapy and chemotherapy responses in pancreatic carcinoma.,"The title and abstract do not jointly establish a qualifying single-sample classifier reliability, uncertainty, preprocessing, or transport method.",classifier_method|outcome_or_treatment_in_title,false
221,PPR:PPR703060,,,10.1101/2023.07.30.23293391,context,exclude,moderate,no_relevant_discordance_stability_or_classifier_method,true,Flexible and Highly-Efficient Feature Perception for Molecular Traits Prediction via Self-interactive Deep Learning,"The title and abstract do not jointly establish a qualifying single-sample classifier reliability, uncertainty, preprocessing, or transport method.",strong_method_in_record|classifier_method,false
222,MED:33848627,33848627,,10.1016/j.semcancer.2021.04.007,context,exclude,moderate,no_relevant_discordance_stability_or_classifier_method,true,"Integrated approaches for precision oncology in colorectal cancer: The more you know, the better.","The title and abstract do not jointly establish a qualifying single-sample classifier reliability, uncertainty, preprocessing, or transport method.",classifier_method,false
223,MED:34611963,34611963,PMC9291575,10.1002/jmri.27940,context,exclude,moderate,no_relevant_discordance_stability_or_classifier_method,true,Orthotopic Versus Allotopic Implantation: Comparison of Radiological and Pathological Characteristics.,"The title and abstract do not jointly establish a qualifying single-sample classifier reliability, uncertainty, preprocessing, or transport method.",,false
224,MED:35083924,35083924,PMC9036145,10.1177/17407745211069879,context,exclude,moderate,no_relevant_discordance_stability_or_classifier_method,true,Experiences of running a stratified medicine adaptive platform trial: Challenges and lessons learned from 10 years of the FOCUS4 trial in metastatic colorectal cancer.,"The title and abstract do not jointly establish a qualifying single-sample classifier reliability, uncertainty, preprocessing, or transport method.",classifier_method,false
225,MED:35251962,35251962,PMC8891653,10.3389/fonc.2022.773840,context,exclude,moderate,no_relevant_discordance_stability_or_classifier_method,true,Deep Learning With Radiomics for Disease Diagnosis and Treatment: Challenges and Potential.,"The title and abstract do not jointly establish a qualifying single-sample classifier reliability, uncertainty, preprocessing, or transport method.",strong_method_in_record,false
226,MED:35342954,35342954,,10.1002/path.5898,context,exclude,moderate,no_relevant_discordance_stability_or_classifier_method,true,Artificial intelligence to identify genetic alterations in conventional histopathology.,"The title and abstract do not jointly establish a qualifying single-sample classifier reliability, uncertainty, preprocessing, or transport method.",,false
227,MED:35390423,35390423,,10.1016/j.bbamcr.2022.119266,context,exclude,moderate,no_relevant_discordance_stability_or_classifier_method,true,Proteomics approaches to characterize the immune responses in cancer.,"The title and abstract do not jointly establish a qualifying single-sample classifier reliability, uncertainty, preprocessing, or transport method.",classifier_method,false
228,MED:35443570,35443570,PMC9597228,10.3350/cmh.2021.0394,context,exclude,moderate,no_relevant_discordance_stability_or_classifier_method,true,Deep learning-based prediction of molecular cancer biomarkers from tissue slides: A new tool for precision oncology.,"The title and abstract do not jointly establish a qualifying single-sample classifier reliability, uncertainty, preprocessing, or transport method.",classifier_method,false
229,MED:35455101,35455101,PMC9031340,10.3390/e24040436,context,exclude,moderate,no_relevant_discordance_stability_or_classifier_method,true,A Quantitative Comparison between Shannon and Tsallis-Havrda-Charvat Entropies Applied to Cancer Outcome Prediction.,"The title and abstract do not jointly establish a qualifying single-sample classifier reliability, uncertainty, preprocessing, or transport method.",classifier_method,false
230,MED:35469069,35469069,PMC9205774,10.1038/s41591-022-01768-5,context,exclude,moderate,no_relevant_discordance_stability_or_classifier_method,true,Swarm learning for decentralized artificial intelligence in cancer histopathology.,"The title and abstract do not jointly establish a qualifying single-sample classifier reliability, uncertainty, preprocessing, or transport method.",strong_method_in_record,false
231,MED:35481680,35481680,PMC9324951,10.1002/path.5921,context,exclude,moderate,no_relevant_discordance_stability_or_classifier_method,true,Developing image analysis methods for digital pathology.,"The title and abstract do not jointly establish a qualifying single-sample classifier reliability, uncertainty, preprocessing, or transport method.",,false
232,MED:35590346,35590346,PMC9118771,10.1186/s13046-022-02385-3,context,exclude,moderate,no_relevant_discordance_stability_or_classifier_method,true,Spatially resolved transcriptomics provide a new method for cancer research.,"The title and abstract do not jointly establish a qualifying single-sample classifier reliability, uncertainty, preprocessing, or transport method.",classifier_method,false
233,MED:35622144,35622144,PMC9534807,10.1007/s00428-022-03345-0,context,exclude,moderate,no_relevant_discordance_stability_or_classifier_method,true,Towards a national strategy for digital pathology in Switzerland.,"The title and abstract do not jointly establish a qualifying single-sample classifier reliability, uncertainty, preprocessing, or transport method.",,false
234,MED:35646105,35646105,PMC9133721,10.3389/fgene.2022.880093,context,exclude,moderate,no_relevant_discordance_stability_or_classifier_method,true,Multi-Size Deep Learning Based Preoperative Computed Tomography Signature for Prognosis Prediction of Colorectal Cancer.,"The title and abstract do not jointly establish a qualifying single-sample classifier reliability, uncertainty, preprocessing, or transport method.",classifier_method|outcome_or_treatment_in_title,false
235,MED:35710828,35710828,PMC9203457,10.1038/s42003-022-03538-y,context,exclude,moderate,no_relevant_discordance_stability_or_classifier_method,true,Iron commensalism of mesenchymal glioblastoma promotes ferroptosis susceptibility upon dopamine treatment.,"The title and abstract do not jointly establish a qualifying single-sample classifier reliability, uncertainty, preprocessing, or transport method.",classifier_method,false
236,MED:35937101,35937101,PMC9355144,10.1109/ojemb.2022.3192103,context,exclude,moderate,no_relevant_discordance_stability_or_classifier_method,true,Identification of Tissue Types and Gene Mutations From Histopathology Images for Advancing Colorectal Cancer Biology.,"The title and abstract do not jointly establish a qualifying single-sample classifier reliability, uncertainty, preprocessing, or transport method.",classifier_method,false
237,MED:35985511,35985511,PMC9716432,10.1053/j.gastro.2022.08.025,context,exclude,moderate,no_relevant_discordance_stability_or_classifier_method,true,Quantitative Pathologic Analysis of Digitized Images of Colorectal Carcinoma Improves Prediction of Recurrence-Free Survival.,"The title and abstract do not jointly establish a qualifying single-sample classifier reliability, uncertainty, preprocessing, or transport method.",strong_method_in_record|classifier_method|outcome_or_treatment_in_title,false
238,MED:36059702,36059702,PMC9433878,10.3389/fonc.2022.928977,context,exclude,moderate,no_relevant_discordance_stability_or_classifier_method,true,The evolving role of morphology in endometrial cancer diagnostics: From histopathology and molecular testing towards integrative data analysis by deep learning.,"The title and abstract do not jointly establish a qualifying single-sample classifier reliability, uncertainty, preprocessing, or transport method.",classifier_method,false
239,MED:36124675,36124675,PMC9677480,10.1093/bib/bbac367,context,exclude,moderate,no_relevant_discordance_stability_or_classifier_method,true,Multi-modality artificial intelligence in digital pathology.,"The title and abstract do not jointly establish a qualifying single-sample classifier reliability, uncertainty, preprocessing, or transport method.",classifier_method,false
240,MED:36137652,36137652,PMC9511657,10.1136/jitc-2022-004717,context,exclude,moderate,no_relevant_discordance_stability_or_classifier_method,true,Complement downregulation promotes an inflammatory signature that renders colorectal cancer susceptible to immunotherapy.,"The title and abstract do not jointly establish a qualifying single-sample classifier reliability, uncertainty, preprocessing, or transport method.",,false
241,MED:36230757,36230757,PMC9562853,10.3390/cancers14194834,context,exclude,moderate,no_relevant_discordance_stability_or_classifier_method,true,Use of Personalized Biomarkers in Metastatic Colorectal Cancer and the Impact of AI.,"The title and abstract do not jointly establish a qualifying single-sample classifier reliability, uncertainty, preprocessing, or transport method.",classifier_method,false
242,MED:36268072,36268072,PMC9577036,10.1016/j.jpi.2022.100115,context,exclude,moderate,no_relevant_discordance_stability_or_classifier_method,true,Improving feature extraction from histopathological images through a fine-tuning ImageNet model.,"The title and abstract do not jointly establish a qualifying single-sample classifier reliability, uncertainty, preprocessing, or transport method.",classifier_method,false
243,MED:36292724,36292724,PMC9601308,10.3390/genes13101839,context,exclude,moderate,no_relevant_discordance_stability_or_classifier_method,true,A Python Clustering Analysis Protocol of Genes Expression Data Sets.,"The title and abstract do not jointly establish a qualifying single-sample classifier reliability, uncertainty, preprocessing, or transport method.",strong_method_in_record|classifier_method,false
244,MED:36323712,36323712,PMC9630260,10.1038/s41598-022-22731-x,context,exclude,moderate,no_relevant_discordance_stability_or_classifier_method,true,Deep learning model to predict Epstein-Barr virus associated gastric cancer in histology.,"The title and abstract do not jointly establish a qualifying single-sample classifier reliability, uncertainty, preprocessing, or transport method.",classifier_method,false
245,PPR:PPR445680,,,10.1101/2022.01.21.477189,context,exclude,moderate,no_relevant_discordance_stability_or_classifier_method,true,Deep learning can predict multi-omic biomarkers from routine pathology images: A systematic large-scale study,"The title and abstract do not jointly establish a qualifying single-sample classifier reliability, uncertainty, preprocessing, or transport method.",classifier_method,false
246,PPR:PPR573943,,,10.1101/2022.11.18.517111,context,exclude,moderate,no_relevant_discordance_stability_or_classifier_method,true,Using Attention-based Deep Learning to Predict ERG:TMPRSS2 Fusion Status in Prostate Cancer from Whole Slide Images,"The title and abstract do not jointly establish a qualifying single-sample classifier reliability, uncertainty, preprocessing, or transport method.",classifier_method,false
247,MED:33223535,33223535,PMC7884404,10.1038/s41416-020-01168-x,context,exclude,moderate,no_relevant_discordance_stability_or_classifier_method,true,The Glasgow Microenvironment Score associates with prognosis and adjuvant chemotherapy response in colorectal cancer.,"The title and abstract do not jointly establish a qualifying single-sample classifier reliability, uncertainty, preprocessing, or transport method.",outcome_or_treatment_in_title,false
248,MED:33422950,33422950,PMC7985292,10.1016/j.gde.2020.12.003,context,exclude,moderate,no_relevant_discordance_stability_or_classifier_method,true,Advances in colon cancer research: in vitro and animal models.,"The title and abstract do not jointly establish a qualifying single-sample classifier reliability, uncertainty, preprocessing, or transport method.",classifier_method,false
249,MED:33494280,33494280,PMC7864494,10.3390/cancers13030391,context,exclude,moderate,no_relevant_discordance_stability_or_classifier_method,true,Artificial Intelligence for Histology-Based Detection of Microsatellite Instability and Prediction of Response to Immunotherapy in Colorectal Cancer.,"The title and abstract do not jointly establish a qualifying single-sample classifier reliability, uncertainty, preprocessing, or transport method.",classifier_method|outcome_or_treatment_in_title,false
250,MED:33598100,33598100,PMC7851421,10.1016/j.csbj.2021.01.022,context,exclude,moderate,no_relevant_discordance_stability_or_classifier_method,true,QuPath: The global impact of an open source digital pathology system.,"The title and abstract do not jointly establish a qualifying single-sample classifier reliability, uncertainty, preprocessing, or transport method.",strong_method_in_record,false
251,MED:33652647,33652647,PMC7956421,10.3390/cancers13050973,context,exclude,moderate,no_relevant_discordance_stability_or_classifier_method,true,Radiogenomics in Colorectal Cancer.,"The title and abstract do not jointly establish a qualifying single-sample classifier reliability, uncertainty, preprocessing, or transport method.",,false
252,MED:33809521,33809521,PMC7998792,10.3390/cancers13061325,context,exclude,moderate,no_relevant_discordance_stability_or_classifier_method,true,The Potential of Artificial Intelligence to Detect Lymphovascular Invasion in Testicular Cancer.,"The title and abstract do not jointly establish a qualifying single-sample classifier reliability, uncertainty, preprocessing, or transport method.",classifier_method,false
253,MED:33967550,33967550,PMC8072192,10.3748/wjg.v27.i16.1664,context,exclude,moderate,no_relevant_discordance_stability_or_classifier_method,true,Artificial intelligence in gastroenterology and hepatology: Status and challenges.,"The title and abstract do not jointly establish a qualifying single-sample classifier reliability, uncertainty, preprocessing, or transport method.",,false
254,MED:33990804,33990804,,10.1038/s41591-021-01343-4,context,exclude,moderate,no_relevant_discordance_stability_or_classifier_method,true,Deep learning in histopathology: the path to the clinic.,"The title and abstract do not jointly establish a qualifying single-sample classifier reliability, uncertainty, preprocessing, or transport method.",strong_method_in_record,false
255,MED:34092975,34092975,PMC8160628,10.3748/wjg.v27.i20.2545,context,exclude,moderate,no_relevant_discordance_stability_or_classifier_method,true,State of machine and deep learning in histopathological applications in digestive diseases.,"The title and abstract do not jointly establish a qualifying single-sample classifier reliability, uncertainty, preprocessing, or transport method.",classifier_method,false
256,MED:34135549,34135549,PMC8173384,10.3748/wjg.v27.i21.2681,context,exclude,moderate,no_relevant_discordance_stability_or_classifier_method,true,Status quo and future prospects of artificial neural network from the perspective of gastroenterologists.,"The title and abstract do not jointly establish a qualifying single-sample classifier reliability, uncertainty, preprocessing, or transport method.",,false
257,MED:34135556,34135556,PMC8173389,10.3748/wjg.v27.i21.2818,context,exclude,moderate,no_relevant_discordance_stability_or_classifier_method,true,Requirements for implementation of artificial intelligence in the practice of gastrointestinal pathology.,"The title and abstract do not jointly establish a qualifying single-sample classifier reliability, uncertainty, preprocessing, or transport method.",classifier_method,false
258,MED:34234850,34234850,PMC8247380,10.7150/jca.55570,context,exclude,moderate,no_relevant_discordance_stability_or_classifier_method,true,Upregulating <i>KTN1</i> promotes Hepatocellular Carcinoma progression.,"The title and abstract do not jointly establish a qualifying single-sample classifier reliability, uncertainty, preprocessing, or transport method.",,false
259,MED:34470667,34470667,PMC8411524,10.1186/s13073-021-00955-2,context,exclude,moderate,no_relevant_discordance_stability_or_classifier_method,true,The expressed mutational landscape of microsatellite stable colorectal cancers.,"The title and abstract do not jointly establish a qualifying single-sample classifier reliability, uncertainty, preprocessing, or transport method.",,false
260,MED:34564308,34564308,PMC8482176,10.3390/mps4030062,context,exclude,moderate,no_relevant_discordance_stability_or_classifier_method,true,What's Wrong in a Jump? Prediction and Validation of Splice Site Variants.,"The title and abstract do not jointly establish a qualifying single-sample classifier reliability, uncertainty, preprocessing, or transport method.",classifier_method,false
261,MED:34579788,34579788,PMC8477474,10.1186/s13073-021-00968-x,context,exclude,moderate,no_relevant_discordance_stability_or_classifier_method,true,"Deep learning in cancer diagnosis, prognosis and treatment selection.","The title and abstract do not jointly establish a qualifying single-sample classifier reliability, uncertainty, preprocessing, or transport method.",classifier_method|outcome_or_treatment_in_title,false
262,MED:34686474,34686474,PMC8609154,10.1016/s2589-7500(21)00180-1,context,exclude,moderate,no_relevant_discordance_stability_or_classifier_method,true,Development and validation of a weakly supervised deep learning framework to predict the status of molecular pathways and key mutations in colorectal cancer from routine histology images: a retrospective study.,"The title and abstract do not jointly establish a qualifying single-sample classifier reliability, uncertainty, preprocessing, or transport method.",strong_method_in_record|classifier_method,false
263,MED:34686475,34686475,,10.1016/s2589-7500(21)00232-6,context,unclear,low,,false,Towards computationally efficient prediction of molecular signatures from routine histology images.,No abstract is available; founder title-level adjudication is required.,,false
264,MED:34950575,34950575,PMC8688250,10.3389/fonc.2021.730854,context,exclude,moderate,no_relevant_discordance_stability_or_classifier_method,true,Comprehensive Imaging Characterization of Colorectal Liver Metastases.,"The title and abstract do not jointly establish a qualifying single-sample classifier reliability, uncertainty, preprocessing, or transport method.",strong_method_in_record|classifier_method,false
265,MED:35083278,35083278,PMC8784816,10.3389/fmolb.2021.775700,context,exclude,moderate,no_relevant_discordance_stability_or_classifier_method,true,"Development of an Aging-Related Gene Signature for Predicting Prognosis, Immunotherapy, and Chemotherapy Benefits in Rectal Cancer.","The title and abstract do not jointly establish a qualifying single-sample classifier reliability, uncertainty, preprocessing, or transport method.",strong_method_in_record|classifier_method|outcome_or_treatment_in_title,false
266,MED:35155409,35155409,PMC8830423,10.3389/fbioe.2021.802794,context,exclude,moderate,no_relevant_discordance_stability_or_classifier_method,true,Morphology-Based Deep Learning Approach for Predicting Osteogenic Differentiation.,"The title and abstract do not jointly establish a qualifying single-sample classifier reliability, uncertainty, preprocessing, or transport method.",,false
267,PPR:PPR270504,,,10.1101/2021.01.19.21250122,context,exclude,moderate,no_relevant_discordance_stability_or_classifier_method,true,Novel deep learning algorithm predicts the status of molecular pathways and key mutations in colorectal cancer from routine histology images,"The title and abstract do not jointly establish a qualifying single-sample classifier reliability, uncertainty, preprocessing, or transport method.",strong_method_in_record,false
268,MED:32086994,32086994,PMC7065247,10.1111/jebm.12373,context,exclude,moderate,no_relevant_discordance_stability_or_classifier_method,true,Brief introduction of medical database and data mining technology in big data era.,"The title and abstract do not jointly establish a qualifying single-sample classifier reliability, uncertainty, preprocessing, or transport method.",,false
269,MED:33177794,33177794,PMC7596644,10.3748/wjg.v26.i40.6207,context,exclude,moderate,no_relevant_discordance_stability_or_classifier_method,true,Prediction of clinically actionable genetic alterations from colorectal cancer histopathology images using deep learning.,"The title and abstract do not jointly establish a qualifying single-sample classifier reliability, uncertainty, preprocessing, or transport method.",classifier_method,false
270,MED:30270453,30270453,,10.1111/his.13760,context,unclear,low,,false,Artificial intelligence-the third revolution in pathology.,No abstract is available; founder title-level adjudication is required.,,false
271,MED:30862794,30862794,PMC6414679,10.1038/s41598-019-40787-0,context,exclude,moderate,no_relevant_discordance_stability_or_classifier_method,true,"Comparative Transcriptome and Methylome Analysis in Human Skeletal Muscle Anabolism, Hypertrophy and Epigenetic Memory.","The title and abstract do not jointly establish a qualifying single-sample classifier reliability, uncertainty, preprocessing, or transport method.",classifier_method,false
272,MED:30886395,30886395,PMC7295073,10.1038/s41575-019-0126-x,context,exclude,moderate,no_relevant_discordance_stability_or_classifier_method,true,"Immunotherapy in colorectal cancer: rationale, challenges and potential.","The title and abstract do not jointly establish a qualifying single-sample classifier reliability, uncertainty, preprocessing, or transport method.",,false
273,MED:31011205,31011205,PMC6599610,10.1038/s41591-019-0424-4,context,exclude,moderate,no_relevant_discordance_stability_or_classifier_method,true,Genomic and transcriptomic profiling expands precision cancer medicine: the WINTHER trial.,"The title and abstract do not jointly establish a qualifying single-sample classifier reliability, uncertainty, preprocessing, or transport method.",classifier_method,false
274,MED:31044725,31044725,,10.1016/s1470-2045(19)30172-x,context,exclude,moderate,no_relevant_discordance_stability_or_classifier_method,true,Explaining the unexplainable: discrepancies in results from the CALGB/SWOG 80405 and FIRE-3 studies.,"The title and abstract do not jointly establish a qualifying single-sample classifier reliability, uncertainty, preprocessing, or transport method.",classifier_method,false
275,MED:29233930,29233930,PMC5754857,10.1136/gutjnl-2017-315333,context,exclude,moderate,no_relevant_discordance_stability_or_classifier_method,true,Critical research gaps and recommendations to inform research prioritisation for more effective prevention and improved outcomes in colorectal cancer.,"The title and abstract do not jointly establish a qualifying single-sample classifier reliability, uncertainty, preprocessing, or transport method.",strong_method_in_record,false
276,MED:29437871,29437871,,10.1136/gutjnl-2016-313498,context,exclude,moderate,no_relevant_discordance_stability_or_classifier_method,true,Gut microbiota modulate T cell trafficking into human colorectal cancer.,"The title and abstract do not jointly establish a qualifying single-sample classifier reliability, uncertainty, preprocessing, or transport method.",,false
277,MED:29790124,29790124,,10.1007/s40265-018-0921-7,context,exclude,moderate,no_relevant_discordance_stability_or_classifier_method,true,Colorectal Cancer: Why Does Side Matter?,"The title and abstract do not jointly establish a qualifying single-sample classifier reliability, uncertainty, preprocessing, or transport method.",,false
278,MED:30207593,30207593,,10.3322/caac.21492,context,exclude,moderate,no_relevant_discordance_stability_or_classifier_method,true,Global cancer statistics 2018: GLOBOCAN estimates of incidence and mortality worldwide for 36 cancers in 185 countries.,"The title and abstract do not jointly establish a qualifying single-sample classifier reliability, uncertainty, preprocessing, or transport method.",,false
279,MED:30477151,30477151,PMC6321493,10.3390/ijms19123733,context,exclude,moderate,no_relevant_discordance_stability_or_classifier_method,true,Heterogeneity in Colorectal Cancer: A Challenge for Personalized Medicine?,"The title and abstract do not jointly establish a qualifying single-sample classifier reliability, uncertainty, preprocessing, or transport method.",,false
280,MED:28490743,28490743,PMC5431982,10.1038/s41598-017-01966-z,context,exclude,moderate,no_relevant_discordance_stability_or_classifier_method,true,Allelic imbalance of somatic mutations in cancer genomes and transcriptomes.,"The title and abstract do not jointly establish a qualifying single-sample classifier reliability, uncertainty, preprocessing, or transport method.",classifier_method,false
281,MED:28884377,28884377,,10.1007/s11060-017-2570-1,context,exclude,moderate,no_relevant_discordance_stability_or_classifier_method,true,IDH mutation status trumps the Pignatti risk score as a prognostic marker in low-grade gliomas.,"The title and abstract do not jointly establish a qualifying single-sample classifier reliability, uncertainty, preprocessing, or transport method.",classifier_method|outcome_or_treatment_in_title,false
282,MED:29132337,29132337,PMC5683385,10.1186/s12885-017-3729-z,context,exclude,moderate,no_relevant_discordance_stability_or_classifier_method,true,Gene expression signatures of neuroendocrine prostate cancer and primary small cell prostatic carcinoma.,"The title and abstract do not jointly establish a qualifying single-sample classifier reliability, uncertainty, preprocessing, or transport method.",strong_method_in_record|classifier_method,false
283,MED:26748214,26748214,PMC4808422,10.1016/j.ygyno.2015.12.033,context,exclude,moderate,no_relevant_discordance_stability_or_classifier_method,true,Prediction of anti-angiogenesis escape.,"The title and abstract do not jointly establish a qualifying single-sample classifier reliability, uncertainty, preprocessing, or transport method.",,false
284,MED:26789870,26789870,PMC4784450,10.1056/nejmoa1506597,context,exclude,moderate,no_relevant_discordance_stability_or_classifier_method,true,CDX2 as a Prognostic Biomarker in Stage II and Stage III Colon Cancer.,"The title and abstract do not jointly establish a qualifying single-sample classifier reliability, uncertainty, preprocessing, or transport method.",strong_method_in_record|classifier_method|outcome_or_treatment_in_title,false
285,MED:26865277,26865277,PMC4755360,10.1002/gcc.22329,context,exclude,moderate,no_relevant_discordance_stability_or_classifier_method,true,Integrated genomic profiling identifies microRNA-92a regulation of IQGAP2 in locally advanced rectal cancer.,"The title and abstract do not jointly establish a qualifying single-sample classifier reliability, uncertainty, preprocessing, or transport method.",classifier_method,false
286,MED:26890883,26890883,PMC4758664,10.1371/journal.pgen.1005778,context,exclude,moderate,no_relevant_discordance_stability_or_classifier_method,true,Integrated Multiregional Analysis Proposing a New Model of Colorectal Cancer Evolution.,"The title and abstract do not jointly establish a qualifying single-sample classifier reliability, uncertainty, preprocessing, or transport method.",,false
287,MED:27321955,27321955,,10.1016/j.ccell.2016.05.004,context,exclude,moderate,no_relevant_discordance_stability_or_classifier_method,true,Comprehensive Transcriptional Analysis of Early-Stage Urothelial Carcinoma.,"The title and abstract do not jointly establish a qualifying single-sample classifier reliability, uncertainty, preprocessing, or transport method.",,false
288,MED:27423409,27423409,PMC5556681,10.1016/j.media.2016.06.037,context,exclude,moderate,no_relevant_discordance_stability_or_classifier_method,true,Image analysis and machine learning in digital pathology: Challenges and opportunities.,"The title and abstract do not jointly establish a qualifying single-sample classifier reliability, uncertainty, preprocessing, or transport method.",classifier_method,false
289,MED:27458531,27458531,PMC4944549,10.20892/j.issn.2095-3941.2016.0024,context,exclude,moderate,no_relevant_discordance_stability_or_classifier_method,true,Genetic and molecular changes in ovarian cancer.,"The title and abstract do not jointly establish a qualifying single-sample classifier reliability, uncertainty, preprocessing, or transport method.",classifier_method,false
290,MED:27536319,27536319,PMC4971393,10.3389/fgene.2016.00137,context,exclude,moderate,no_relevant_discordance_stability_or_classifier_method,true,Gene Coexpression Analyses Differentiate Networks Associated with Diverse Cancers Harboring TP53 Missense or Null Mutations.,"The title and abstract do not jointly establish a qualifying single-sample classifier reliability, uncertainty, preprocessing, or transport method.",strong_method_in_record,false
291,MED:28145097,28145097,PMC5527459,10.1002/1878-0261.12012,context,exclude,moderate,no_relevant_discordance_stability_or_classifier_method,true,Multiregion ultra-deep sequencing reveals early intermixing and variable levels of intratumoral heterogeneity in colorectal cancer.,"The title and abstract do not jointly establish a qualifying single-sample classifier reliability, uncertainty, preprocessing, or transport method.",classifier_method,false
292,MED:25706628,25706628,,10.1038/ng.3225,context,exclude,moderate,no_relevant_discordance_stability_or_classifier_method,true,Stromal gene expression defines poor-prognosis subtypes in colorectal cancer.,"The title and abstract do not jointly establish a qualifying single-sample classifier reliability, uncertainty, preprocessing, or transport method.",strong_method_in_record|classifier_method|outcome_or_treatment_in_title,false
293,MED:26145760,26145760,,10.1016/j.ctrv.2015.06.007,context,exclude,moderate,no_relevant_discordance_stability_or_classifier_method,true,Rectal and colon cancer: Not just a different anatomic site.,"The title and abstract do not jointly establish a qualifying single-sample classifier reliability, uncertainty, preprocessing, or transport method.",,false
294,MED:26474385,26474385,PMC4742197,10.18632/oncotarget.5500,context,exclude,moderate,no_relevant_discordance_stability_or_classifier_method,true,Novel RNA variants in colorectal cancers.,"The title and abstract do not jointly establish a qualifying single-sample classifier reliability, uncertainty, preprocessing, or transport method.",classifier_method,false
295,MED:26499895,26499895,PMC4837114,10.1038/nrmicro3552,context,exclude,moderate,no_relevant_discordance_stability_or_classifier_method,true,Gut biogeography of the bacterial microbiota.,"The title and abstract do not jointly establish a qualifying single-sample classifier reliability, uncertainty, preprocessing, or transport method.",,false
296,MED:24504546,24504546,,10.1007/s00428-013-1509-y,context,exclude,moderate,no_relevant_discordance_stability_or_classifier_method,true,Prognostic biomarkers in endometrial and ovarian carcinoma.,"The title and abstract do not jointly establish a qualifying single-sample classifier reliability, uncertainty, preprocessing, or transport method.",classifier_method|outcome_or_treatment_in_title,false
297,MED:24747602,24747602,,10.1016/j.mce.2014.03.006,context,exclude,moderate,no_relevant_discordance_stability_or_classifier_method,true,MicroRNAs as prognostic markers in ovarian cancer.,"The title and abstract do not jointly establish a qualifying single-sample classifier reliability, uncertainty, preprocessing, or transport method.",classifier_method|outcome_or_treatment_in_title,false
298,MED:25083765,25083765,PMC4118858,10.1371/journal.pone.0103159,context,exclude,moderate,no_relevant_discordance_stability_or_classifier_method,true,"Sporadic early-onset colorectal cancer is a specific sub-type of cancer: a morphological, molecular and genetics study.","The title and abstract do not jointly establish a qualifying single-sample classifier reliability, uncertainty, preprocessing, or transport method.",classifier_method,false
299,MED:25160635,25160635,PMC5528577,10.1016/j.molonc.2014.07.021,context,exclude,moderate,no_relevant_discordance_stability_or_classifier_method,true,Molecular pathology - the value of an integrative approach.,"The title and abstract do not jointly establish a qualifying single-sample classifier reliability, uncertainty, preprocessing, or transport method.",,false
300,MED:25234148,25234148,,10.1038/nri3738,context,exclude,moderate,no_relevant_discordance_stability_or_classifier_method,true,Regional specialization within the intestinal immune system.,"The title and abstract do not jointly establish a qualifying single-sample classifier reliability, uncertainty, preprocessing, or transport method.",,false
301,MED:25320007,25320007,PMC4252979,10.1158/0008-5472.can-14-1592,context,exclude,moderate,no_relevant_discordance_stability_or_classifier_method,true,Nuclear factor of activated T-cell activity is associated with metastatic capacity in colon cancer.,"The title and abstract do not jointly establish a qualifying single-sample classifier reliability, uncertainty, preprocessing, or transport method.",classifier_method,false
302,MED:25335543,25335543,,10.2217/whe.14.37,context,exclude,moderate,no_relevant_discordance_stability_or_classifier_method,true,"Ovarian cancer: diagnostic, biological and prognostic aspects.","The title and abstract do not jointly establish a qualifying single-sample classifier reliability, uncertainty, preprocessing, or transport method.",classifier_method|outcome_or_treatment_in_title,false
303,MED:23584090,23584090,,10.1038/nm.3174,context,exclude,moderate,no_relevant_discordance_stability_or_classifier_method,true,Poor-prognosis colon cancer is defined by a molecularly distinct subtype and develops from serrated precursor lesions.,"The title and abstract do not jointly establish a qualifying single-sample classifier reliability, uncertainty, preprocessing, or transport method.",classifier_method|outcome_or_treatment_in_title,false
304,MED:23618408,23618408,PMC4053844,10.1186/gb-2013-14-4-r36,context,exclude,moderate,no_relevant_discordance_stability_or_classifier_method,true,"TopHat2: accurate alignment of transcriptomes in the presence of insertions, deletions and gene fusions.","The title and abstract do not jointly establish a qualifying single-sample classifier reliability, uncertainty, preprocessing, or transport method.",classifier_method,false
305,MED:23836465,23836465,PMC3840702,10.1002/path.4212,context,exclude,moderate,no_relevant_discordance_stability_or_classifier_method,true,Gene expression patterns unveil a new level of molecular heterogeneity in colorectal cancer.,"The title and abstract do not jointly establish a qualifying single-sample classifier reliability, uncertainty, preprocessing, or transport method.",strong_method_in_record|classifier_method,false
306,MED:24120142,24120142,PMC3910500,10.1016/j.cell.2013.09.034,context,exclude,moderate,no_relevant_discordance_stability_or_classifier_method,true,The somatic genomic landscape of glioblastoma.,"The title and abstract do not jointly establish a qualifying single-sample classifier reliability, uncertainty, preprocessing, or transport method.",classifier_method,false
307,MED:22427238,22427238,PMC3345105,10.1136/gutjnl-2011-300865,context,exclude,moderate,no_relevant_discordance_stability_or_classifier_method,true,Assessment of colorectal cancer molecular features along bowel subsites challenges the conception of distinct dichotomy of proximal versus distal colorectum.,"The title and abstract do not jointly establish a qualifying single-sample classifier reliability, uncertainty, preprocessing, or transport method.",classifier_method,false
308,MED:22638577,22638577,PMC3458527,10.1093/nar/gks461,context,exclude,moderate,no_relevant_discordance_stability_or_classifier_method,true,Camera: a competitive gene set test accounting for inter-gene correlation.,"The title and abstract do not jointly establish a qualifying single-sample classifier reliability, uncertainty, preprocessing, or transport method.",classifier_method,false
309,MED:22710688,22710688,,10.1007/s00384-012-1517-4,context,exclude,moderate,no_relevant_discordance_stability_or_classifier_method,true,Gene expression profiles in stages II and III colon cancers: application of a 128-gene signature.,"The title and abstract do not jointly establish a qualifying single-sample classifier reliability, uncertainty, preprocessing, or transport method.",strong_method_in_record|classifier_method,false
310,MED:22917480,22917480,,10.1089/omi.2012.0039,context,exclude,moderate,no_relevant_discordance_stability_or_classifier_method,true,A seven-gene signature aggregates a subgroup of stage II colon cancers with stage III.,"The title and abstract do not jointly establish a qualifying single-sample classifier reliability, uncertainty, preprocessing, or transport method.",classifier_method,false
311,MED:22955987,22955987,PMC3431492,10.1101/gr.135350.111,context,exclude,moderate,no_relevant_discordance_stability_or_classifier_method,true,GENCODE: the reference human genome annotation for The ENCODE Project.,"The title and abstract do not jointly establish a qualifying single-sample classifier reliability, uncertainty, preprocessing, or transport method.",,false
312,MED:23153532,23153532,PMC3512565,10.1016/j.ccr.2012.08.013,context,exclude,moderate,no_relevant_discordance_stability_or_classifier_method,true,Dependency of colorectal cancer on a TGF-β-driven program in stromal cells for metastasis initiation.,"The title and abstract do not jointly establish a qualifying single-sample classifier reliability, uncertainty, preprocessing, or transport method.",,false
313,MED:27942089,27942089,PMC5145272,10.1111/j.1467-8659.2012.03110.x,context,exclude,moderate,no_relevant_discordance_stability_or_classifier_method,true,StratomeX: Visual Analysis of Large-Scale Heterogeneous Genomics Data for Cancer Subtype Characterization.,"The title and abstract do not jointly establish a qualifying single-sample classifier reliability, uncertainty, preprocessing, or transport method.",classifier_method,false
314,MED:21478275,21478275,PMC3228192,10.1634/theoncologist.2010-0248,context,exclude,moderate,no_relevant_discordance_stability_or_classifier_method,true,Long-term neuropathy after oxaliplatin treatment: challenging the dictum of reversibility.,"The title and abstract do not jointly establish a qualifying single-sample classifier reliability, uncertainty, preprocessing, or transport method.",,false
315,MED:21712445,21712445,,10.1158/1078-0432.ccr-10-3096,context,exclude,moderate,no_relevant_discordance_stability_or_classifier_method,true,"Gene expression profiling of fixed tissues identified hypoxia-inducible factor-1α, VEGF, and matrix metalloproteinase-2 as biomarkers of lymph node metastasis in hepatocellular carcinoma.","The title and abstract do not jointly establish a qualifying single-sample classifier reliability, uncertainty, preprocessing, or transport method.",classifier_method,false
316,MED:20106720,20106720,,10.1016/s1470-2045(09)70381-x,context,exclude,moderate,no_relevant_discordance_stability_or_classifier_method,true,Neoadjuvant capecitabine and oxaliplatin before chemoradiotherapy and total mesorectal excision in MRI-defined poor-risk rectal cancer: a phase 2 trial.,"The title and abstract do not jointly establish a qualifying single-sample classifier reliability, uncertainty, preprocessing, or transport method.",,false
317,MED:20129251,20129251,PMC2818769,10.1016/j.ccr.2009.12.020,context,exclude,moderate,no_relevant_discordance_stability_or_classifier_method,true,"Integrated genomic analysis identifies clinically relevant subtypes of glioblastoma characterized by abnormalities in PDGFRA, IDH1, EGFR, and NF1.","The title and abstract do not jointly establish a qualifying single-sample classifier reliability, uncertainty, preprocessing, or transport method.",strong_method_in_record|classifier_method,false
318,MED:20386703,20386703,PMC2851649,10.1371/journal.pone.0010061,context,exclude,moderate,no_relevant_discordance_stability_or_classifier_method,true,Association between DNA damage response and repair genes and risk of invasive serous ovarian cancer.,"The title and abstract do not jointly establish a qualifying single-sample classifier reliability, uncertainty, preprocessing, or transport method.",strong_method_in_record|outcome_or_treatment_in_title,false
319,MED:20524862,20524862,,10.5858/134.6.837,context,exclude,moderate,no_relevant_discordance_stability_or_classifier_method,true,TNM staging system of colorectal carcinoma: a critical appraisal of challenging issues.,"The title and abstract do not jointly establish a qualifying single-sample classifier reliability, uncertainty, preprocessing, or transport method.",classifier_method,false
320,MED:20688152,20688152,,10.1016/j.ygeno.2010.07.010,context,exclude,moderate,no_relevant_discordance_stability_or_classifier_method,true,A comparison between ribo-minus RNA-sequencing and polyA-selected RNA-sequencing.,"The title and abstract do not jointly establish a qualifying single-sample classifier reliability, uncertainty, preprocessing, or transport method.",classifier_method,false
321,MED:20929874,20929874,PMC3001098,10.1093/nar/gkq871,context,exclude,moderate,no_relevant_discordance_stability_or_classifier_method,true,Optimizing the noise versus bias trade-off for Illumina whole genome expression BeadChips.,"The title and abstract do not jointly establish a qualifying single-sample classifier reliability, uncertainty, preprocessing, or transport method.",strong_method_in_record,false
322,MED:21085593,21085593,PMC2981572,10.1371/journal.pone.0013984,context,exclude,moderate,no_relevant_discordance_stability_or_classifier_method,true,Enrichment map: a network-based method for gene-set enrichment visualization and interpretation.,"The title and abstract do not jointly establish a qualifying single-sample classifier reliability, uncertainty, preprocessing, or transport method.",classifier_method,false
323,MED:19208739,19208739,PMC2645472,10.1158/1541-7786.mcr-08-0435,context,exclude,moderate,no_relevant_discordance_stability_or_classifier_method,true,Rembrandt: helping personalized medicine become a reality through integrative translational research.,"The title and abstract do not jointly establish a qualifying single-sample classifier reliability, uncertainty, preprocessing, or transport method.",classifier_method,false
324,MED:19244127,19244127,PMC2845963,10.1158/0008-5472.can-08-2100,context,exclude,moderate,no_relevant_discordance_stability_or_classifier_method,true,Unsupervised analysis of transcriptomic profiles reveals six glioma subtypes.,"The title and abstract do not jointly establish a qualifying single-sample classifier reliability, uncertainty, preprocessing, or transport method.",strong_method_in_record|classifier_method,false
325,MED:19318476,19318476,PMC3050629,10.1158/1078-0432.ccr-08-2430,context,exclude,moderate,no_relevant_discordance_stability_or_classifier_method,true,Microarray analysis of early stage serous ovarian cancers shows profiles predictive of favorable outcome.,"The title and abstract do not jointly establish a qualifying single-sample classifier reliability, uncertainty, preprocessing, or transport method.",classifier_method,false
326,MED:19339720,19339720,,10.1056/nejmoa0805019,context,exclude,moderate,no_relevant_discordance_stability_or_classifier_method,true,Cetuximab and chemotherapy as initial treatment for metastatic colorectal cancer.,"The title and abstract do not jointly establish a qualifying single-sample classifier reliability, uncertainty, preprocessing, or transport method.",strong_method_in_record|outcome_or_treatment_in_title,false
327,MED:19451425,19451425,,10.1200/jco.2008.21.6663,context,exclude,moderate,no_relevant_discordance_stability_or_classifier_method,true,Randomized phase III trial comparing biweekly infusional fluorouracil/leucovorin alone or with irinotecan in the adjuvant treatment of stage III colon cancer: PETACC-3.,"The title and abstract do not jointly establish a qualifying single-sample classifier reliability, uncertainty, preprocessing, or transport method.",,false
328,MED:19505943,19505943,PMC2723002,10.1093/bioinformatics/btp352,context,exclude,moderate,no_relevant_discordance_stability_or_classifier_method,true,The Sequence Alignment/Map format and SAMtools.,"The title and abstract do not jointly establish a qualifying single-sample classifier reliability, uncertainty, preprocessing, or transport method.",,false
329,MED:18301740,18301740,PMC2244704,10.1371/journal.pone.0001662,context,exclude,moderate,no_relevant_discordance_stability_or_classifier_method,true,High throughput gene expression measurement with real time PCR in a microfluidic dynamic array.,"The title and abstract do not jointly establish a qualifying single-sample classifier reliability, uncertainty, preprocessing, or transport method.",strong_method_in_record|classifier_method,false
330,MED:18635485,18635485,,10.1213/ane.0b013e318173465e,context,exclude,moderate,no_relevant_discordance_stability_or_classifier_method,true,Sevoflurane and the feto-placental vasculature: the role of nitric oxide and vasoactive eicosanoids.,"The title and abstract do not jointly establish a qualifying single-sample classifier reliability, uncertainty, preprocessing, or transport method.",,false
331,MED:18654623,18654623,PMC2447881,10.1371/journal.pcbi.1000029,context,exclude,moderate,no_relevant_discordance_stability_or_classifier_method,true,Nonnegative matrix factorization: an analytical and interpretive tool in computational biology.,"The title and abstract do not jointly establish a qualifying single-sample classifier reliability, uncertainty, preprocessing, or transport method.",strong_method_in_record|classifier_method,false
332,MED:19038000,19038000,,10.1111/j.1349-7006.2008.01002.x,context,exclude,moderate,no_relevant_discordance_stability_or_classifier_method,true,Using gene expression profiling to identify a prognostic molecular spectrum in gliomas.,"The title and abstract do not jointly establish a qualifying single-sample classifier reliability, uncertainty, preprocessing, or transport method.",classifier_method|outcome_or_treatment_in_title,false
333,MED:19088021,19088021,PMC2605660,10.1158/1078-0432.ccr-08-1431,context,exclude,moderate,no_relevant_discordance_stability_or_classifier_method,true,DNA copy-number alterations underlie gene expression differences between microsatellite stable and unstable colorectal cancers.,"The title and abstract do not jointly establish a qualifying single-sample classifier reliability, uncertainty, preprocessing, or transport method.",classifier_method,false
334,MED:17373482,17373482,,10.2144/000112315,context,exclude,moderate,no_relevant_discordance_stability_or_classifier_method,true,High correspondence between Affymetrix exon and standard expression arrays.,"The title and abstract do not jointly establish a qualifying single-sample classifier reliability, uncertainty, preprocessing, or transport method.",strong_method_in_record|classifier_method,false
335,MED:17496320,17496320,,10.1093/bioinformatics/btm254,context,exclude,moderate,no_relevant_discordance_stability_or_classifier_method,true,GEOquery: a bridge between the Gene Expression Omnibus (GEO) and BioConductor.,"The title and abstract do not jointly establish a qualifying single-sample classifier reliability, uncertainty, preprocessing, or transport method.",strong_method_in_record|classifier_method,false
336,MED:17567617,17567617,PMC1919478,10.1093/nar/gkm348,context,exclude,moderate,no_relevant_discordance_stability_or_classifier_method,true,Explaining differences in saturation levels for Affymetrix GeneChip arrays.,"The title and abstract do not jointly establish a qualifying single-sample classifier reliability, uncertainty, preprocessing, or transport method.",strong_method_in_record|classifier_method,false
337,MED:17608777,17608777,,10.1111/j.1572-0241.2007.01389.x,context,exclude,moderate,no_relevant_discordance_stability_or_classifier_method,true,The importance of recognizing increased cecal inflammation in health and avoiding the misdiagnosis of nonspecific colitis.,"The title and abstract do not jointly establish a qualifying single-sample classifier reliability, uncertainty, preprocessing, or transport method.",,false
338,MED:18094416,18094416,,10.1158/1078-0432.ccr-06-2789,context,exclude,moderate,no_relevant_discordance_stability_or_classifier_method,true,Gene expression-based molecular diagnostic system for malignant gliomas is superior to histological diagnosis.,"The title and abstract do not jointly establish a qualifying single-sample classifier reliability, uncertainty, preprocessing, or transport method.",strong_method_in_record|classifier_method,false
339,MED:18688287,18688287,PMC2500185,10.1371/journal.pone.0003007,context,exclude,moderate,no_relevant_discordance_stability_or_classifier_method,true,Exon expression arrays as a tool to identify new cancer genes.,"The title and abstract do not jointly establish a qualifying single-sample classifier reliability, uncertainty, preprocessing, or transport method.",,false
340,MED:16530701,16530701,,10.1016/j.ccr.2006.02.019,context,exclude,moderate,no_relevant_discordance_stability_or_classifier_method,true,"Molecular subclasses of high-grade glioma predict prognosis, delineate a pattern of disease progression, and resemble stages in neurogenesis.","The title and abstract do not jointly establish a qualifying single-sample classifier reliability, uncertainty, preprocessing, or transport method.",strong_method_in_record|classifier_method|outcome_or_treatment_in_title,false
341,MED:16613834,16613834,,10.1093/biostatistics/kxj029,context,exclude,moderate,no_relevant_discordance_stability_or_classifier_method,true,Are clusters found in one dataset present in another dataset?,"The title and abstract do not jointly establish a qualifying single-sample classifier reliability, uncertainty, preprocessing, or transport method.",strong_method_in_record|classifier_method,false
342,MED:16964225,16964225,,10.1038/nbt1236,context,exclude,moderate,no_relevant_discordance_stability_or_classifier_method,true,Evaluation of DNA microarray results with quantitative gene expression platforms.,"The title and abstract do not jointly establish a qualifying single-sample classifier reliability, uncertainty, preprocessing, or transport method.",strong_method_in_record|classifier_method,false
343,MED:16990345,16990345,,10.1093/carcin/bgl176,context,exclude,moderate,no_relevant_discordance_stability_or_classifier_method,true,"Regulation of Cdx2 expression by promoter methylation, and effects of Cdx2 transfection on morphology and gene expression of human esophageal epithelial cells.","The title and abstract do not jointly establish a qualifying single-sample classifier reliability, uncertainty, preprocessing, or transport method.",classifier_method,false
344,MED:15897565,15897565,,10.1158/1078-0432.ccr-04-2398,context,exclude,moderate,no_relevant_discordance_stability_or_classifier_method,true,Patterns of gene expression that characterize long-term survival in advanced stage serous ovarian cancers.,"The title and abstract do not jointly establish a qualifying single-sample classifier reliability, uncertainty, preprocessing, or transport method.",classifier_method|outcome_or_treatment_in_title,false
345,MED:15940994,15940994,,10.1109/tnn.2005.845141,context,exclude,moderate,no_relevant_discordance_stability_or_classifier_method,true,Survey of clustering algorithms.,"The title and abstract do not jointly establish a qualifying single-sample classifier reliability, uncertainty, preprocessing, or transport method.",,false
346,MED:16204010,16204010,,10.1200/jco.2005.02.9363,context,exclude,moderate,no_relevant_discordance_stability_or_classifier_method,true,Unique gene expression profile based on pathologic response in epithelial ovarian cancer.,"The title and abstract do not jointly establish a qualifying single-sample classifier reliability, uncertainty, preprocessing, or transport method.",classifier_method|outcome_or_treatment_in_title,false
347,MED:15084694,15084694,,10.1056/nejmoa040465,context,exclude,moderate,no_relevant_discordance_stability_or_classifier_method,true,Prognostically useful gene-expression profiles in acute myeloid leukemia.,"The title and abstract do not jointly establish a qualifying single-sample classifier reliability, uncertainty, preprocessing, or transport method.",classifier_method|outcome_or_treatment_in_title,false
348,MED:15374961,15374961,,10.1158/0008-5472.can-04-0452,context,exclude,moderate,no_relevant_discordance_stability_or_classifier_method,true,Gene expression profiling of gliomas strongly predicts survival.,"The title and abstract do not jointly establish a qualifying single-sample classifier reliability, uncertainty, preprocessing, or transport method.",classifier_method|outcome_or_treatment_in_title,false
349,MED:15505275,15505275,,10.1200/jco.2004.04.070,context,exclude,moderate,no_relevant_discordance_stability_or_classifier_method,true,Gene expression signature with independent prognostic significance in epithelial ovarian cancer.,"The title and abstract do not jointly establish a qualifying single-sample classifier reliability, uncertainty, preprocessing, or transport method.",classifier_method|outcome_or_treatment_in_title,false
350,MED:14597658,14597658,PMC403769,10.1101/gr.1239303,context,exclude,moderate,no_relevant_discordance_stability_or_classifier_method,true,Cytoscape: a software environment for integrated models of biomolecular interaction networks.,"The title and abstract do not jointly establish a qualifying single-sample classifier reliability, uncertainty, preprocessing, or transport method.",classifier_method,false
351,MED:10221741,10221741,,10.1016/s0022-3956(98)90046-2,context,exclude,moderate,no_relevant_discordance_stability_or_classifier_method,true,Correlating and predicting psychiatric symptom ratings: Spearman's r versus Kendall's tau correlation.,"The title and abstract do not jointly establish a qualifying single-sample classifier reliability, uncertainty, preprocessing, or transport method.",strong_method_in_record,false
352,MED:10362805,10362805,PMC1866613,10.1016/s0002-9440(10)65436-3,context,exclude,moderate,no_relevant_discordance_stability_or_classifier_method,true,High prevalence of activated intraepithelial cytotoxic T lymphocytes and increased neoplastic cell apoptosis in colorectal carcinomas with microsatellite instability.,"The title and abstract do not jointly establish a qualifying single-sample classifier reliability, uncertainty, preprocessing, or transport method.",,false
353,MED:10548103,10548103,,10.1038/44565,context,exclude,moderate,no_relevant_discordance_stability_or_classifier_method,true,Learning the parts of objects by non-negative matrix factorization.,"The title and abstract do not jointly establish a qualifying single-sample classifier reliability, uncertainty, preprocessing, or transport method.",,false
354,MED:9396760,9396760,PMC2132620,10.1083/jcb.139.6.1553,context,exclude,moderate,no_relevant_discordance_stability_or_classifier_method,true,Key role of the Cdx2 homeobox gene in extracellular matrix-mediated intestinal cell differentiation.,"The title and abstract do not jointly establish a qualifying single-sample classifier reliability, uncertainty, preprocessing, or transport method.",,false
355,MED:3203132,3203132,,10.2307/2531595,context,exclude,moderate,no_relevant_discordance_stability_or_classifier_method,true,Comparing the areas under two or more correlated receiver operating characteristic curves: a nonparametric approach.,"The title and abstract do not jointly establish a qualifying single-sample classifier reliability, uncertainty, preprocessing, or transport method.",,false
356,MED:39082680,39082680,PMC11217732,10.1158/0008-5472.can-23-1349,context,exclude,moderate,no_relevant_discordance_stability_or_classifier_method,true,A Pan-Cancer Patient-Derived Xenograft Histology Image Repository with Genomic and Pathologic Annotations Enables Deep Learning Analysis.,"The title and abstract do not jointly establish a qualifying single-sample classifier reliability, uncertainty, preprocessing, or transport method.",strong_method_in_record|classifier_method|nonhuman_in_title,false
357,MED:36556243,36556243,PMC9784641,10.3390/jpm12122022,context,exclude,high,review_editorial_or_commentary_for_citation_chaining_only,true,Deep Learning-Based Prediction of Molecular Tumor Biomarkers from H&E: A Practical Review.,The title identifies secondary literature retained only for citation chaining.,classifier_method|secondary_literature_in_title,false
358,MED:42250371,42250371,,10.1016/j.ejso.2026.111910,context,exclude,high,review_editorial_or_commentary_for_citation_chaining_only,true,Multi-omic biomarkers of neoadjuvant treatment response in rectal cancer: A narrative review.,The title identifies secondary literature retained only for citation chaining.,strong_method_in_record|classifier_method|outcome_or_treatment_in_title|secondary_literature_in_title,false
359,MED:38187459,38187459,PMC10771756,10.1177/11795549231220320,context,exclude,high,review_editorial_or_commentary_for_citation_chaining_only,true,Artificial Intelligence Applications in the Treatment of Colorectal Cancer: A Narrative Review.,The title identifies secondary literature retained only for citation chaining.,secondary_literature_in_title,false
360,MED:38637796,38637796,PMC11027426,10.1186/s12935-024-03328-y,context,exclude,moderate,no_relevant_discordance_stability_or_classifier_method,true,"Sparassis latifolia and exercise training as complementary medicine mitigated the 5-fluorouracil potent side effects in mice with colorectal cancer: bioinformatics approaches, novel monitoring pathological metrics, screening signatures, and innovative management tactic.","The title and abstract do not jointly establish a qualifying single-sample classifier reliability, uncertainty, preprocessing, or transport method.",classifier_method|nonhuman_in_title,false
361,MED:39483315,39483315,PMC11526153,10.1177/11769351241290608,context,exclude,high,review_editorial_or_commentary_for_citation_chaining_only,true,Advancements and Challenges in the Image-Based Diagnosis of Lung and Colon Cancer: A Comprehensive Review.,The title identifies secondary literature retained only for citation chaining.,secondary_literature_in_title,false
362,MED:38487199,38487199,PMC10877701,10.34133/hds.0005,context,exclude,high,review_editorial_or_commentary_for_citation_chaining_only,true,The Applications of Artificial Intelligence in Digestive System Neoplasms: A Review.,The title identifies secondary literature retained only for citation chaining.,secondary_literature_in_title,false
363,MED:35453885,35453885,PMC9028395,10.3390/diagnostics12040837,context,exclude,high,review_editorial_or_commentary_for_citation_chaining_only,true,Deep Learning on Histopathological Images for Colorectal Cancer Diagnosis: A Systematic Review.,The title identifies secondary literature retained only for citation chaining.,secondary_literature_in_title,false
364,MED:35681570,35681570,PMC9179592,10.3390/cancers14112590,context,exclude,high,review_editorial_or_commentary_for_citation_chaining_only,true,Recent Applications of Artificial Intelligence from Histopathologic Image-Based Prediction of Microsatellite Instability in Solid Cancers: A Systematic Review.,The title identifies secondary literature retained only for citation chaining.,secondary_literature_in_title,false
365,MED:35758208,35758208,,10.1111/his.14713,context,exclude,high,review_editorial_or_commentary_for_citation_chaining_only,true,Immune response in colorectal carcinoma: a review of its significance as a predictive and prognostic biomarker.,The title identifies secondary literature retained only for citation chaining.,outcome_or_treatment_in_title|secondary_literature_in_title,false
366,MED:34302062,34302062,PMC8575924,10.1038/s41416-021-01475-x,context,exclude,high,review_editorial_or_commentary_for_citation_chaining_only,true,The therapeutic and prognostic implications of immunobiology in colorectal cancer: a review.,The title identifies secondary literature retained only for citation chaining.,outcome_or_treatment_in_title|secondary_literature_in_title,false
367,MED:25468456,25468456,,10.1016/j.ejso.2014.11.001,context,exclude,high,review_editorial_or_commentary_for_citation_chaining_only,true,Is right-sided colon cancer different to left-sided colorectal cancer? - a systematic review.,The title identifies secondary literature retained only for citation chaining.,secondary_literature_in_title,false
