rank,record_key,pmid,pmcid,doi,priority_tier,recommendation,confidence,exclusion_reason,abstract_available,title,rationale,matched_signals,founder_decision_recorded
1,MED:32383007,32383007,PMC7508960,10.1007/s00428-020-02818-4,direct,exclude,moderate,no_relevant_discordance_stability_or_classifier_method,true,Factors influencing agreement of breast cancer luminal molecular subtype by Ki67 labeling index between core needle biopsy and surgical resection specimens.,"The title and abstract do not jointly establish a qualifying single-sample classifier reliability, uncertainty, preprocessing, or transport method.",strong_method_in_title|strong_method_in_record|classifier_method,false
2,MED:41275314,41275314,PMC12764145,10.1186/s12967-025-07363-9,supporting,unclear,moderate,,true,A robust classifier for the intrinsic consensus molecular subtypes in colorectal cancer.,"The abstract contains relevant classifier and reliability signals, but direct eligibility is not unambiguous from deterministic rules.",domain_in_record|strong_method_in_title|strong_method_in_record|classifier_method,false
3,MED:28738880,28738880,PMC5525253,10.1186/s13000-017-0639-y,supporting,exclude,moderate,no_relevant_discordance_stability_or_classifier_method,true,Level of mitoses in non-muscle invasive papillary urothelial carcinomas (pTa and pT1) at initial bladder biopsy is a simple and powerful predictor of clinical outcome: a multi-center study in South Korea.,"The title and abstract do not jointly establish a qualifying single-sample classifier reliability, uncertainty, preprocessing, or transport method.",strong_method_in_title|strong_method_in_record|classifier_method|outcome_or_treatment_in_title,false
4,MED:37927478,37927478,PMC10623135,10.3389/fonc.2023.1288698,supporting,exclude,moderate,no_relevant_discordance_stability_or_classifier_method,true,A molecular classification system for estimating radiotherapy response and anticancer immunity for individual breast cancer patients.,"The title and abstract do not jointly establish a qualifying single-sample classifier reliability, uncertainty, preprocessing, or transport method.",strong_method_in_record|classifier_method|outcome_or_treatment_in_title,false
5,MED:26424167,26424167,PMC4621695,10.1007/s10549-015-3587-9,supporting,exclude,moderate,no_relevant_discordance_stability_or_classifier_method,true,Molecular subtyping improves diagnostic stratification of patients with primary breast cancer into prognostically defined risk groups.,"The title and abstract do not jointly establish a qualifying single-sample classifier reliability, uncertainty, preprocessing, or transport method.",strong_method_in_record|classifier_method|outcome_or_treatment_in_title,false
6,MED:24461457,24461457,,10.1016/j.clbc.2013.11.006,supporting,exclude,moderate,no_relevant_discordance_stability_or_classifier_method,true,"72-gene classifier for predicting prognosis of estrogen receptor-positive and node-negative breast cancer patients using formalin-fixed, paraffin-embedded tumor tissues.","The title and abstract do not jointly establish a qualifying single-sample classifier reliability, uncertainty, preprocessing, or transport method.",strong_method_in_record|classifier_method|outcome_or_treatment_in_title,false
7,MED:24045544,24045544,,10.1309/ajcp1rf9fuizrdpi,supporting,exclude,moderate,no_relevant_discordance_stability_or_classifier_method,true,Interobserver concordance in implementing the 2010 ASCO/CAP recommendations for reporting ER in breast carcinomas: a demonstration of the difficulties of consistently reporting low levels of ER expression by manual quantification.,"The title and abstract do not jointly establish a qualifying single-sample classifier reliability, uncertainty, preprocessing, or transport method.",strong_method_in_title|strong_method_in_record,false
8,MED:21684283,21684283,PMC3152688,10.1053/j.gastro.2011.04.042,supporting,exclude,high,no_relevant_discordance_stability_or_classifier_method,true,"Intrinsic subtypes of gastric cancer, based on gene expression pattern, predict survival and respond differently to chemotherapy.","The record uses a relevant subtype or assay for prognosis, treatment, or outcome association without a qualifying reliability-method focus.",domain_in_title|domain_in_record|classifier_method|outcome_or_treatment_in_title,false
9,MED:27542606,27542606,PMC4992321,10.1186/s12920-016-0215-4,supporting,exclude,moderate,no_relevant_discordance_stability_or_classifier_method,true,"Reliable gene expression profiling of formalin-fixed paraffin-embedded breast cancer tissue (FFPE) using cDNA-mediated annealing, extension, selection, and ligation whole-genome (DASL WG) assay.","The title and abstract do not jointly establish a qualifying single-sample classifier reliability, uncertainty, preprocessing, or transport method.",strong_method_in_record|classifier_method,false
10,MED:26622743,26622743,PMC4533668,10.3892/ol.2015.3461,supporting,exclude,moderate,no_relevant_discordance_stability_or_classifier_method,true,Associations and indications of Ki67 expression with clinicopathological parameters and molecular subtypes in invasive breast cancer: A population-based study.,"The title and abstract do not jointly establish a qualifying single-sample classifier reliability, uncertainty, preprocessing, or transport method.",classifier_method,false
11,MED:23251101,23251101,PMC3515909,10.1100/2012/380495,supporting,exclude,moderate,no_relevant_discordance_stability_or_classifier_method,true,Gene expression profiles for predicting metastasis in breast cancer: a cross-study comparison of classification methods.,"The title and abstract do not jointly establish a qualifying single-sample classifier reliability, uncertainty, preprocessing, or transport method.",classifier_method,false
12,MED:18794199,18794199,,10.1136/jcp.2008.059899,supporting,exclude,moderate,no_relevant_discordance_stability_or_classifier_method,true,Oestrogen-receptor-positive breast cancer: towards bridging histopathological and molecular classifications.,"The title and abstract do not jointly establish a qualifying single-sample classifier reliability, uncertainty, preprocessing, or transport method.",classifier_method,false
13,MED:19074747,19074747,,10.1093/annonc/mdn675,supporting,exclude,moderate,no_relevant_discordance_stability_or_classifier_method,true,Breast cancer classification according to immunohistochemical markers: clinicopathologic features and short-term survival analysis in a population-based study from the South of Switzerland.,"The title and abstract do not jointly establish a qualifying single-sample classifier reliability, uncertainty, preprocessing, or transport method.",classifier_method|outcome_or_treatment_in_title,false
14,MED:17088909,17088909,PMC2360599,10.1038/sj.bjc.6603449,supporting,exclude,moderate,no_relevant_discordance_stability_or_classifier_method,true,Molecular subtypes of breast cancer and amplification of topoisomerase II alpha: predictive role in dose intensive adjuvant chemotherapy.,"The title and abstract do not jointly establish a qualifying single-sample classifier reliability, uncertainty, preprocessing, or transport method.",classifier_method|outcome_or_treatment_in_title,false
15,MED:28036264,28036264,PMC5351660,10.18632/oncotarget.14257,supporting,exclude,moderate,no_relevant_discordance_stability_or_classifier_method,true,Robust transcriptional tumor signatures applicable to both formalin-fixed paraffin-embedded and fresh-frozen samples.,"The title and abstract do not jointly establish a qualifying single-sample classifier reliability, uncertainty, preprocessing, or transport method.",strong_method_in_title|strong_method_in_record|classifier_method,false
16,MED:28457661,28457661,,10.1016/j.eururo.2017.04.015,supporting,exclude,high,review_editorial_or_commentary_for_citation_chaining_only,true,Prognostic Performance and Reproducibility of the 1973 and 2004/2016 World Health Organization Grading Classification Systems in Non-muscle-invasive Bladder Cancer: A European Association of Urology Non-muscle Invasive Bladder Cancer Guidelines Panel Systematic Review.,The title identifies secondary literature retained only for citation chaining.,strong_method_in_title|strong_method_in_record|classifier_method|outcome_or_treatment_in_title|secondary_literature_in_title,false
17,MED:41152108,41152108,,10.1016/j.urolonc.2025.09.023,context,exclude,moderate,no_relevant_discordance_stability_or_classifier_method,true,Molecular subtyping of advanced bladder cancer patients and patient-derived organoids based on a 3-marker immunohistochemistry approach to evaluate chemotherapy sensitivity.,"The title and abstract do not jointly establish a qualifying single-sample classifier reliability, uncertainty, preprocessing, or transport method.",classifier_method|outcome_or_treatment_in_title,false
18,MED:41916296,41916296,PMC13130669,10.1016/j.xcrm.2026.102708,context,exclude,moderate,no_relevant_discordance_stability_or_classifier_method,true,Robust transcriptomic hallmarks targeting intratumor heterogeneity in intrahepatic cholangiocarcinoma.,"The title and abstract do not jointly establish a qualifying single-sample classifier reliability, uncertainty, preprocessing, or transport method.",strong_method_in_title|strong_method_in_record|classifier_method,false
19,MED:42399473,42399473,,10.1038/s41698-026-01588-7,context,exclude,moderate,no_relevant_discordance_stability_or_classifier_method,true,Proliferation- and cytotoxic immune signatures identify chemotherapy-responsive bladder tumors in a molecular subtype dependent manner.,"The title and abstract do not jointly establish a qualifying single-sample classifier reliability, uncertainty, preprocessing, or transport method.",classifier_method|outcome_or_treatment_in_title,false
20,MED:40021757,40021757,PMC11870997,10.1038/s41598-025-91640-6,context,exclude,moderate,no_relevant_discordance_stability_or_classifier_method,true,An accurate DNA and RNA based targeted sequencing assay for clinical detection of gene fusions in solid tumors.,"The title and abstract do not jointly establish a qualifying single-sample classifier reliability, uncertainty, preprocessing, or transport method.",strong_method_in_record|classifier_method,false
21,MED:40360689,40360689,PMC12075871,10.1038/s41598-025-98088-8,context,exclude,moderate,no_relevant_discordance_stability_or_classifier_method,true,A three-subtype prognostic classification based on base excision repair and oxidative stress genes in lung adenocarcinoma and its relationship with tumor microenvironment.,"The title and abstract do not jointly establish a qualifying single-sample classifier reliability, uncertainty, preprocessing, or transport method.",classifier_method|outcome_or_treatment_in_title,false
22,MED:40388565,40388565,PMC12688170,10.1002/1878-0261.70053,context,exclude,moderate,no_relevant_discordance_stability_or_classifier_method,true,Comprehensive omics-based classification system in adult patients with B-cell acute lymphoblastic leukemia.,"The title and abstract do not jointly establish a qualifying single-sample classifier reliability, uncertainty, preprocessing, or transport method.",classifier_method,false
23,MED:39906742,39906742,PMC11790639,10.3389/fimmu.2024.1523034,context,exclude,moderate,no_relevant_discordance_stability_or_classifier_method,true,Pan-cancer analysis of the transcriptional expression of histone acetylation enzymes in solid tumors defines a new classification scheme for gliomas.,"The title and abstract do not jointly establish a qualifying single-sample classifier reliability, uncertainty, preprocessing, or transport method.",strong_method_in_record|classifier_method,false
24,MED:37192179,37192179,PMC10187926,10.1371/journal.pone.0285832,context,exclude,moderate,no_relevant_discordance_stability_or_classifier_method,true,"T cell-mediated tumor killing patterns in head and neck squamous cell carcinoma identify novel molecular subtypes, with prognosis and therapeutic implications.","The title and abstract do not jointly establish a qualifying single-sample classifier reliability, uncertainty, preprocessing, or transport method.",strong_method_in_record|classifier_method|outcome_or_treatment_in_title,false
25,MED:37199442,37199442,,10.1097/pas.0000000000002053,context,exclude,moderate,no_relevant_discordance_stability_or_classifier_method,true,International Society of Urological Pathology Consensus Conference on Current Issues in Bladder Cancer. Working Group 4: Molecular Subtypes of Bladder Cancer-Principles of Classification and Emerging Clinical Utility.,"The title and abstract do not jointly establish a qualifying single-sample classifier reliability, uncertainty, preprocessing, or transport method.",strong_method_in_record|classifier_method,false
26,MED:34536301,34536301,,10.1002/ijc.33809,context,exclude,moderate,no_relevant_discordance_stability_or_classifier_method,true,A quantitative polymerase chain reaction based method for molecular subtype classification of urinary bladder cancer-Stromal gene expressions show higher prognostic values than intrinsic tumor genes.,"The title and abstract do not jointly establish a qualifying single-sample classifier reliability, uncertainty, preprocessing, or transport method.",strong_method_in_record|classifier_method|outcome_or_treatment_in_title,false
27,MED:35013752,35013752,,10.1007/s00109-021-02149-0,context,exclude,moderate,no_relevant_discordance_stability_or_classifier_method,true,RNA-Seq for the detection of gene fusions in solid tumors: development and validation of the JAX FusionSeq™ 2.0 assay.,"The title and abstract do not jointly establish a qualifying single-sample classifier reliability, uncertainty, preprocessing, or transport method.",strong_method_in_record|classifier_method,false
28,MED:35538548,35538548,PMC9092724,10.1186/s13059-022-02677-z,context,exclude,moderate,no_relevant_discordance_stability_or_classifier_method,true,Refining colorectal cancer classification and clinical stratification through a single-cell atlas.,"The title and abstract do not jointly establish a qualifying single-sample classifier reliability, uncertainty, preprocessing, or transport method.",classifier_method,false
29,MED:35560039,35560039,PMC9106217,10.1371/journal.pone.0268436,context,exclude,moderate,no_relevant_discordance_stability_or_classifier_method,true,Consensus molecular subtype differences linking colon adenocarcinoma and obesity revealed by a cohort transcriptomic analysis.,"The title and abstract do not jointly establish a qualifying single-sample classifier reliability, uncertainty, preprocessing, or transport method.",classifier_method,false
30,MED:35773407,35773407,PMC9279158,10.1038/s41588-022-01100-4,context,exclude,moderate,no_relevant_discordance_stability_or_classifier_method,true,Single-cell and bulk transcriptome sequencing identifies two epithelial tumor cell states and refines the consensus molecular classification of colorectal cancer.,"The title and abstract do not jointly establish a qualifying single-sample classifier reliability, uncertainty, preprocessing, or transport method.",domain_in_record|classifier_method,false
31,MED:35967375,35967375,PMC9363630,10.3389/fimmu.2022.970117,context,exclude,moderate,no_relevant_discordance_stability_or_classifier_method,true,Necroptosis throws novel insights on patient classification and treatment strategies for hepatocellular carcinoma.,"The title and abstract do not jointly establish a qualifying single-sample classifier reliability, uncertainty, preprocessing, or transport method.",strong_method_in_record|classifier_method,false
32,MED:36519025,36519025,PMC9742627,10.21037/tlcr-22-775,context,exclude,moderate,no_relevant_discordance_stability_or_classifier_method,true,"Multi-omics consensus portfolio to refine the classification of lung adenocarcinoma with prognostic stratification, tumor microenvironment, and unique sensitivity to first-line therapies.","The title and abstract do not jointly establish a qualifying single-sample classifier reliability, uncertainty, preprocessing, or transport method.",strong_method_in_record|classifier_method|outcome_or_treatment_in_title,false
33,MED:36704871,36704871,PMC10342216,10.32074/1591-951x-838,context,exclude,moderate,no_relevant_discordance_stability_or_classifier_method,true,News in the classification of WHO 2022 bladder tumors.,"The title and abstract do not jointly establish a qualifying single-sample classifier reliability, uncertainty, preprocessing, or transport method.",classifier_method,false
34,MED:34250086,34250086,PMC8238567,10.1155/2021/5514726,context,exclude,moderate,no_relevant_discordance_stability_or_classifier_method,true,Distinct Molecular Subtypes of Diffuse Large B Cell Lymphoma Patients Treated with Rituximab-CHOP Are Associated with Different Clinical Outcomes and Molecular Mechanisms.,"The title and abstract do not jointly establish a qualifying single-sample classifier reliability, uncertainty, preprocessing, or transport method.",classifier_method,false
35,MED:34256801,34256801,PMC8276416,10.1186/s13046-021-02034-1,context,exclude,moderate,no_relevant_discordance_stability_or_classifier_method,true,Immuno-genomic classification of colorectal cancer organoids reveals cancer cells with intrinsic immunogenic properties associated with patient survival.,"The title and abstract do not jointly establish a qualifying single-sample classifier reliability, uncertainty, preprocessing, or transport method.",classifier_method|outcome_or_treatment_in_title,false
36,MED:34906411,34906411,,10.1016/j.urolonc.2021.10.010,context,exclude,moderate,no_relevant_discordance_stability_or_classifier_method,true,"Prognostic markers in invasive bladder cancer: FGFR3 mutation status versus P53 and KI-67 expression: a multi-center, multi-laboratory analysis in 1058 radical cystectomy patients.","The title and abstract do not jointly establish a qualifying single-sample classifier reliability, uncertainty, preprocessing, or transport method.",strong_method_in_title|strong_method_in_record|outcome_or_treatment_in_title,false
37,MED:34970257,34970257,PMC8713701,10.3389/fimmu.2021.745945,context,exclude,moderate,no_relevant_discordance_stability_or_classifier_method,true,CD8<sup>+</sup> T Cell-Based Molecular Classification With Heterogeneous Immunogenomic Landscapes and Clinical Significance of Clear Cell Renal Cell Carcinoma.,"The title and abstract do not jointly establish a qualifying single-sample classifier reliability, uncertainty, preprocessing, or transport method.",classifier_method,false
38,PPR:PPR350040,,,10.1101/2021.05.30.446369,context,exclude,moderate,no_relevant_discordance_stability_or_classifier_method,true,"Multi-omics consensus ensemble refines the classification of muscle-invasive bladder cancer with stratified prognosis, tumour microenvironment and distinct sensitivity to frontline therapies","The title and abstract do not jointly establish a qualifying single-sample classifier reliability, uncertainty, preprocessing, or transport method.",domain_in_record|classifier_method|outcome_or_treatment_in_title,false
39,MED:31977005,31977005,PMC7099333,10.1182/blood.2019002414,context,exclude,moderate,no_relevant_discordance_stability_or_classifier_method,true,Leveraging gene expression subgroups to classify DLBCL patients and select for clinical benefit from a novel agent.,"The title and abstract do not jointly establish a qualifying single-sample classifier reliability, uncertainty, preprocessing, or transport method.",strong_method_in_record|classifier_method,false
40,MED:31982351,31982351,,10.1016/j.clcc.2019.09.003,context,exclude,moderate,no_relevant_discordance_stability_or_classifier_method,true,High Concordance and Negative Prognostic Impact of RAS/BRAF/PIK3CA Mutations in Multiple Resected Colorectal Liver Metastases.,"The title and abstract do not jointly establish a qualifying single-sample classifier reliability, uncertainty, preprocessing, or transport method.",strong_method_in_title|strong_method_in_record|outcome_or_treatment_in_title,false
41,MED:28398314,28398314,PMC5546205,10.1038/nbt.3772,context,unclear,low,,false,"Toil enables reproducible, open source, big biomedical data analyses.",No abstract is available; founder title-level adjudication is required.,strong_method_in_title|strong_method_in_record,false
42,MED:28805822,28805822,PMC5653288,10.1038/nm.4379,context,exclude,moderate,no_relevant_discordance_stability_or_classifier_method,true,Intrinsic BET inhibitor resistance in SPOP-mutated prostate cancer is mediated by BET protein stabilization and AKT-mTORC1 activation.,"The title and abstract do not jointly establish a qualifying single-sample classifier reliability, uncertainty, preprocessing, or transport method.",strong_method_in_title|strong_method_in_record|classifier_method,false
43,MED:29179677,29179677,PMC5704640,10.1186/s12864-017-4280-7,context,exclude,moderate,no_relevant_discordance_stability_or_classifier_method,true,Robust transcriptional signatures for low-input RNA samples based on relative expression orderings.,"The title and abstract do not jointly establish a qualifying single-sample classifier reliability, uncertainty, preprocessing, or transport method.",strong_method_in_title|strong_method_in_record|classifier_method,false
44,MED:27187374,27187374,PMC4881546,10.3390/ijms17050724,context,exclude,moderate,no_relevant_discordance_stability_or_classifier_method,true,"A Comparison of Fresh Frozen vs. Formalin-Fixed, Paraffin-Embedded Specimens of Canine Mammary Tumors via Branched-DNA Assay.","The title and abstract do not jointly establish a qualifying single-sample classifier reliability, uncertainty, preprocessing, or transport method.",strong_method_in_record|classifier_method,false
45,MED:27649415,27649415,PMC5029930,10.1371/journal.pone.0163125,context,exclude,moderate,no_relevant_discordance_stability_or_classifier_method,true,MicroRNA Stability in FFPE Tissue Samples: Dependence on GC Content.,"The title and abstract do not jointly establish a qualifying single-sample classifier reliability, uncertainty, preprocessing, or transport method.",strong_method_in_title|strong_method_in_record|classifier_method,false
46,MED:24954858,24954858,PMC5528608,10.1016/j.molonc.2014.05.010,context,exclude,moderate,no_relevant_discordance_stability_or_classifier_method,true,Long noncoding RNA profiles identify five distinct molecular subtypes of colorectal cancer with clinical relevance.,"The title and abstract do not jointly establish a qualifying single-sample classifier reliability, uncertainty, preprocessing, or transport method.",classifier_method,false
47,MED:23774991,23774991,,10.1007/s10549-013-2604-0,context,exclude,moderate,no_relevant_discordance_stability_or_classifier_method,true,BreastPRS is a gene expression assay that stratifies intermediate-risk Oncotype DX patients into high- or low-risk for disease recurrence.,"The title and abstract do not jointly establish a qualifying single-sample classifier reliability, uncertainty, preprocessing, or transport method.",classifier_method|outcome_or_treatment_in_title,false
48,MED:11255003,11255003,,10.1016/s0378-1119(01)00350-x,context,exclude,moderate,no_relevant_discordance_stability_or_classifier_method,true,Regulation of mRNA stability in mammalian cells.,"The title and abstract do not jointly establish a qualifying single-sample classifier reliability, uncertainty, preprocessing, or transport method.",strong_method_in_title|strong_method_in_record|classifier_method,false
49,MED:40659317,40659317,PMC13129803,10.3350/cmh.2025.0760,context,unclear,low,,false,"Correspondence to letter to the editor on ""Molecular classification of hepatocellular carcinoma based on zoned metabolic feature and oncogenic signaling pathway"".",No abstract is available; founder title-level adjudication is required.,classifier_method,false
50,MED:41587979,41587979,PMC12946203,10.1038/s41467-026-68748-y,context,exclude,moderate,no_relevant_discordance_stability_or_classifier_method,true,"A proteogenomic atlas of 1032 brain metastases identifies molecular subtypes, immune landscapes, and therapeutic vulnerabilities.","The title and abstract do not jointly establish a qualifying single-sample classifier reliability, uncertainty, preprocessing, or transport method.",strong_method_in_record|classifier_method,false
51,MED:41596347,41596347,PMC12841528,10.3390/ijms27020696,context,exclude,moderate,no_relevant_discordance_stability_or_classifier_method,true,Identification of Immune&amp;Driver Molecular Subtypes Optimizes Immunotherapy Strategies for Gastric Cancer.,"The title and abstract do not jointly establish a qualifying single-sample classifier reliability, uncertainty, preprocessing, or transport method.",classifier_method,false
52,MED:41763905,41763905,,10.1016/j.euo.2026.02.020,context,unclear,moderate,,true,A Long Noncoding RNA-based Classifier for Identifying More Aggressive Low-grade Ta Bladder Cancer with Elevated FGFR3 Activity.,"The abstract contains relevant classifier and reliability signals, but direct eligibility is not unambiguous from deterministic rules.",domain_in_record|strong_method_in_record|classifier_method,false
53,MED:38480676,38480676,,10.1002/tox.24222,context,exclude,moderate,no_relevant_discordance_stability_or_classifier_method,true,RETRACTED: Refining molecular subtypes and risk stratification of ovarian cancer through multi-omics consensus portfolio and machine learning.,"The title and abstract do not jointly establish a qualifying single-sample classifier reliability, uncertainty, preprocessing, or transport method.",classifier_method,false
54,MED:39873820,39873820,PMC11775367,10.1007/s12672-025-01841-8,context,exclude,moderate,no_relevant_discordance_stability_or_classifier_method,true,Improving molecular subtypes and prognosis of pancreatic cancer through multi group analysis and machine learning.,"The title and abstract do not jointly establish a qualifying single-sample classifier reliability, uncertainty, preprocessing, or transport method.",classifier_method|outcome_or_treatment_in_title,false
55,MED:39910672,39910672,PMC11800565,10.1186/s41065-025-00380-0,context,exclude,moderate,no_relevant_discordance_stability_or_classifier_method,true,Multiple machine learning-based integrations of multi-omics data to identify molecular subtypes and construct a prognostic model for HNSCC.,"The title and abstract do not jointly establish a qualifying single-sample classifier reliability, uncertainty, preprocessing, or transport method.",strong_method_in_record|classifier_method|outcome_or_treatment_in_title,false
56,MED:39927613,39927613,PMC12161470,10.1002/1878-0261.70000,context,exclude,moderate,no_relevant_discordance_stability_or_classifier_method,true,Classification of acute myeloid leukemia based on multi-omics and prognosis prediction value.,"The title and abstract do not jointly establish a qualifying single-sample classifier reliability, uncertainty, preprocessing, or transport method.",classifier_method|outcome_or_treatment_in_title,false
57,MED:40168774,40168774,,10.1016/j.prp.2025.155925,context,exclude,moderate,no_relevant_discordance_stability_or_classifier_method,true,"Multiomics evaluation and machine learning optimize molecular classification, prediction of prognosis and immunotherapy response for ovarian cancer.","The title and abstract do not jointly establish a qualifying single-sample classifier reliability, uncertainty, preprocessing, or transport method.",strong_method_in_record|classifier_method|outcome_or_treatment_in_title,false
58,MED:40498252,40498252,PMC12158866,10.1007/s12672-025-02879-4,context,exclude,moderate,no_relevant_discordance_stability_or_classifier_method,true,Enhancer RNAs profiling in colorectal cancer liver metastases reveals novel molecular subtypes with prognostic and therapeutic relevance.,"The title and abstract do not jointly establish a qualifying single-sample classifier reliability, uncertainty, preprocessing, or transport method.",classifier_method|outcome_or_treatment_in_title,false
59,MED:40528211,40528211,PMC12175387,10.1186/s12967-025-06682-1,context,exclude,moderate,no_relevant_discordance_stability_or_classifier_method,true,Pathway-based cancer transcriptome deciphers a high-resolution intrinsic heterogeneity within bladder cancer classification.,"The title and abstract do not jointly establish a qualifying single-sample classifier reliability, uncertainty, preprocessing, or transport method.",domain_in_record|classifier_method,false
60,MED:40719796,40719796,,10.1007/s10142-025-01669-z,context,exclude,moderate,no_relevant_discordance_stability_or_classifier_method,true,Integrated multi-omics analysis and machine learning refine molecular subtypes and prognosis in hepatocellular carcinoma through O-linked glycosylation genes.,"The title and abstract do not jointly establish a qualifying single-sample classifier reliability, uncertainty, preprocessing, or transport method.",strong_method_in_record|classifier_method|outcome_or_treatment_in_title,false
61,MED:41187230,41187230,,10.1021/acs.jproteome.5c00828,context,exclude,moderate,no_relevant_discordance_stability_or_classifier_method,true,"Proteomic and Transcriptomic Analyses Define Molecular Subtypes, Identify Biomarkers, and Suggest Potential Therapeutic Agent for Early-Stage HBV-Related Hepatocellular Carcinoma.","The title and abstract do not jointly establish a qualifying single-sample classifier reliability, uncertainty, preprocessing, or transport method.",strong_method_in_record|classifier_method,false
62,MED:41377767,41377767,PMC12686132,10.1002/mco2.70492,context,exclude,moderate,no_relevant_discordance_stability_or_classifier_method,true,Integrated Multi-Omics Profiling to Characterize Molecular Subtypes and Reveal Potential Therapeutic Strategies for Colorectal Cancer.,"The title and abstract do not jointly establish a qualifying single-sample classifier reliability, uncertainty, preprocessing, or transport method.",classifier_method,false
63,PPR:PPR1002822,,,10.21203/rs.3.rs-6362412/v1,context,exclude,moderate,no_relevant_discordance_stability_or_classifier_method,true,Molecular subtypes of bladder cancer do not display microenvironment- or metastasis-induced plasticity,"The title and abstract do not jointly establish a qualifying single-sample classifier reliability, uncertainty, preprocessing, or transport method.",classifier_method,false
64,MED:38374122,38374122,PMC10875877,10.1186/s12935-024-03242-3,context,exclude,moderate,no_relevant_discordance_stability_or_classifier_method,true,"Signature construction and molecular subtype identification based on liver-specific genes for prediction of prognosis, immune activity, and anti-cancer drug sensitivity in hepatocellular carcinoma.","The title and abstract do not jointly establish a qualifying single-sample classifier reliability, uncertainty, preprocessing, or transport method.",classifier_method|outcome_or_treatment_in_title,false
65,MED:38430394,38430394,PMC10908647,10.1007/s00262-024-03657-x,context,exclude,moderate,no_relevant_discordance_stability_or_classifier_method,true,Molecular classification reveals the sensitivity of lung adenocarcinoma to radiotherapy and immunotherapy: multi-omics clustering based on similarity network fusion.,"The title and abstract do not jointly establish a qualifying single-sample classifier reliability, uncertainty, preprocessing, or transport method.",classifier_method,false
66,MED:38451249,38451249,PMC11096054,10.1158/0008-5472.can-23-4070,context,exclude,moderate,no_relevant_discordance_stability_or_classifier_method,true,Transcriptomic Profiling of Plasma Extracellular Vesicles Enables Reliable Annotation of the Cancer-Specific Transcriptome and Molecular Subtype.,"The title and abstract do not jointly establish a qualifying single-sample classifier reliability, uncertainty, preprocessing, or transport method.",classifier_method,false
67,MED:38898215,38898215,PMC11187219,10.1038/s41598-024-65236-5,context,exclude,moderate,no_relevant_discordance_stability_or_classifier_method,true,Molecular subtypes of ischemic heart disease based on circadian rhythm.,"The title and abstract do not jointly establish a qualifying single-sample classifier reliability, uncertainty, preprocessing, or transport method.",classifier_method,false
68,MED:39487125,39487125,PMC11530571,10.1038/s41467-024-53826-w,context,exclude,moderate,no_relevant_discordance_stability_or_classifier_method,true,Classification of distinct tendinopathy subtypes for precision therapeutics.,"The title and abstract do not jointly establish a qualifying single-sample classifier reliability, uncertainty, preprocessing, or transport method.",classifier_method,false
69,MED:39594773,39594773,PMC11592823,10.3390/cancers16223818,context,exclude,moderate,no_relevant_discordance_stability_or_classifier_method,true,Identification of Molecular Subtypes and Prognostic Traits Based on Chromosomal Instability Phenotype-Related Genes in Lung Adenocarcinoma.,"The title and abstract do not jointly establish a qualifying single-sample classifier reliability, uncertainty, preprocessing, or transport method.",classifier_method|outcome_or_treatment_in_title,false
70,MED:35684936,35684936,PMC9844610,10.1002/cam4.4932,context,exclude,moderate,no_relevant_discordance_stability_or_classifier_method,true,Clustering analysis revealed the autophagy classification and potential autophagy regulators' sensitivity of pancreatic cancer based on multi-omics data.,"The title and abstract do not jointly establish a qualifying single-sample classifier reliability, uncertainty, preprocessing, or transport method.",strong_method_in_record|classifier_method,false
71,MED:36204983,36204983,PMC10028049,10.1002/cam4.5324,context,exclude,moderate,no_relevant_discordance_stability_or_classifier_method,true,Predictive value of molecular subtypes and APOBEC3G for adjuvant chemotherapy in urothelial bladder cancer.,"The title and abstract do not jointly establish a qualifying single-sample classifier reliability, uncertainty, preprocessing, or transport method.",strong_method_in_record|classifier_method|outcome_or_treatment_in_title,false
72,MED:36864702,36864702,PMC9982075,10.1002/ctm2.1145,context,unclear,low,,false,Epigenetically regulated gene expression profiles recognized three molecular classifications with prognostic and therapeutic implications in bladder cancer.,No abstract is available; founder title-level adjudication is required.,classifier_method|outcome_or_treatment_in_title,false
73,MED:37061743,37061743,PMC10105476,10.1186/s13148-023-01478-w,context,exclude,moderate,no_relevant_discordance_stability_or_classifier_method,true,Epigenetically regulated gene expression profiles decipher four molecular subtypes with prognostic and therapeutic implications in gastric cancer.,"The title and abstract do not jointly establish a qualifying single-sample classifier reliability, uncertainty, preprocessing, or transport method.",strong_method_in_record|classifier_method|outcome_or_treatment_in_title,false
74,MED:37224225,37224225,PMC10572776,10.1126/scitranslmed.abn4118,context,exclude,moderate,no_relevant_discordance_stability_or_classifier_method,true,Non-muscle-invasive bladder cancer molecular subtypes predict differential response to intravesical Bacillus Calmette-Guérin.,"The title and abstract do not jointly establish a qualifying single-sample classifier reliability, uncertainty, preprocessing, or transport method.",classifier_method|outcome_or_treatment_in_title,false
75,MED:37597521,37597521,PMC10518604,10.1016/j.xcrm.2023.101162,context,exclude,moderate,no_relevant_discordance_stability_or_classifier_method,true,Metabolic classification suggests the GLUT1/ALDOB/G6PD axis as a therapeutic target in chemotherapy-resistant pancreatic cancer.,"The title and abstract do not jointly establish a qualifying single-sample classifier reliability, uncertainty, preprocessing, or transport method.",classifier_method|outcome_or_treatment_in_title,false
76,MED:37627150,37627150,PMC10452405,10.3390/cancers15164122,context,exclude,moderate,no_relevant_discordance_stability_or_classifier_method,true,Luciferase Expressing Preclinical Model Systems Representing the Different Molecular Subtypes of Colorectal Cancer.,"The title and abstract do not jointly establish a qualifying single-sample classifier reliability, uncertainty, preprocessing, or transport method.",classifier_method,false
77,MED:37714446,37714446,,10.1016/j.cellsig.2023.110890,context,exclude,moderate,no_relevant_discordance_stability_or_classifier_method,true,Oncogenic pathways refine a new perspective on the classification of hepatocellular carcinoma.,"The title and abstract do not jointly establish a qualifying single-sample classifier reliability, uncertainty, preprocessing, or transport method.",classifier_method,false
78,MED:38868222,38868222,,10.1002/imt2.147,context,exclude,moderate,no_relevant_discordance_stability_or_classifier_method,true,Multiomics characterization and verification of clear cell renal cell carcinoma molecular subtypes to guide precise chemotherapy and immunotherapy.,"The title and abstract do not jointly establish a qualifying single-sample classifier reliability, uncertainty, preprocessing, or transport method.",strong_method_in_title|strong_method_in_record|classifier_method|outcome_or_treatment_in_title,false
79,MED:38994241,38994241,PMC11165936,10.3233/blc-220124,context,exclude,moderate,no_relevant_discordance_stability_or_classifier_method,true,What is a Bladder Cancer Molecular Subtype?,"The title and abstract do not jointly establish a qualifying single-sample classifier reliability, uncertainty, preprocessing, or transport method.",classifier_method,false
80,MED:35006257,35006257,PMC8766827,10.1042/bsr20211706,context,exclude,moderate,no_relevant_discordance_stability_or_classifier_method,true,"Correlation of ER, PR, and HER2 at the protein and mRNA levels in Asian patients with operable breast cancer.","The title and abstract do not jointly establish a qualifying single-sample classifier reliability, uncertainty, preprocessing, or transport method.",strong_method_in_record|classifier_method,false
81,MED:35034800,35034800,,10.1016/j.eururo.2021.12.033,context,unclear,low,,false,"Re: Gottfrid Sjödahl, Johan Abrahamsson, Karin Holmsten, et al. Different Responses to Neoadjuvant Chemotherapy in Urothelial Carcinoma Molecular Subtypes. Eur Urol. 2022;81:316-7.: Neoadjuvant Chemotherapy Response in Muscle-invasive Bladder Cancer: Differences in Intrinsic Biology or Subtyping Nomenclature?",No abstract is available; founder title-level adjudication is required.,classifier_method|outcome_or_treatment_in_title,false
82,MED:35617398,35617398,PMC9299269,10.1126/science.abe1505,context,exclude,moderate,no_relevant_discordance_stability_or_classifier_method,true,Chromatin profiles classify castration-resistant prostate cancers suggesting therapeutic targets.,"The title and abstract do not jointly establish a qualifying single-sample classifier reliability, uncertainty, preprocessing, or transport method.",classifier_method,false
83,MED:35944503,35944503,,10.1016/j.ccell.2022.07.006,context,exclude,moderate,no_relevant_discordance_stability_or_classifier_method,true,Precise reconstruction of the TME using bulk RNA-seq and a machine learning algorithm trained on artificial transcriptomes.,"The title and abstract do not jointly establish a qualifying single-sample classifier reliability, uncertainty, preprocessing, or transport method.",strong_method_in_record|classifier_method,false
84,MED:36368127,36368127,,10.1016/j.cancergen.2022.10.143,context,exclude,moderate,no_relevant_discordance_stability_or_classifier_method,true,Study on the use of Nanostring nCounter to analyze RNA extracted from formalin-fixed-paraffin-embedded and fresh frozen bladder cancer tissues.,"The title and abstract do not jointly establish a qualifying single-sample classifier reliability, uncertainty, preprocessing, or transport method.",,false
85,MED:36474294,36474294,PMC9724432,10.1186/s12967-022-03795-9,context,exclude,moderate,no_relevant_discordance_stability_or_classifier_method,true,Smooth muscle cell fate decisions decipher a high-resolution heterogeneity within atherosclerosis molecular subtypes.,"The title and abstract do not jointly establish a qualifying single-sample classifier reliability, uncertainty, preprocessing, or transport method.",strong_method_in_record|classifier_method,false
86,MED:33070956,33070956,,10.1016/j.pathol.2020.09.004,context,exclude,moderate,no_relevant_discordance_stability_or_classifier_method,true,"Urothelial carcinoma: variant histology, molecular subtyping, and immunophenotyping significant for treatment outcomes.","The title and abstract do not jointly establish a qualifying single-sample classifier reliability, uncertainty, preprocessing, or transport method.",classifier_method,false
87,MED:33300554,33300554,,10.1093/bib/bbaa309,context,exclude,moderate,no_relevant_discordance_stability_or_classifier_method,true,Epigenetically regulated gene expression profiles reveal four molecular subtypes with prognostic and therapeutic implications in colorectal cancer.,"The title and abstract do not jointly establish a qualifying single-sample classifier reliability, uncertainty, preprocessing, or transport method.",classifier_method|outcome_or_treatment_in_title,false
88,MED:33419683,33419683,,10.1016/j.eururo.2020.12.033,context,exclude,moderate,no_relevant_discordance_stability_or_classifier_method,true,European Association of Urology (EAU) Prognostic Factor Risk Groups for Non-muscle-invasive Bladder Cancer (NMIBC) Incorporating the WHO 2004/2016 and WHO 1973 Classification Systems for Grade: An Update from the EAU NMIBC Guidelines Panel.,"The title and abstract do not jointly establish a qualifying single-sample classifier reliability, uncertainty, preprocessing, or transport method.",classifier_method|outcome_or_treatment_in_title,false
89,MED:34262039,34262039,PMC8280229,10.1038/s41525-021-00223-7,context,exclude,moderate,no_relevant_discordance_stability_or_classifier_method,true,Metastatic heterogeneity of the consensus molecular subtypes of colorectal cancer.,"The title and abstract do not jointly establish a qualifying single-sample classifier reliability, uncertainty, preprocessing, or transport method.",classifier_method,false
90,MED:34335594,34335594,PMC8320597,10.3389/fimmu.2021.690056,context,exclude,moderate,no_relevant_discordance_stability_or_classifier_method,true,Identification and Validation of Immune Molecular Subtypes in Pancreatic Ductal Adenocarcinoma: Implications for Prognosis and Immunotherapy.,"The title and abstract do not jointly establish a qualifying single-sample classifier reliability, uncertainty, preprocessing, or transport method.",strong_method_in_record|classifier_method|outcome_or_treatment_in_title,false
91,MED:34607103,34607103,,10.1016/j.biopha.2021.112222,context,exclude,moderate,no_relevant_discordance_stability_or_classifier_method,true,Molecular classification reveals the diverse genetic and prognostic features of gastric cancer: A multi-omics consensus ensemble clustering.,"The title and abstract do not jointly establish a qualifying single-sample classifier reliability, uncertainty, preprocessing, or transport method.",domain_in_record|classifier_method|outcome_or_treatment_in_title,false
92,MED:34697907,34697907,PMC8822375,10.1002/cjp2.245,context,exclude,moderate,no_relevant_discordance_stability_or_classifier_method,true,Diagnostic and prognostic implications of a three-antibody molecular subtyping algorithm for non-muscle invasive bladder cancer.,"The title and abstract do not jointly establish a qualifying single-sample classifier reliability, uncertainty, preprocessing, or transport method.",classifier_method|outcome_or_treatment_in_title,false
93,MED:34844637,34844637,PMC8628444,10.1186/s13059-021-02533-6,context,exclude,moderate,no_relevant_discordance_stability_or_classifier_method,true,recount3: summaries and queries for large-scale RNA-seq expression and splicing.,"The title and abstract do not jointly establish a qualifying single-sample classifier reliability, uncertainty, preprocessing, or transport method.",,false
94,MED:31800302,31800302,,10.1089/cmb.2019.0252,context,exclude,moderate,no_relevant_discordance_stability_or_classifier_method,true,Multiomics-Based Colorectal Cancer Molecular Subtyping Using Local Scaling Network Fusion.,"The title and abstract do not jointly establish a qualifying single-sample classifier reliability, uncertainty, preprocessing, or transport method.",classifier_method,false
95,MED:32690604,32690604,PMC7873419,10.1136/gutjnl-2019-319866,context,unclear,moderate,,true,Image-based consensus molecular subtype (imCMS) classification of colorectal cancer using deep learning.,"The abstract contains relevant classifier and reliability signals, but direct eligibility is not unambiguous from deterministic rules.",domain_in_record|strong_method_in_record|classifier_method,false
96,MED:32753029,32753029,PMC7430822,10.1186/s12859-020-03700-5,context,exclude,moderate,no_relevant_discordance_stability_or_classifier_method,true,scTyper: a comprehensive pipeline for the cell typing analysis of single-cell RNA-seq data.,"The title and abstract do not jointly establish a qualifying single-sample classifier reliability, uncertainty, preprocessing, or transport method.",strong_method_in_record,false
97,MED:29775690,29775690,PMC6240404,10.1016/j.semcancer.2018.05.002,context,exclude,moderate,no_relevant_discordance_stability_or_classifier_method,true,"Molecular subtyping of colorectal cancer: Recent progress, new challenges and emerging opportunities.","The title and abstract do not jointly establish a qualifying single-sample classifier reliability, uncertainty, preprocessing, or transport method.",strong_method_in_record|classifier_method,false
98,MED:30327501,30327501,,10.1038/s41379-018-0153-0,context,exclude,moderate,no_relevant_discordance_stability_or_classifier_method,true,Breast cancer global tumor biomarkers: a quality assurance study of intratumoral heterogeneity.,"The title and abstract do not jointly establish a qualifying single-sample classifier reliability, uncertainty, preprocessing, or transport method.",strong_method_in_record|classifier_method,false
99,MED:31348975,31348975,,10.1016/j.bbcan.2019.07.002,context,exclude,moderate,no_relevant_discordance_stability_or_classifier_method,true,Novel insights into breast cancer progression and metastasis: A multidisciplinary opportunity to transition from biology to clinical oncology.,"The title and abstract do not jointly establish a qualifying single-sample classifier reliability, uncertainty, preprocessing, or transport method.",,false
100,MED:31868904,31868904,,10.1093/annonc/mdz412,context,unclear,low,,false,Predictive modeling in colorectal cancer: time to move beyond consensus molecular subtypes.,No abstract is available; founder title-level adjudication is required.,classifier_method,false
101,MED:29242316,29242316,,10.1158/1078-0432.ccr-17-1234,context,exclude,moderate,no_relevant_discordance_stability_or_classifier_method,true,Colorectal Cancer Consensus Molecular Subtypes Translated to Preclinical Models Uncover Potentially Targetable Cancer Cell Dependencies.,"The title and abstract do not jointly establish a qualifying single-sample classifier reliability, uncertainty, preprocessing, or transport method.",classifier_method,false
102,MED:29303513,29303513,PMC5992986,10.1038/emm.2017.164,context,exclude,moderate,no_relevant_discordance_stability_or_classifier_method,true,In vitro modeling of hepatocellular carcinoma molecular subtypes for anti-cancer drug assessment.,"The title and abstract do not jointly establish a qualifying single-sample classifier reliability, uncertainty, preprocessing, or transport method.",strong_method_in_record|classifier_method,false
103,MED:29427260,29427260,PMC5835216,10.1007/s10552-018-1006-3,context,exclude,moderate,no_relevant_discordance_stability_or_classifier_method,true,Feasibility of analyzing DNA copy number variation in breast cancer tumor specimens from 1950 to 2010: how old is too old?,"The title and abstract do not jointly establish a qualifying single-sample classifier reliability, uncertainty, preprocessing, or transport method.",,false
104,MED:30223388,30223388,PMC13078569,10.3233/cbm-181369,context,exclude,moderate,no_relevant_discordance_stability_or_classifier_method,true,Katanin P80 expression correlates with lymph node metastasis and worse overall survival in patients with breast cancer.,"The title and abstract do not jointly establish a qualifying single-sample classifier reliability, uncertainty, preprocessing, or transport method.",outcome_or_treatment_in_title,false
105,MED:28648284,28648284,PMC5524207,10.1016/j.ccell.2017.05.009,context,exclude,moderate,no_relevant_discordance_stability_or_classifier_method,true,Common Molecular Subtypes Among Asian Hepatocellular Carcinoma and Cholangiocarcinoma.,"The title and abstract do not jointly establish a qualifying single-sample classifier reliability, uncertainty, preprocessing, or transport method.",classifier_method,false
106,PPR:PPR25795,,,10.1101/175505,context,exclude,moderate,no_relevant_discordance_stability_or_classifier_method,true,Revealing unidentified heterogeneity in different epithelial cancers using heterocellular subtype classification,"The title and abstract do not jointly establish a qualifying single-sample classifier reliability, uncertainty, preprocessing, or transport method.",classifier_method,false
107,MED:27043002,27043002,,10.1038/nbt.3519,context,exclude,moderate,no_relevant_discordance_stability_or_classifier_method,true,Near-optimal probabilistic RNA-seq quantification.,"The title and abstract do not jointly establish a qualifying single-sample classifier reliability, uncertainty, preprocessing, or transport method.",,false
108,MED:27151745,27151745,,10.1158/1078-0432.ccr-16-0032,context,exclude,moderate,no_relevant_discordance_stability_or_classifier_method,true,Challenging the Cancer Molecular Stratification Dogma: Intratumoral Heterogeneity Undermines Consensus Molecular Subtypes and Potential Diagnostic Value in Colorectal Cancer.,"The title and abstract do not jointly establish a qualifying single-sample classifier reliability, uncertainty, preprocessing, or transport method.",strong_method_in_record|classifier_method,false
109,MED:27499918,27499918,PMC4907058,10.1002/cjp2.37,context,exclude,moderate,no_relevant_discordance_stability_or_classifier_method,true,Gene expression analysis of biopsy samples reveals critical limitations of transcriptome-based molecular classifications of hepatocellular carcinoma.,"The title and abstract do not jointly establish a qualifying single-sample classifier reliability, uncertainty, preprocessing, or transport method.",strong_method_in_record|classifier_method,false
110,MED:27562560,27562560,,10.1093/toxsci/kfw161,context,exclude,moderate,no_relevant_discordance_stability_or_classifier_method,true,Editor's Highlight: Dose-Response Analysis of RNA-Seq Profiles in Archival Formalin-Fixed Paraffin-Embedded Samples.,"The title and abstract do not jointly establish a qualifying single-sample classifier reliability, uncertainty, preprocessing, or transport method.",strong_method_in_record|classifier_method|outcome_or_treatment_in_title,false
111,MED:27756439,27756439,PMC5070183,10.1186/s13058-016-0765-6,context,exclude,moderate,no_relevant_discordance_stability_or_classifier_method,true,Prognostic value of automated KI67 scoring in breast cancer: a centralised evaluation of 8088 patients from 10 study groups.,"The title and abstract do not jointly establish a qualifying single-sample classifier reliability, uncertainty, preprocessing, or transport method.",strong_method_in_record|classifier_method|outcome_or_treatment_in_title,false
112,MED:26008846,26008846,PMC4446831,10.1186/s12920-015-0101-5,context,exclude,moderate,no_relevant_discordance_stability_or_classifier_method,true,Molecular subtypes of urothelial carcinoma are defined by specific gene regulatory systems.,"The title and abstract do not jointly establish a qualifying single-sample classifier reliability, uncertainty, preprocessing, or transport method.",classifier_method,false
113,MED:26466313,26466313,PMC4605710,10.1371/journal.pone.0140528,context,exclude,moderate,no_relevant_discordance_stability_or_classifier_method,true,Recurrent Glioblastomas Reveal Molecular Subtypes Associated with Mechanistic Implications of Drug-Resistance.,"The title and abstract do not jointly establish a qualifying single-sample classifier reliability, uncertainty, preprocessing, or transport method.",classifier_method,false
114,MED:27305450,27305450,PMC4660217,10.1038/ncomms9878,context,exclude,moderate,no_relevant_discordance_stability_or_classifier_method,true,MicroRNA-mRNA interactions underlying colorectal cancer molecular subtypes.,"The title and abstract do not jointly establish a qualifying single-sample classifier reliability, uncertainty, preprocessing, or transport method.",classifier_method,false
115,PPR:PPR43619,,,,context,unclear,low,,false,Differential analyses for RNA-seq: transcript-level estimates improve gene-level inferences,No abstract is available; founder title-level adjudication is required.,,false
116,MED:23975159,23975159,,10.1007/s00277-013-1884-0,context,exclude,moderate,no_relevant_discordance_stability_or_classifier_method,true,Gene expression profiles for the prediction of progression-free survival in diffuse large B cell lymphoma: results of a DASL assay.,"The title and abstract do not jointly establish a qualifying single-sample classifier reliability, uncertainty, preprocessing, or transport method.",strong_method_in_record|classifier_method|outcome_or_treatment_in_title,false
117,MED:24498002,24498002,PMC3907407,10.1371/journal.pone.0086961,context,exclude,moderate,no_relevant_discordance_stability_or_classifier_method,true,Transcriptome profiling of archived sectioned formalin-fixed paraffin-embedded (AS-FFPE) tissue for disease classification.,"The title and abstract do not jointly establish a qualifying single-sample classifier reliability, uncertainty, preprocessing, or transport method.",strong_method_in_record|classifier_method,false
118,MED:23584089,23584089,PMC3774607,10.1038/nm.3175,context,exclude,moderate,no_relevant_discordance_stability_or_classifier_method,true,A colorectal cancer classification system that associates cellular phenotype and responses to therapy.,"The title and abstract do not jointly establish a qualifying single-sample classifier reliability, uncertainty, preprocessing, or transport method.",classifier_method|outcome_or_treatment_in_title,false
119,MED:23674192,23674192,PMC3669503,10.1007/s10549-013-2560-8,context,exclude,moderate,no_relevant_discordance_stability_or_classifier_method,true,Ki-67 is a prognostic parameter in breast cancer patients: results of a large population-based cohort of a cancer registry.,"The title and abstract do not jointly establish a qualifying single-sample classifier reliability, uncertainty, preprocessing, or transport method.",outcome_or_treatment_in_title,false
120,MED:23684942,23684942,,10.1053/j.gastro.2013.05.010,context,exclude,moderate,no_relevant_discordance_stability_or_classifier_method,true,Identification of molecular subtypes of gastric cancer with different responses to PI3-kinase inhibitors and 5-fluorouracil.,"The title and abstract do not jointly establish a qualifying single-sample classifier reliability, uncertainty, preprocessing, or transport method.",strong_method_in_record|classifier_method,false
121,MED:23807776,23807776,,10.1038/modpathol.2013.103,context,exclude,moderate,no_relevant_discordance_stability_or_classifier_method,true,HER2 in situ hybridization in breast cancer: clinical implications of polysomy 17 and genetic heterogeneity.,"The title and abstract do not jointly establish a qualifying single-sample classifier reliability, uncertainty, preprocessing, or transport method.",,false
122,MED:23826159,23826159,PMC3691249,10.1371/journal.pone.0066855,context,exclude,moderate,no_relevant_discordance_stability_or_classifier_method,true,Discovery and validation of a prostate cancer genomic classifier that predicts early metastasis following radical prostatectomy.,"The title and abstract do not jointly establish a qualifying single-sample classifier reliability, uncertainty, preprocessing, or transport method.",classifier_method,false
123,MED:22340439,22340439,,10.1016/j.compbiolchem.2011.11.002,context,exclude,moderate,no_relevant_discordance_stability_or_classifier_method,true,Derivation of an artificial gene to improve classification accuracy upon gene selection.,"The title and abstract do not jointly establish a qualifying single-sample classifier reliability, uncertainty, preprocessing, or transport method.",strong_method_in_record|classifier_method,false
124,MED:22531639,22531639,PMC3364112,10.1038/bjc.2012.166,context,exclude,moderate,no_relevant_discordance_stability_or_classifier_method,true,Assessment of the contribution of the IHC4+C score to decision making in clinical practice in early breast cancer.,"The title and abstract do not jointly establish a qualifying single-sample classifier reliability, uncertainty, preprocessing, or transport method.",classifier_method,false
125,MED:22718308,22718308,,10.1007/s10549-012-2123-4,context,exclude,moderate,no_relevant_discordance_stability_or_classifier_method,true,Gene expression profiling of tumour epithelial and stromal compartments during breast cancer progression.,"The title and abstract do not jointly establish a qualifying single-sample classifier reliability, uncertainty, preprocessing, or transport method.",classifier_method,false
126,MED:19103868,19103868,,10.1136/jcp.2008.060723,context,unclear,low,,false,The oestrogen receptor-negative/progesterone receptor-positive breast tumour: a biological entity or a technical artefact?,No abstract is available; founder title-level adjudication is required.,,false
127,MED:18311582,18311582,,10.1007/s10549-008-9939-y,context,exclude,moderate,no_relevant_discordance_stability_or_classifier_method,true,Comparison of gene expression profiles predicting progression in breast cancer patients treated with tamoxifen.,"The title and abstract do not jointly establish a qualifying single-sample classifier reliability, uncertainty, preprocessing, or transport method.",strong_method_in_record|classifier_method,false
128,MED:18361796,18361796,PMC2672087,10.2144/000112703,context,exclude,moderate,no_relevant_discordance_stability_or_classifier_method,true,Optimization of RNA extraction from FFPE tissues for expression profiling in the DASL assay.,"The title and abstract do not jointly establish a qualifying single-sample classifier reliability, uncertainty, preprocessing, or transport method.",,false
129,MED:17229949,17229949,,10.1056/nejmoa063994,context,exclude,moderate,no_relevant_discordance_stability_or_classifier_method,true,The prognostic role of a gene signature from tumorigenic breast-cancer cells.,"The title and abstract do not jointly establish a qualifying single-sample classifier reliability, uncertainty, preprocessing, or transport method.",classifier_method|outcome_or_treatment_in_title,false
130,MED:17784955,17784955,PMC2375021,10.1186/gb-2007-8-9-r183,context,exclude,moderate,no_relevant_discordance_stability_or_classifier_method,true,The DAVID Gene Functional Classification Tool: a novel biological module-centric algorithm to functionally analyze large gene lists.,"The title and abstract do not jointly establish a qualifying single-sample classifier reliability, uncertainty, preprocessing, or transport method.",classifier_method,false
131,MED:17876012,17876012,,10.1200/jco.2007.12.2747,context,exclude,moderate,no_relevant_discordance_stability_or_classifier_method,true,Biologic and clinical characteristics of breast cancer with single hormone receptor positive phenotype.,"The title and abstract do not jointly establish a qualifying single-sample classifier reliability, uncertainty, preprocessing, or transport method.",classifier_method,false
132,MED:15844176,15844176,,10.1002/cncr.21030,context,exclude,moderate,no_relevant_discordance_stability_or_classifier_method,true,Hormone receptor status and survival in a population-based cohort of patients with breast carcinoma.,"The title and abstract do not jointly establish a qualifying single-sample classifier reliability, uncertainty, preprocessing, or transport method.",classifier_method|outcome_or_treatment_in_title,false
133,MED:15123585,15123585,PMC479115,10.1101/gr.2167504,context,exclude,moderate,no_relevant_discordance_stability_or_classifier_method,true,A versatile assay for high-throughput gene expression profiling on universal array matrices.,"The title and abstract do not jointly establish a qualifying single-sample classifier reliability, uncertainty, preprocessing, or transport method.",classifier_method,false
134,MED:10521349,10521349,,10.1126/science.286.5439.531,context,exclude,moderate,no_relevant_discordance_stability_or_classifier_method,true,Molecular classification of cancer: class discovery and class prediction by gene expression monitoring.,"The title and abstract do not jointly establish a qualifying single-sample classifier reliability, uncertainty, preprocessing, or transport method.",classifier_method,false
135,MED:41322337,41322337,PMC12664634,10.1016/j.gendis.2025.101589,context,unclear,low,,false,A new and more informative subtyping scheme for breast cancer based on co-expression of metabolic genes.,No abstract is available; founder title-level adjudication is required.,classifier_method,false
136,MED:40816630,40816630,,10.1016/j.ygeno.2025.111097,context,exclude,moderate,no_relevant_discordance_stability_or_classifier_method,true,Multi-omics dissection of super-enhancer heterogeneity reveals subtype-specific transcriptional drivers in triple-negative breast cancer.,"The title and abstract do not jointly establish a qualifying single-sample classifier reliability, uncertainty, preprocessing, or transport method.",strong_method_in_record|classifier_method,false
137,MED:36264172,36264172,PMC10623072,10.1089/bio.2022.0090,context,exclude,moderate,no_relevant_discordance_stability_or_classifier_method,true,Quality Assessment of Proteins and RNA Following Storage in Archival Formalin-Fixed Paraffin-Embedded Human Breast Cancer Tissue Microarray Sections.,"The title and abstract do not jointly establish a qualifying single-sample classifier reliability, uncertainty, preprocessing, or transport method.",strong_method_in_record|classifier_method,false
138,MED:34482483,34482483,,10.1007/s10549-021-06379-1,context,exclude,moderate,no_relevant_discordance_stability_or_classifier_method,true,A CTL/M2 macrophage-related four-gene signature predicting metastasis-free survival in triple-negative breast cancer treated with adjuvant radiotherapy.,"The title and abstract do not jointly establish a qualifying single-sample classifier reliability, uncertainty, preprocessing, or transport method.",strong_method_in_record|classifier_method|outcome_or_treatment_in_title,false
139,MED:32208353,32208353,PMC7097521,10.1016/j.tranon.2020.100756,context,exclude,moderate,no_relevant_discordance_stability_or_classifier_method,true,Performance Characteristics of the BluePrint® Breast Cancer Diagnostic Test.,"The title and abstract do not jointly establish a qualifying single-sample classifier reliability, uncertainty, preprocessing, or transport method.",strong_method_in_record|classifier_method,false
140,MED:33014152,33014152,PMC7520755,10.3892/ol.2020.12136,context,exclude,moderate,no_relevant_discordance_stability_or_classifier_method,true,Biomarker heterogeneity between primary breast cancer and synchronous axillary lymph node metastases.,"The title and abstract do not jointly establish a qualifying single-sample classifier reliability, uncertainty, preprocessing, or transport method.",strong_method_in_record,false
141,MED:30677255,30677255,PMC6382728,10.1002/cam4.1880,context,exclude,moderate,no_relevant_discordance_stability_or_classifier_method,true,Development and validation of nomograms integrating immune-related genomic signatures with clinicopathologic features to improve prognosis and predictive value of triple-negative breast cancer: A gene expression-based retrospective study.,"The title and abstract do not jointly establish a qualifying single-sample classifier reliability, uncertainty, preprocessing, or transport method.",classifier_method|outcome_or_treatment_in_title,false
142,MED:29594352,29594352,,10.1007/s00428-018-2343-z,context,exclude,moderate,no_relevant_discordance_stability_or_classifier_method,true,Analysis of membranous Ki-67 staining in breast cancer and surrounding breast epithelium.,"The title and abstract do not jointly establish a qualifying single-sample classifier reliability, uncertainty, preprocessing, or transport method.",classifier_method,false
143,MED:30275860,30275860,PMC6158156,10.4048/jbc.2018.21.e35,context,exclude,moderate,no_relevant_discordance_stability_or_classifier_method,true,Evaluating the Prediction of Breast Cancer Survival Using Lymph Node Ratio.,"The title and abstract do not jointly establish a qualifying single-sample classifier reliability, uncertainty, preprocessing, or transport method.",strong_method_in_record|classifier_method|outcome_or_treatment_in_title,false
144,MED:26774850,26774850,,10.1016/j.rx.2015.11.007,context,exclude,moderate,no_relevant_discordance_stability_or_classifier_method,true,Breast cancer: determining the genetic profile from ultrasound-guided percutaneous biopsy specimens obtained during the diagnostic workups.,"The title and abstract do not jointly establish a qualifying single-sample classifier reliability, uncertainty, preprocessing, or transport method.",,false
145,MED:25848861,25848861,PMC4307898,10.1186/s13058-015-0514-2,context,exclude,moderate,no_relevant_discordance_stability_or_classifier_method,true,"Multigene prognostic tests in breast cancer: past, present, future.","The title and abstract do not jointly establish a qualifying single-sample classifier reliability, uncertainty, preprocessing, or transport method.",domain_in_record|classifier_method|outcome_or_treatment_in_title,false
146,MED:26041687,26041687,PMC4491103,10.1007/s10549-015-3444-x,context,exclude,moderate,no_relevant_discordance_stability_or_classifier_method,true,Quality assessment of estrogen receptor and progesterone receptor testing in breast cancer using a tissue microarray-based approach.,"The title and abstract do not jointly establish a qualifying single-sample classifier reliability, uncertainty, preprocessing, or transport method.",strong_method_in_record|classifier_method,false
147,MED:26161666,26161666,PMC4498889,10.1371/journal.pone.0132449,context,exclude,moderate,no_relevant_discordance_stability_or_classifier_method,true,Outcomes of Estrogen Receptor Negative and Progesterone Receptor Positive Breast Cancer.,"The title and abstract do not jointly establish a qualifying single-sample classifier reliability, uncertainty, preprocessing, or transport method.",,false
148,MED:26166838,26166838,PMC4490921,10.1055/s-0035-1546150,context,exclude,moderate,no_relevant_discordance_stability_or_classifier_method,true,Chemotherapy for Metastatic Breast Cancer - An Anachronism in the Era of Personalised and Targeted Oncological Therapy?,"The title and abstract do not jointly establish a qualifying single-sample classifier reliability, uncertainty, preprocessing, or transport method.",strong_method_in_record|outcome_or_treatment_in_title,false
149,MED:26420767,26420767,PMC4789709,10.1136/jclinpath-2015-203174,context,exclude,moderate,no_relevant_discordance_stability_or_classifier_method,true,The importance of tissue handling of surgically removed breast cancer for an accurate assessment of the Ki-67 index.,"The title and abstract do not jointly establish a qualifying single-sample classifier reliability, uncertainty, preprocessing, or transport method.",strong_method_in_record,false
150,MED:23747837,23747837,,10.1016/j.ygyno.2013.05.039,context,exclude,moderate,no_relevant_discordance_stability_or_classifier_method,true,Distribution and prognosis of molecular breast cancer subtypes defined by immunohistochemical biomarkers in a Spanish population-based study.,"The title and abstract do not jointly establish a qualifying single-sample classifier reliability, uncertainty, preprocessing, or transport method.",strong_method_in_record|classifier_method|outcome_or_treatment_in_title,false
151,MED:22467403,22467403,,10.1007/s12282-012-0353-2,context,exclude,moderate,no_relevant_discordance_stability_or_classifier_method,true,Histological grade as an alternative to the Ki67 labeling index is only available for luminal-type breast cancers.,"The title and abstract do not jointly establish a qualifying single-sample classifier reliability, uncertainty, preprocessing, or transport method.",classifier_method,false
152,MED:23323153,23323153,PMC3542834,10.1593/tlo.12244,context,exclude,moderate,no_relevant_discordance_stability_or_classifier_method,true,Gene signatures in breast cancer: current and future uses.,"The title and abstract do not jointly establish a qualifying single-sample classifier reliability, uncertainty, preprocessing, or transport method.",classifier_method,false
153,MED:21267685,21267685,,10.1007/s12253-011-9366-y,context,exclude,moderate,no_relevant_discordance_stability_or_classifier_method,true,Estrogen receptor negative and progesterone receptor positive breast carcinomas-how frequent are they?,"The title and abstract do not jointly establish a qualifying single-sample classifier reliability, uncertainty, preprocessing, or transport method.",classifier_method,false
154,MED:18182677,18182677,,10.1200/jco.2007.14.8411,context,unclear,low,,false,Does estrogen receptor negative/progesterone receptor positive breast carcinoma exist?,No abstract is available; founder title-level adjudication is required.,,false
155,MED:18977656,18977656,,10.1016/j.ejca.2008.09.011,context,exclude,moderate,no_relevant_discordance_stability_or_classifier_method,true,"Gene expression predictors in breast cancer: current status, limitations and perspectives.","The title and abstract do not jointly establish a qualifying single-sample classifier reliability, uncertainty, preprocessing, or transport method.",classifier_method,false
156,MED:15762275,15762275,,10.1309/hcf035n9wk40etj0,context,exclude,moderate,no_relevant_discordance_stability_or_classifier_method,true,Bimodal frequency distribution of estrogen receptor immunohistochemical staining results in breast cancer: an analysis of 825 cases.,"The title and abstract do not jointly establish a qualifying single-sample classifier reliability, uncertainty, preprocessing, or transport method.",classifier_method,false
157,MED:16251534,16251534,,10.1056/nejmoa050518,context,exclude,moderate,no_relevant_discordance_stability_or_classifier_method,true,Effect of screening and adjuvant therapy on mortality from breast cancer.,"The title and abstract do not jointly establish a qualifying single-sample classifier reliability, uncertainty, preprocessing, or transport method.",strong_method_in_record|outcome_or_treatment_in_title,false
158,MED:2903446,2903446,,10.1056/nejm198811103191902,context,exclude,moderate,no_relevant_discordance_stability_or_classifier_method,true,Neu-protein overexpression in breast cancer. Association with comedo-type ductal carcinoma in situ and limited prognostic value in stage II breast cancer.,"The title and abstract do not jointly establish a qualifying single-sample classifier reliability, uncertainty, preprocessing, or transport method.",outcome_or_treatment_in_title,false
159,MED:34077519,34077519,PMC9002278,10.1093/jnci/djab106,context,exclude,high,review_editorial_or_commentary_for_citation_chaining_only,true,Clinical Value of Consensus Molecular Subtypes in Colorectal Cancer: A Systematic Review and Meta-Analysis.,The title identifies secondary literature retained only for citation chaining.,strong_method_in_record|classifier_method|secondary_literature_in_title,false
160,MED:41794038,41794038,,10.1016/j.xcrm.2026.102642,context,exclude,moderate,no_relevant_discordance_stability_or_classifier_method,true,Molecular taxonomy of pancreatic neuroendocrine tumors reveals BEND2-fusions-driven transcriptional plasticity and therapeutic vulnerabilities.,"The title and abstract do not jointly establish a qualifying single-sample classifier reliability, uncertainty, preprocessing, or transport method.",classifier_method,false
161,MED:42049662,42049662,PMC13244588,10.1111/bju.70299,context,unclear,low,,false,'BJUI Clinical Dilemma': Recurrent high-grade non-muscle-invasive bladder cancer in 2026.,No abstract is available; founder title-level adjudication is required.,,false
162,PPR:PPR1211086,,,10.64898/2026.05.07.723570,context,exclude,moderate,no_relevant_discordance_stability_or_classifier_method,true,"Dependencies in heterogeneous, lineage plastic patient–derived prostate cancer organoids revealed through integrated single–cell multiomics and CRISPR screening","The title and abstract do not jointly establish a qualifying single-sample classifier reliability, uncertainty, preprocessing, or transport method.",strong_method_in_record|classifier_method,false
163,MED:40000527,40000527,PMC11861463,10.1007/s12672-025-01981-x,context,exclude,moderate,no_relevant_discordance_stability_or_classifier_method,true,"Tumor microenvironment and drug resistance in lung adenocarcinoma: molecular mechanisms, prognostic implications, and therapeutic strategies.","The title and abstract do not jointly establish a qualifying single-sample classifier reliability, uncertainty, preprocessing, or transport method.",classifier_method|outcome_or_treatment_in_title,false
164,MED:40247187,40247187,PMC12004710,10.1186/s10020-025-01199-1,context,exclude,moderate,no_relevant_discordance_stability_or_classifier_method,true,Genomic subtypes of non-muscle-invasive bladder cancer: guiding immunotherapy decision-making for patients exposed to aristolochic acid.,"The title and abstract do not jointly establish a qualifying single-sample classifier reliability, uncertainty, preprocessing, or transport method.",classifier_method,false
165,MED:40269326,40269326,PMC12222889,10.1038/s44320-025-00102-8,context,exclude,moderate,no_relevant_discordance_stability_or_classifier_method,true,Proteomics of colorectal tumors identifies the role of CAVIN1 in tumor relapse.,"The title and abstract do not jointly establish a qualifying single-sample classifier reliability, uncertainty, preprocessing, or transport method.",classifier_method,false
166,MED:40349133,40349133,PMC12065937,10.1093/oncolo/oyaf083,context,exclude,moderate,no_relevant_discordance_stability_or_classifier_method,true,The PancreasView gemcitabine transcriptomic signature predicts response to gemcitabine in patients with resected pancreatic ductal adenocarcinoma.,"The title and abstract do not jointly establish a qualifying single-sample classifier reliability, uncertainty, preprocessing, or transport method.",strong_method_in_record|classifier_method|outcome_or_treatment_in_title,false
167,MED:40615649,40615649,PMC12227561,10.1038/s41598-025-09075-y,context,exclude,moderate,no_relevant_discordance_stability_or_classifier_method,true,Pan-cancer immune and stromal deconvolution predicts clinical outcomes and mutation profiles.,"The title and abstract do not jointly establish a qualifying single-sample classifier reliability, uncertainty, preprocessing, or transport method.",classifier_method,false
168,MED:40812300,40812300,,10.1016/j.stem.2025.07.008,context,exclude,moderate,no_relevant_discordance_stability_or_classifier_method,true,A pancreatic cancer organoid biobank links multi-omics signatures to therapeutic response and clinical evaluation of statin combination therapy.,"The title and abstract do not jointly establish a qualifying single-sample classifier reliability, uncertainty, preprocessing, or transport method.",strong_method_in_record|outcome_or_treatment_in_title,false
169,MED:40830093,40830093,PMC12365320,10.1038/s41467-025-62234-7,context,exclude,moderate,no_relevant_discordance_stability_or_classifier_method,true,Integrative proteogenomic characterization of Wilms tumor.,"The title and abstract do not jointly establish a qualifying single-sample classifier reliability, uncertainty, preprocessing, or transport method.",classifier_method,false
170,PPR:PPR1073879,,,10.1101/2025.08.27.672563,context,exclude,moderate,no_relevant_discordance_stability_or_classifier_method,true,CD44v6 Drives Tumor Aggressiveness and Chemoresistance in Bladder Cancer,"The title and abstract do not jointly establish a qualifying single-sample classifier reliability, uncertainty, preprocessing, or transport method.",strong_method_in_record,false
171,MED:37725716,37725716,PMC10948323,10.1097/hep.0000000000000600,context,exclude,moderate,no_relevant_discordance_stability_or_classifier_method,true,Spatial proximity of tumor-immune interactions predicts patient outcome in hepatocellular carcinoma.,"The title and abstract do not jointly establish a qualifying single-sample classifier reliability, uncertainty, preprocessing, or transport method.",classifier_method,false
172,MED:38519484,38519484,PMC10959959,10.1038/s41467-024-46835-2,context,exclude,moderate,no_relevant_discordance_stability_or_classifier_method,true,Cancer cell genetics shaping of the tumor microenvironment reveals myeloid cell-centric exploitable vulnerabilities in hepatocellular carcinoma.,"The title and abstract do not jointly establish a qualifying single-sample classifier reliability, uncertainty, preprocessing, or transport method.",,false
173,MED:38520026,38520026,PMC10958914,10.1186/s40644-024-00685-9,context,exclude,moderate,no_relevant_discordance_stability_or_classifier_method,true,Prognostic PET [<sup>11</sup>C]-acetate uptake is associated with hypoxia gene expression in patients with late-stage hepatocellular carcinoma - a bench to bed study.,"The title and abstract do not jointly establish a qualifying single-sample classifier reliability, uncertainty, preprocessing, or transport method.",classifier_method|outcome_or_treatment_in_title,false
174,MED:38721587,38721587,PMC11076661,10.1016/j.csbj.2024.04.056,context,exclude,moderate,no_relevant_discordance_stability_or_classifier_method,true,Integrated immunogenomic analysis of single-cell and bulk profiling reveals novel tumor antigens and subtype-specific therapeutic agents in lung adenocarcinoma.,"The title and abstract do not jointly establish a qualifying single-sample classifier reliability, uncertainty, preprocessing, or transport method.",strong_method_in_record|classifier_method,false
175,MED:38833013,38833013,PMC11150232,10.1007/s12672-024-01006-z,context,exclude,moderate,no_relevant_discordance_stability_or_classifier_method,true,Deciphering the role of zinc homeostasis in the tumor microenvironment and prognosis of prostate cancer.,"The title and abstract do not jointly establish a qualifying single-sample classifier reliability, uncertainty, preprocessing, or transport method.",classifier_method|outcome_or_treatment_in_title,false
176,MED:39224521,39224521,PMC11367569,10.1016/j.isci.2024.110578,context,exclude,moderate,no_relevant_discordance_stability_or_classifier_method,true,The association of appendectomy with prognosis and tumor-associated macrophages in patients with colorectal cancer.,"The title and abstract do not jointly establish a qualifying single-sample classifier reliability, uncertainty, preprocessing, or transport method.",outcome_or_treatment_in_title,false
177,MED:39346927,39346927,PMC11427295,10.3389/fimmu.2024.1460547,context,exclude,moderate,no_relevant_discordance_stability_or_classifier_method,true,Integrating multi-omics and machine learning survival frameworks to build a prognostic model based on immune function and cell death patterns in a lung adenocarcinoma cohort.,"The title and abstract do not jointly establish a qualifying single-sample classifier reliability, uncertainty, preprocessing, or transport method.",classifier_method|outcome_or_treatment_in_title,false
178,MED:39513109,39513109,PMC11540511,10.7150/jca.101451,context,exclude,moderate,no_relevant_discordance_stability_or_classifier_method,true,Integrative analysis of single-cell and bulk multi-omics data to reveal subtype-specific characteristics and therapeutic strategies in clear cell renal cell carcinoma patients.,"The title and abstract do not jointly establish a qualifying single-sample classifier reliability, uncertainty, preprocessing, or transport method.",strong_method_in_record|classifier_method,false
179,MED:39577421,39577421,,10.1016/j.ccell.2024.10.016,context,exclude,moderate,no_relevant_discordance_stability_or_classifier_method,true,Molecular heterogeneity in urothelial carcinoma and determinants of clinical benefit to PD-L1 blockade.,"The title and abstract do not jointly establish a qualifying single-sample classifier reliability, uncertainty, preprocessing, or transport method.",classifier_method,false
180,MED:39732977,39732977,PMC11682178,10.1038/s41598-024-83111-1,context,exclude,moderate,no_relevant_discordance_stability_or_classifier_method,true,Identifying novel aging-related diagnostic and prognostic models and aging-targeted drugs for sepsis patients.,"The title and abstract do not jointly establish a qualifying single-sample classifier reliability, uncertainty, preprocessing, or transport method.",strong_method_in_record|outcome_or_treatment_in_title,false
181,MED:36239989,36239989,PMC9811165,10.1158/1078-0432.ccr-22-2041,context,exclude,moderate,no_relevant_discordance_stability_or_classifier_method,true,Colorectal Cancer Metastases in the Liver Establish Immunosuppressive Spatial Networking between Tumor-Associated SPP1+ Macrophages and Fibroblasts.,"The title and abstract do not jointly establish a qualifying single-sample classifier reliability, uncertainty, preprocessing, or transport method.",classifier_method,false
182,MED:36717674,36717674,PMC10050155,10.1038/s41416-023-02157-6,context,exclude,moderate,no_relevant_discordance_stability_or_classifier_method,true,MmCMS: mouse models' consensus molecular subtypes of colorectal cancer.,"The title and abstract do not jointly establish a qualifying single-sample classifier reliability, uncertainty, preprocessing, or transport method.",classifier_method|nonhuman_in_title,false
183,MED:36906534,36906534,PMC10007858,10.1186/s12943-023-01744-8,context,exclude,moderate,no_relevant_discordance_stability_or_classifier_method,true,Extracellular matrix remodeling in tumor progression and immune escape: from mechanisms to treatments.,"The title and abstract do not jointly establish a qualifying single-sample classifier reliability, uncertainty, preprocessing, or transport method.",strong_method_in_record,false
184,MED:37234984,37234984,PMC10207322,10.3389/fonc.2023.1123455,context,exclude,moderate,no_relevant_discordance_stability_or_classifier_method,true,The clinical relevance and prediction efficacy from therapy of tumor microenvironment related signature score in colorectal cancer.,"The title and abstract do not jointly establish a qualifying single-sample classifier reliability, uncertainty, preprocessing, or transport method.",classifier_method|outcome_or_treatment_in_title,false
185,MED:37267125,37267125,PMC10238095,10.7554/elife.86032,context,exclude,moderate,no_relevant_discordance_stability_or_classifier_method,true,Comprehensive characterization of tumor microenvironment in colorectal cancer via molecular analysis.,"The title and abstract do not jointly establish a qualifying single-sample classifier reliability, uncertainty, preprocessing, or transport method.",classifier_method,false
186,MED:37481601,37481601,,10.1186/s40001-023-01221-4,context,exclude,moderate,no_relevant_discordance_stability_or_classifier_method,true,"Multi-omics analysis uncovers clinical, immunological, and pharmacogenomic implications of cuproptosis in clear cell renal cell carcinoma.","The title and abstract do not jointly establish a qualifying single-sample classifier reliability, uncertainty, preprocessing, or transport method.",strong_method_in_record|classifier_method,false
187,MED:37766999,37766999,PMC10520355,10.1016/j.isci.2023.107871,context,exclude,moderate,no_relevant_discordance_stability_or_classifier_method,true,Immune perturbation network identifies an EMT subtype with chromosomal instability and tumor immune-desert microenvironment.,"The title and abstract do not jointly establish a qualifying single-sample classifier reliability, uncertainty, preprocessing, or transport method.",classifier_method,false
188,MED:37880538,37880538,PMC10600115,10.1038/s43856-023-00390-x,context,exclude,moderate,no_relevant_discordance_stability_or_classifier_method,true,Lenvatinib activates anti-tumor immunity by suppressing immunoinhibitory infiltrates in the tumor microenvironment of advanced hepatocellular carcinoma.,"The title and abstract do not jointly establish a qualifying single-sample classifier reliability, uncertainty, preprocessing, or transport method.",classifier_method,false
189,MED:37883849,37883849,,10.1016/j.compbiomed.2023.107593,context,exclude,moderate,no_relevant_discordance_stability_or_classifier_method,true,"Tumor biology, immune infiltration and liver function define seven hepatocellular carcinoma subtypes linked to distinct drivers, survival and drug response.","The title and abstract do not jointly establish a qualifying single-sample classifier reliability, uncertainty, preprocessing, or transport method.",domain_in_record|classifier_method|outcome_or_treatment_in_title,false
190,MED:37951921,37951921,PMC10638833,10.1186/s13046-023-02869-w,context,exclude,moderate,no_relevant_discordance_stability_or_classifier_method,true,Anti-tumor activity of all-trans retinoic acid in gastric-cancer: gene-networks and molecular mechanisms.,"The title and abstract do not jointly establish a qualifying single-sample classifier reliability, uncertainty, preprocessing, or transport method.",classifier_method,false
191,MED:37991591,37991591,,10.1007/s10142-023-01266-y,context,exclude,moderate,no_relevant_discordance_stability_or_classifier_method,true,The cellular trajectories of tumor-associated macrophages decipher the heterogeneity of pancreatic cancer.,"The title and abstract do not jointly establish a qualifying single-sample classifier reliability, uncertainty, preprocessing, or transport method.",strong_method_in_record|classifier_method,false
192,MED:38867932,38867932,,10.1002/imt2.127,context,exclude,moderate,no_relevant_discordance_stability_or_classifier_method,true,Immune-related interaction perturbation networks unravel biological peculiars and clinical significance of glioblastoma.,"The title and abstract do not jointly establish a qualifying single-sample classifier reliability, uncertainty, preprocessing, or transport method.",strong_method_in_record|classifier_method,false
193,MED:34643090,34643090,PMC12721623,10.1097/ju.0000000000002261,context,exclude,moderate,no_relevant_discordance_stability_or_classifier_method,true,Patients with Muscle-Invasive Bladder Cancer with Nonluminal Subtype Derive Greatest Benefit from Platinum Based Neoadjuvant Chemotherapy.,"The title and abstract do not jointly establish a qualifying single-sample classifier reliability, uncertainty, preprocessing, or transport method.",classifier_method|outcome_or_treatment_in_title,false
194,MED:35061935,35061935,PMC8782496,10.1002/ctm2.670,context,exclude,moderate,no_relevant_discordance_stability_or_classifier_method,true,Multi-omics analysis of intra-tumoural and inter-tumoural heterogeneity in pancreatic ductal adenocarcinoma.,"The title and abstract do not jointly establish a qualifying single-sample classifier reliability, uncertainty, preprocessing, or transport method.",,false
195,MED:35108518,35108518,,10.1016/j.humpath.2022.01.006,context,exclude,moderate,no_relevant_discordance_stability_or_classifier_method,true,Molecular pathology of the non-luminal Ba/Sq-like and Sc/NE-like classes of urothelial tumours: An integrated immunohistochemical analysis.,"The title and abstract do not jointly establish a qualifying single-sample classifier reliability, uncertainty, preprocessing, or transport method.",classifier_method,false
196,MED:35273605,35273605,PMC8901887,10.3389/fimmu.2022.824946,context,exclude,moderate,no_relevant_discordance_stability_or_classifier_method,true,Establishing a Prognostic Model Based on Ulceration and Immune Related Genes in Melanoma Patients and Identification of EIF3B as a Therapeutic Target.,"The title and abstract do not jointly establish a qualifying single-sample classifier reliability, uncertainty, preprocessing, or transport method.",classifier_method|outcome_or_treatment_in_title,false
197,MED:35712812,35712812,PMC9426409,10.1002/hep4.1991,context,exclude,moderate,no_relevant_discordance_stability_or_classifier_method,true,Atorvastatin favorably modulates a clinical hepatocellular carcinoma risk gene signature.,"The title and abstract do not jointly establish a qualifying single-sample classifier reliability, uncertainty, preprocessing, or transport method.",strong_method_in_record,false
198,MED:35739249,35739249,PMC9226130,10.1038/s41698-022-00292-6,context,exclude,moderate,no_relevant_discordance_stability_or_classifier_method,true,Favorable immune checkpoint inhibitor outcome of patients with melanoma and NSCLC harboring FAT1 mutations.,"The title and abstract do not jointly establish a qualifying single-sample classifier reliability, uncertainty, preprocessing, or transport method.",,false
199,MED:35967384,35967384,PMC9363578,10.3389/fimmu.2022.964190,context,exclude,moderate,no_relevant_discordance_stability_or_classifier_method,true,CD8+ T cell trajectory subtypes decode tumor heterogeneity and provide treatment recommendations for hepatocellular carcinoma.,"The title and abstract do not jointly establish a qualifying single-sample classifier reliability, uncertainty, preprocessing, or transport method.",strong_method_in_record|classifier_method,false
200,MED:36054900,36054900,,10.1002/ijc.34247,context,exclude,moderate,no_relevant_discordance_stability_or_classifier_method,true,The presence of vessels encapsulating tumor clusters is associated with an immunosuppressive tumor microenvironment in hepatocellular carcinoma.,"The title and abstract do not jointly establish a qualifying single-sample classifier reliability, uncertainty, preprocessing, or transport method.",classifier_method,false
201,MED:36290808,36290808,PMC9600136,10.3390/curroncol29100531,context,exclude,moderate,no_relevant_discordance_stability_or_classifier_method,true,A Case Report on Longitudinal Collection of Tumour Biopsies for Gene Expression-Based Tumour Microenvironment Analysis from Pancreatic Cancer Patients Treated with Endoscopic Ultrasound Guided Radiofrequency Ablation.,"The title and abstract do not jointly establish a qualifying single-sample classifier reliability, uncertainty, preprocessing, or transport method.",classifier_method,false
202,MED:36497046,36497046,PMC9737968,10.3390/cells11233784,context,exclude,moderate,no_relevant_discordance_stability_or_classifier_method,true,Molecular Cluster Mining of Adrenocortical Carcinoma via Multi-Omics Data Analysis Aids Precise Clinical Therapy.,"The title and abstract do not jointly establish a qualifying single-sample classifier reliability, uncertainty, preprocessing, or transport method.",classifier_method|outcome_or_treatment_in_title,false
203,MED:36600418,36600418,PMC9772662,10.1136/bmjopen-2022-064898,context,exclude,moderate,no_relevant_discordance_stability_or_classifier_method,true,Cohort profile: Bladder Cancer Data Base Sweden (BladderBaSe) 2.0.,"The title and abstract do not jointly establish a qualifying single-sample classifier reliability, uncertainty, preprocessing, or transport method.",,false
204,MED:32217639,32217639,PMC7116473,10.1136/gutjnl-2019-318918,context,exclude,moderate,no_relevant_discordance_stability_or_classifier_method,true,Targeting clinical epigenetic reprogramming for chemoprevention of metabolic and viral hepatocellular carcinoma.,"The title and abstract do not jointly establish a qualifying single-sample classifier reliability, uncertainty, preprocessing, or transport method.",classifier_method,false
205,MED:32900624,32900624,,10.1016/j.urolonc.2020.08.023,context,exclude,high,review_editorial_or_commentary_for_citation_chaining_only,true,The value and limitations of urothelial bladder carcinoma molecular classifications to predict oncological outcomes and cancer treatment response: A systematic review and meta-analysis.,The title identifies secondary literature retained only for citation chaining.,classifier_method|outcome_or_treatment_in_title|secondary_literature_in_title,false
206,MED:33580207,33580207,PMC7881244,10.1038/s41698-021-00142-x,context,exclude,moderate,no_relevant_discordance_stability_or_classifier_method,true,A tumor microenvironment-specific gene expression signature predicts chemotherapy resistance in colorectal cancer patients.,"The title and abstract do not jointly establish a qualifying single-sample classifier reliability, uncertainty, preprocessing, or transport method.",classifier_method|outcome_or_treatment_in_title,false
207,MED:33723215,33723215,PMC7961150,10.1038/s41419-021-03554-6,context,exclude,moderate,no_relevant_discordance_stability_or_classifier_method,true,FoxP3-miR-150-5p/3p suppresses ovarian tumorigenesis via an IGF1R/IRS1 pathway feedback loop.,"The title and abstract do not jointly establish a qualifying single-sample classifier reliability, uncertainty, preprocessing, or transport method.",,false
208,MED:33972745,33972745,PMC8329212,10.1038/s41416-021-01411-z,context,exclude,moderate,no_relevant_discordance_stability_or_classifier_method,true,Predicting the clinical outcome of oral potentially malignant disorders using transcriptomic-based molecular pathology.,"The title and abstract do not jointly establish a qualifying single-sample classifier reliability, uncertainty, preprocessing, or transport method.",classifier_method|outcome_or_treatment_in_title,false
209,MED:34035068,34035068,PMC10327469,10.1158/1078-0432.ccr-21-0267,context,exclude,moderate,no_relevant_discordance_stability_or_classifier_method,true,"OCaMIR-A Noninvasive, Diagnostic Signature for Early-Stage Ovarian Cancer: A Multi-cohort Retrospective and Prospective Study.","The title and abstract do not jointly establish a qualifying single-sample classifier reliability, uncertainty, preprocessing, or transport method.",strong_method_in_record,false
210,MED:34289836,34289836,PMC8296694,10.1186/s12916-021-02027-z,context,exclude,moderate,no_relevant_discordance_stability_or_classifier_method,true,Variability of multi-omics profiles in a population-based child cohort.,"The title and abstract do not jointly establish a qualifying single-sample classifier reliability, uncertainty, preprocessing, or transport method.",strong_method_in_record|classifier_method,false
211,MED:34426439,34426439,PMC8563410,10.1158/1078-0432.ccr-20-3925,context,exclude,moderate,no_relevant_discordance_stability_or_classifier_method,true,Elucidation of Tumor-Stromal Heterogeneity and the Ligand-Receptor Interactome by Single-Cell Transcriptomics in Real-world Pancreatic Cancer Biopsies.,"The title and abstract do not jointly establish a qualifying single-sample classifier reliability, uncertainty, preprocessing, or transport method.",classifier_method,false
212,MED:34470666,34470666,PMC8411513,10.1186/s13073-021-00956-1,context,exclude,moderate,no_relevant_discordance_stability_or_classifier_method,true,De novo transcriptomic subtyping of colorectal cancer liver metastases in the context of tumor heterogeneity.,"The title and abstract do not jointly establish a qualifying single-sample classifier reliability, uncertainty, preprocessing, or transport method.",domain_in_record|classifier_method,false
213,MED:34471425,34471425,PMC8404641,10.1177/17588359211038478,context,exclude,moderate,no_relevant_discordance_stability_or_classifier_method,true,Comprehensive molecular profiling to predict clinical outcomes in pancreatic cancer.,"The title and abstract do not jointly establish a qualifying single-sample classifier reliability, uncertainty, preprocessing, or transport method.",classifier_method,false
214,MED:34535664,34535664,PMC8448834,10.1038/s41467-021-25468-9,context,exclude,moderate,no_relevant_discordance_stability_or_classifier_method,true,A human liver cell-based system modeling a clinical prognostic liver signature for therapeutic discovery.,"The title and abstract do not jointly establish a qualifying single-sample classifier reliability, uncertainty, preprocessing, or transport method.",strong_method_in_record|outcome_or_treatment_in_title,false
215,MED:34747716,34747716,PMC8610131,10.18632/aging.203678,context,exclude,moderate,no_relevant_discordance_stability_or_classifier_method,true,Immunological and clinical immunotherapy implications of <i>NLRP3</i> mutations in melanoma.,"The title and abstract do not jointly establish a qualifying single-sample classifier reliability, uncertainty, preprocessing, or transport method.",,false
216,MED:35083216,35083216,PMC8784737,10.3389/fcell.2021.782529,context,exclude,moderate,no_relevant_discordance_stability_or_classifier_method,true,Comprehensive Characterization of Tumor Purity and Its Clinical Implications in Gastric Cancer.,"The title and abstract do not jointly establish a qualifying single-sample classifier reliability, uncertainty, preprocessing, or transport method.",strong_method_in_record|classifier_method,false
217,MED:31810126,31810126,,10.1016/j.biopha.2019.109637,context,exclude,moderate,no_relevant_discordance_stability_or_classifier_method,true,Comprehensive characterization of tumor infiltrating natural killer cells and clinical significance in hepatocellular carcinoma based on gene expression profiles.,"The title and abstract do not jointly establish a qualifying single-sample classifier reliability, uncertainty, preprocessing, or transport method.",classifier_method,false
218,MED:31932696,31932696,,10.1038/s41588-019-0566-9,context,exclude,moderate,no_relevant_discordance_stability_or_classifier_method,true,Transcription phenotypes of pancreatic cancer are driven by genomic events during tumor evolution.,"The title and abstract do not jointly establish a qualifying single-sample classifier reliability, uncertainty, preprocessing, or transport method.",classifier_method,false
219,MED:31989761,31989761,PMC7077592,10.1111/jcmm.14999,context,exclude,moderate,no_relevant_discordance_stability_or_classifier_method,true,A stroma-related lncRNA panel for predicting recurrence and adjuvant chemotherapy benefit in patients with early-stage colon cancer.,"The title and abstract do not jointly establish a qualifying single-sample classifier reliability, uncertainty, preprocessing, or transport method.",classifier_method|outcome_or_treatment_in_title,false
220,MED:32030808,32030808,,10.1002/jcb.29675,context,exclude,moderate,no_relevant_discordance_stability_or_classifier_method,true,Identification immunophenotyping of lung adenocarcinomas based on the tumor microenvironment.,"The title and abstract do not jointly establish a qualifying single-sample classifier reliability, uncertainty, preprocessing, or transport method.",classifier_method,false
221,MED:32120790,32120790,PMC7139415,10.3390/cancers12030549,context,exclude,moderate,no_relevant_discordance_stability_or_classifier_method,true,Sphere-Forming Culture for Expanding Genetically Distinct Patient-Derived Glioma Stem Cells by Cellular Growth Rate Screening.,"The title and abstract do not jointly establish a qualifying single-sample classifier reliability, uncertainty, preprocessing, or transport method.",classifier_method,false
222,MED:32152322,32152322,PMC7062901,10.1038/s41467-020-14908-7,context,exclude,moderate,no_relevant_discordance_stability_or_classifier_method,true,Minimal barriers to invasion during human colorectal tumor growth.,"The title and abstract do not jointly establish a qualifying single-sample classifier reliability, uncertainty, preprocessing, or transport method.",,false
223,MED:32154187,32154187,PMC7045056,10.3389/fcimb.2020.00042,context,exclude,moderate,no_relevant_discordance_stability_or_classifier_method,true,"Extensive Changes in Transcriptomic ""Fingerprints"" and Immunological Cells in the Large Organs of Patients Dying of Acute Septic Shock and Multiple Organ Failure Caused by <i>Neisseria meningitidis</i>.","The title and abstract do not jointly establish a qualifying single-sample classifier reliability, uncertainty, preprocessing, or transport method.",classifier_method,false
224,MED:32547646,32547646,PMC7249573,10.1177/1758835920922051,context,exclude,moderate,no_relevant_discordance_stability_or_classifier_method,true,Circulating cytokines and angiogenic factors based signature associated with the relative dose intensity during treatment in patients with advanced hepatocellular carcinoma receiving lenvatinib.,"The title and abstract do not jointly establish a qualifying single-sample classifier reliability, uncertainty, preprocessing, or transport method.",,false
225,MED:32657929,32657929,PMC7901605,10.1097/sla.0000000000004200,context,exclude,moderate,no_relevant_discordance_stability_or_classifier_method,true,Patient-derived Organoid Pharmacotyping is a Clinically Tractable Strategy for Precision Medicine in Pancreatic Cancer.,"The title and abstract do not jointly establish a qualifying single-sample classifier reliability, uncertainty, preprocessing, or transport method.",strong_method_in_record,false
226,MED:32668248,32668248,,10.1016/j.celrep.2020.107897,context,exclude,moderate,no_relevant_discordance_stability_or_classifier_method,true,A Patient-Derived Cell Atlas Informs Precision Targeting of Glioblastoma.,"The title and abstract do not jointly establish a qualifying single-sample classifier reliability, uncertainty, preprocessing, or transport method.",,false
227,MED:32684305,32684305,,10.1016/j.eururo.2020.06.048,context,exclude,moderate,no_relevant_discordance_stability_or_classifier_method,true,Identification of Differential Tumor Subtypes of T1 Bladder Cancer.,"The title and abstract do not jointly establish a qualifying single-sample classifier reliability, uncertainty, preprocessing, or transport method.",classifier_method,false
228,MED:32742476,32742476,PMC7391194,10.7150/jca.42816,context,exclude,moderate,no_relevant_discordance_stability_or_classifier_method,true,The new horizon of liquid biopsy in sarcoma: the potential utility of circulating tumor nucleic acids.,"The title and abstract do not jointly establish a qualifying single-sample classifier reliability, uncertainty, preprocessing, or transport method.",,false
229,MED:33293514,33293514,PMC7721861,10.1038/s41420-020-00376-x,context,exclude,moderate,no_relevant_discordance_stability_or_classifier_method,true,"A blood transcriptome-based analysis of disease progression, immune regulation, and symptoms in coronavirus-infected patients.","The title and abstract do not jointly establish a qualifying single-sample classifier reliability, uncertainty, preprocessing, or transport method.",classifier_method,false
230,MED:33332369,33332369,PMC7746197,10.1371/journal.pone.0241148,context,unclear,moderate,,true,Transcriptomic and proteomic intra-tumor heterogeneity of colorectal cancer varies depending on tumor location within the colorectum.,"The abstract contains relevant classifier and reliability signals, but direct eligibility is not unambiguous from deterministic rules.",domain_in_record|strong_method_in_record|classifier_method,false
231,MED:35117266,35117266,PMC8798576,10.21037/tcr-20-2169,context,exclude,moderate,no_relevant_discordance_stability_or_classifier_method,true,Variant histology in bladder cancer: diagnostic and clinical implications.,"The title and abstract do not jointly establish a qualifying single-sample classifier reliability, uncertainty, preprocessing, or transport method.",classifier_method,false
232,MED:30726735,30726735,,10.1016/j.celrep.2019.01.048,context,exclude,moderate,no_relevant_discordance_stability_or_classifier_method,true,Pre-existing Functional Heterogeneity of Tumorigenic Compartment as the Origin of Chemoresistance in Pancreatic Tumors.,"The title and abstract do not jointly establish a qualifying single-sample classifier reliability, uncertainty, preprocessing, or transport method.",classifier_method,false
233,MED:30851984,30851984,,10.1016/j.eururo.2019.02.017,context,exclude,moderate,no_relevant_discordance_stability_or_classifier_method,true,The Cancer Genome Atlas Expression Subtypes Stratify Response to Checkpoint Inhibition in Advanced Urothelial Cancer and Identify a Subset of Patients with High Survival Probability.,"The title and abstract do not jointly establish a qualifying single-sample classifier reliability, uncertainty, preprocessing, or transport method.",classifier_method|outcome_or_treatment_in_title,false
234,MED:30988029,30988029,,10.1158/2326-6066.cir-18-0758,context,exclude,moderate,no_relevant_discordance_stability_or_classifier_method,true,The Tumor Immune Microenvironment Drives a Prognostic Relevance That Correlates with Bladder Cancer Subtypes.,"The title and abstract do not jointly establish a qualifying single-sample classifier reliability, uncertainty, preprocessing, or transport method.",classifier_method|outcome_or_treatment_in_title,false
235,MED:31055200,31055200,PMC6658934,10.1016/j.neo.2019.04.003,context,exclude,moderate,no_relevant_discordance_stability_or_classifier_method,true,"Immune Signature-Based Subtypes of Cervical Squamous Cell Carcinoma Tightly Associated with Human Papillomavirus Type 16 Expression, Molecular Features, and Clinical Outcome.","The title and abstract do not jointly establish a qualifying single-sample classifier reliability, uncertainty, preprocessing, or transport method.",classifier_method|outcome_or_treatment_in_title,false
236,MED:31232464,31232464,PMC6851980,10.1002/path.5318,context,exclude,moderate,no_relevant_discordance_stability_or_classifier_method,true,Molecular pathology of the luminal class of urothelial tumors.,"The title and abstract do not jointly establish a qualifying single-sample classifier reliability, uncertainty, preprocessing, or transport method.",classifier_method,false
237,MED:31395879,31395879,PMC6687785,10.1038/s41467-019-11415-2,context,exclude,moderate,no_relevant_discordance_stability_or_classifier_method,true,Comprehensive transcriptomic analysis of cell lines as models of primary tumors across 22 tumor types.,"The title and abstract do not jointly establish a qualifying single-sample classifier reliability, uncertainty, preprocessing, or transport method.",classifier_method,false
238,MED:31399589,31399589,PMC6689009,10.1038/s41467-019-11614-x,context,exclude,moderate,no_relevant_discordance_stability_or_classifier_method,true,A STAT3-based gene signature stratifies glioma patients for targeted therapy.,"The title and abstract do not jointly establish a qualifying single-sample classifier reliability, uncertainty, preprocessing, or transport method.",classifier_method|outcome_or_treatment_in_title,false
239,MED:31620162,31620162,PMC6759478,10.3389/fgene.2019.00830,context,exclude,moderate,no_relevant_discordance_stability_or_classifier_method,true,MPIC: Molecular Prognostic Indicators in Cirrhosis Database for Clinical Context-Specific &lt;i&gt;in Silico&lt;/i&gt; Prognostic Biomarker Validation.,"The title and abstract do not jointly establish a qualifying single-sample classifier reliability, uncertainty, preprocessing, or transport method.",outcome_or_treatment_in_title,false
240,MED:31628300,31628300,PMC6802116,10.1038/s41467-019-12517-7,context,unclear,moderate,,true,De novo compartment deconvolution and weight estimation of tumor samples using DECODER.,"The abstract contains relevant classifier and reliability signals, but direct eligibility is not unambiguous from deterministic rules.",domain_in_record|strong_method_in_record|classifier_method,false
241,MED:31681618,31681618,PMC6813654,10.3389/fonc.2019.01094,context,exclude,moderate,no_relevant_discordance_stability_or_classifier_method,true,A Qualitative Transcriptional Signature for Predicting Recurrence Risk for High-Grade Serous Ovarian Cancer Patients Treated With Platinum-Taxane Adjuvant Chemotherapy.,"The title and abstract do not jointly establish a qualifying single-sample classifier reliability, uncertainty, preprocessing, or transport method.",strong_method_in_record|classifier_method|outcome_or_treatment_in_title,false
242,MED:31772156,31772156,PMC6879526,10.1038/s41419-019-2122-z,context,exclude,moderate,no_relevant_discordance_stability_or_classifier_method,true,DAPK1 loss triggers tumor invasion in colorectal tumor cells.,"The title and abstract do not jointly establish a qualifying single-sample classifier reliability, uncertainty, preprocessing, or transport method.",classifier_method,false
243,MED:29158192,29158192,PMC5847453,10.1053/j.gastro.2017.10.048,context,exclude,moderate,no_relevant_discordance_stability_or_classifier_method,true,Combination of Gene Expression Signature and Model for End-Stage Liver Disease Score Predicts Survival of Patients With Severe Alcoholic Hepatitis.,"The title and abstract do not jointly establish a qualifying single-sample classifier reliability, uncertainty, preprocessing, or transport method.",classifier_method|outcome_or_treatment_in_title,false
244,MED:29443960,29443960,PMC6028240,10.1038/nature25501,context,exclude,moderate,no_relevant_discordance_stability_or_classifier_method,true,TGFβ attenuates tumour response to PD-L1 blockade by contributing to exclusion of T cells.,"The title and abstract do not jointly establish a qualifying single-sample classifier reliability, uncertainty, preprocessing, or transport method.",strong_method_in_record|outcome_or_treatment_in_title,false
245,MED:29986195,29986195,,10.1016/j.clineuro.2018.07.003,context,exclude,moderate,no_relevant_discordance_stability_or_classifier_method,true,Loss of MycBP may be associated with the improved survival in 1P co-deletion of lower grade glioma patients.,"The title and abstract do not jointly establish a qualifying single-sample classifier reliability, uncertainty, preprocessing, or transport method.",outcome_or_treatment_in_title,false
246,MED:30359638,30359638,,10.1016/j.humpath.2018.10.008,context,exclude,moderate,no_relevant_discordance_stability_or_classifier_method,true,Mitotic activity in noninvasive papillary urothelial carcinoma: its value in predicting tumor recurrence and comparison with the contemporary 2-tier grading system.,"The title and abstract do not jointly establish a qualifying single-sample classifier reliability, uncertainty, preprocessing, or transport method.",outcome_or_treatment_in_title,false
247,MED:30458705,30458705,PMC6247532,10.1186/s12864-018-5217-5,context,exclude,moderate,no_relevant_discordance_stability_or_classifier_method,true,Dissecting clinical outcome of porcine circovirus type 2 with in vivo derived transcriptomic signatures of host tissue responses.,"The title and abstract do not jointly establish a qualifying single-sample classifier reliability, uncertainty, preprocessing, or transport method.",classifier_method|outcome_or_treatment_in_title,false
248,MED:27662884,27662884,PMC5313271,10.1634/theoncologist.2016-0085,context,exclude,moderate,no_relevant_discordance_stability_or_classifier_method,true,Implementation of a Multicenter Biobanking Collaboration for Next-Generation Sequencing-Based Biomarker Discovery Based on Fresh Frozen Pretreatment Tumor Tissue Biopsies.,"The title and abstract do not jointly establish a qualifying single-sample classifier reliability, uncertainty, preprocessing, or transport method.",strong_method_in_record,false
249,MED:28057025,28057025,PMC5216590,10.1186/s13046-016-0477-x,context,exclude,moderate,no_relevant_discordance_stability_or_classifier_method,true,Nomogram integrating gene expression signatures with clinicopathological features to predict survival in operable NSCLC: a pooled analysis of 2164 patients.,"The title and abstract do not jointly establish a qualifying single-sample classifier reliability, uncertainty, preprocessing, or transport method.",strong_method_in_record|classifier_method|outcome_or_treatment_in_title,false
250,MED:28239471,28239471,PMC5319024,10.1186/s40425-017-0215-8,context,exclude,moderate,no_relevant_discordance_stability_or_classifier_method,true,Gene expression markers of Tumor Infiltrating Leukocytes.,"The title and abstract do not jointly establish a qualifying single-sample classifier reliability, uncertainty, preprocessing, or transport method.",strong_method_in_record|classifier_method,false
251,MED:28319088,28319088,,10.1038/ng.3818,context,exclude,moderate,no_relevant_discordance_stability_or_classifier_method,true,Reference component analysis of single-cell transcriptomes elucidates cellular heterogeneity in human colorectal tumors.,"The title and abstract do not jointly establish a qualifying single-sample classifier reliability, uncertainty, preprocessing, or transport method.",strong_method_in_record|classifier_method,false
252,MED:28895563,28895563,,10.1038/nrurol.2017.125,context,exclude,moderate,no_relevant_discordance_stability_or_classifier_method,true,Characteristics and clinical significance of histological variants of bladder cancer.,"The title and abstract do not jointly establish a qualifying single-sample classifier reliability, uncertainty, preprocessing, or transport method.",classifier_method,false
253,MED:28919521,28919521,,10.1016/j.euf.2017.09.001,context,exclude,moderate,no_relevant_discordance_stability_or_classifier_method,true,Treatment Patterns and Survival Outcomes for Patients with Small Cell Carcinoma of the Bladder.,"The title and abstract do not jointly establish a qualifying single-sample classifier reliability, uncertainty, preprocessing, or transport method.",strong_method_in_record|outcome_or_treatment_in_title,false
254,MED:28939741,28939741,,10.1158/1078-0432.ccr-17-0306,context,exclude,moderate,no_relevant_discordance_stability_or_classifier_method,true,Tumor Heterogeneity Predicts Metastatic Potential in Colorectal Cancer.,"The title and abstract do not jointly establish a qualifying single-sample classifier reliability, uncertainty, preprocessing, or transport method.",,false
255,MED:26492845,26492845,PMC4838546,10.1016/j.cgh.2015.10.010,context,exclude,moderate,no_relevant_discordance_stability_or_classifier_method,true,Nonalcoholic Steatohepatitis Is Associated With Increased Mortality in Obese Patients Undergoing Bariatric Surgery.,"The title and abstract do not jointly establish a qualifying single-sample classifier reliability, uncertainty, preprocessing, or transport method.",strong_method_in_record|classifier_method,false
256,MED:25665006,25665006,PMC4575589,10.1038/ng.3214,context,exclude,moderate,no_relevant_discordance_stability_or_classifier_method,true,A Big Bang model of human colorectal tumor growth.,"The title and abstract do not jointly establish a qualifying single-sample classifier reliability, uncertainty, preprocessing, or transport method.",,false
257,MED:26104942,26104942,,10.1016/j.ijrobp.2015.03.019,context,exclude,moderate,no_relevant_discordance_stability_or_classifier_method,true,"Small Cell Carcinoma of the Urinary Bladder: A Retrospective, Multicenter Rare Cancer Network Study of 107 Patients.","The title and abstract do not jointly establish a qualifying single-sample classifier reliability, uncertainty, preprocessing, or transport method.",strong_method_in_record,false
258,MED:26412982,26412982,PMC4582729,10.1186/s12907-015-0017-1,context,exclude,moderate,no_relevant_discordance_stability_or_classifier_method,true,"Comparing gene expression data from formalin-fixed, paraffin embedded tissues and qPCR with that from snap-frozen tissue and microarrays for modeling outcomes of patients with ovarian carcinoma.","The title and abstract do not jointly establish a qualifying single-sample classifier reliability, uncertainty, preprocessing, or transport method.",strong_method_in_record|classifier_method,false
259,MED:26464715,26464715,PMC4583947,,context,exclude,moderate,no_relevant_discordance_stability_or_classifier_method,true,Rates of MAGE-A3 and PRAME expressing tumors in FFPE tissue specimens from bladder cancer patients: potential targets for antigen-specific cancer immunotherapeutics.,"The title and abstract do not jointly establish a qualifying single-sample classifier reliability, uncertainty, preprocessing, or transport method.",,false
260,MED:25428504,25428504,PMC4836193,10.1038/nature14011,context,exclude,moderate,no_relevant_discordance_stability_or_classifier_method,true,Predictive correlates of response to the anti-PD-L1 antibody MPDL3280A in cancer patients.,"The title and abstract do not jointly establish a qualifying single-sample classifier reliability, uncertainty, preprocessing, or transport method.",classifier_method|outcome_or_treatment_in_title,false
261,MED:23333348,23333348,PMC3633736,10.1053/j.gastro.2013.01.021,context,exclude,moderate,no_relevant_discordance_stability_or_classifier_method,true,Prognostic gene expression signature for patients with hepatitis C-related early-stage cirrhosis.,"The title and abstract do not jointly establish a qualifying single-sample classifier reliability, uncertainty, preprocessing, or transport method.",strong_method_in_record|classifier_method|outcome_or_treatment_in_title,false
262,MED:23418513,23418513,PMC3572021,10.1371/journal.pone.0056077,context,exclude,moderate,no_relevant_discordance_stability_or_classifier_method,true,Transcriptomic profiling of human peritumoral neocortex tissues revealed genes possibly involved in tumor-induced epilepsy.,"The title and abstract do not jointly establish a qualifying single-sample classifier reliability, uncertainty, preprocessing, or transport method.",strong_method_in_record|classifier_method,false
263,MED:24113773,24113773,PMC3826632,10.1038/ncomms3612,context,exclude,moderate,no_relevant_discordance_stability_or_classifier_method,true,Inferring tumour purity and stromal and immune cell admixture from expression data.,"The title and abstract do not jointly establish a qualifying single-sample classifier reliability, uncertainty, preprocessing, or transport method.",classifier_method,false
264,MED:22219018,22219018,PMC3493135,10.1093/annonc/mdr576,context,exclude,moderate,no_relevant_discordance_stability_or_classifier_method,true,Identification and validation of gene expression models that predict clinical outcome in patients with early-stage laryngeal cancer.,"The title and abstract do not jointly establish a qualifying single-sample classifier reliability, uncertainty, preprocessing, or transport method.",classifier_method|outcome_or_treatment_in_title,false
265,MED:23136189,23136189,PMC3500412,10.1158/1078-0432.ccr-12-1915,context,exclude,moderate,no_relevant_discordance_stability_or_classifier_method,true,Expression profiling of archival tumors for long-term health studies.,"The title and abstract do not jointly establish a qualifying single-sample classifier reliability, uncertainty, preprocessing, or transport method.",classifier_method,false
266,MED:21320499,21320499,PMC3081971,10.1053/j.gastro.2011.02.006,context,exclude,moderate,no_relevant_discordance_stability_or_classifier_method,true,"Combining clinical, pathology, and gene expression data to predict recurrence of hepatocellular carcinoma.","The title and abstract do not jointly establish a qualifying single-sample classifier reliability, uncertainty, preprocessing, or transport method.",strong_method_in_record|classifier_method|outcome_or_treatment_in_title,false
267,MED:20555060,20555060,,10.1093/annonc/mdq172,context,unclear,low,,false,"Small-cell lung cancer: ESMO Clinical Practice Guidelines for diagnosis, treatment and follow-up.",No abstract is available; founder title-level adjudication is required.,,false
268,MED:19141773,19141773,,10.1093/jnci/djn451,context,exclude,moderate,no_relevant_discordance_stability_or_classifier_method,true,Multi-institutional validation of the predictive value of Ki-67 labeling index in patients with urinary bladder cancer.,"The title and abstract do not jointly establish a qualifying single-sample classifier reliability, uncertainty, preprocessing, or transport method.",strong_method_in_record|classifier_method,false
269,MED:19410283,19410283,,10.1016/j.ygyno.2009.04.002,context,exclude,moderate,no_relevant_discordance_stability_or_classifier_method,true,Analysis of gene expression in stage I serous tumors identifies critical pathways altered in ovarian cancer.,"The title and abstract do not jointly establish a qualifying single-sample classifier reliability, uncertainty, preprocessing, or transport method.",classifier_method,false
270,MED:19414678,19414678,PMC4879720,10.1200/jco.2008.19.0256,context,exclude,moderate,no_relevant_discordance_stability_or_classifier_method,true,Phase II clinical trial of neoadjuvant alternating doublet chemotherapy with ifosfamide/doxorubicin and etoposide/cisplatin in small-cell urothelial cancer.,"The title and abstract do not jointly establish a qualifying single-sample classifier reliability, uncertainty, preprocessing, or transport method.",outcome_or_treatment_in_title,false
271,MED:18382428,18382428,PMC2361698,10.1038/sj.bjc.6604316,context,exclude,moderate,no_relevant_discordance_stability_or_classifier_method,true,Acquisition of biologically relevant gene expression data by Affymetrix microarray analysis of archival formalin-fixed paraffin-embedded tumours.,"The title and abstract do not jointly establish a qualifying single-sample classifier reliability, uncertainty, preprocessing, or transport method.",strong_method_in_record|classifier_method,false
272,MED:17297435,17297435,,10.1038/labinvest.3700529,context,exclude,moderate,no_relevant_discordance_stability_or_classifier_method,true,RNA expression analysis of formalin-fixed paraffin-embedded tumors.,"The title and abstract do not jointly establish a qualifying single-sample classifier reliability, uncertainty, preprocessing, or transport method.",strong_method_in_record|classifier_method,false
273,MED:17721279,17721279,,10.1097/01.pai.0000213135.16783.bc,context,exclude,moderate,no_relevant_discordance_stability_or_classifier_method,true,Development of standard estrogen and progesterone receptor immunohistochemical assays for selection of patients for antihormonal therapy.,"The title and abstract do not jointly establish a qualifying single-sample classifier reliability, uncertainty, preprocessing, or transport method.",strong_method_in_record|outcome_or_treatment_in_title,false
274,MED:15947585,15947585,,10.1097/01.ju.0000162085.20043.1f,context,exclude,moderate,no_relevant_discordance_stability_or_classifier_method,true,Radical cystectomy for primary neuroendocrine tumors of the bladder: the university of southern california experience.,"The title and abstract do not jointly establish a qualifying single-sample classifier reliability, uncertainty, preprocessing, or transport method.",,false
275,MED:15115827,15115827,,10.1056/nejmp048059,context,unclear,low,,false,Translating cancer genomics into clinical oncology.,No abstract is available; founder title-level adjudication is required.,,false
276,MED:15329903,15329903,,10.1002/cncr.20456,context,exclude,moderate,no_relevant_discordance_stability_or_classifier_method,true,Small cell carcinoma of the urinary bladder: a clinicopathologic analysis of 64 patients.,"The title and abstract do not jointly establish a qualifying single-sample classifier reliability, uncertainty, preprocessing, or transport method.",classifier_method,false
277,MED:1445749,1445749,,10.1016/0959-8049(93)90579-5,context,exclude,moderate,no_relevant_discordance_stability_or_classifier_method,true,Tumour infiltrating lymphocytes as an independent prognostic factor in transitional cell bladder cancer.,"The title and abstract do not jointly establish a qualifying single-sample classifier reliability, uncertainty, preprocessing, or transport method.",outcome_or_treatment_in_title,false
278,MED:41310273,41310273,,10.1038/s41571-025-01095-x,context,exclude,moderate,no_relevant_discordance_stability_or_classifier_method,true,Towards biomarker-driven therapies for urothelial carcinoma.,"The title and abstract do not jointly establish a qualifying single-sample classifier reliability, uncertainty, preprocessing, or transport method.",,false
279,MED:41531330,41531330,,10.1111/iju.70341,context,exclude,moderate,no_relevant_discordance_stability_or_classifier_method,true,Translational Advances in Urothelial Carcinoma: From Bench to Bedside.,"The title and abstract do not jointly establish a qualifying single-sample classifier reliability, uncertainty, preprocessing, or transport method.",strong_method_in_record|classifier_method,false
280,MED:41688225,41688225,,10.1016/j.euf.2026.01.012,context,unclear,low,,false,Re: Joshua J. Meeks. Urothelial Cancer: What Is the Role of Expression-based Subtypes to Guide Neoadjuvant Therapy in Muscle-invasive Bladder Cancer? Eur Urol Focus. In press. https://doi.org/10.1016/j.euf.2025.11.014.,No abstract is available; founder title-level adjudication is required.,classifier_method|outcome_or_treatment_in_title,false
281,MED:41751568,41751568,PMC12940692,10.3390/genes17020184,context,exclude,moderate,no_relevant_discordance_stability_or_classifier_method,true,Gene Expression-Guided Drug Repurposing in Oncology: Insights from Antiretroviral Agents in Prostate and Bladder Cancer.,"The title and abstract do not jointly establish a qualifying single-sample classifier reliability, uncertainty, preprocessing, or transport method.",classifier_method,false
282,MED:41951276,41951276,,10.1016/j.jhepr.2025.101714,context,exclude,moderate,no_relevant_discordance_stability_or_classifier_method,true,A liver gene signature links liver cancer risk in chronic viral hepatitis to intrahepatic IgA plasma cells.,"The title and abstract do not jointly establish a qualifying single-sample classifier reliability, uncertainty, preprocessing, or transport method.",classifier_method,false
283,MED:42091786,42091786,,10.1007/s12672-026-05160-4,context,exclude,moderate,no_relevant_discordance_stability_or_classifier_method,true,Multidimensional immune ecological subtyping identifies RUNX1 as a prognostic factor in uveal melanoma.,"The title and abstract do not jointly establish a qualifying single-sample classifier reliability, uncertainty, preprocessing, or transport method.",strong_method_in_record|classifier_method|outcome_or_treatment_in_title,false
284,MED:42113288,42113288,,10.1007/s12672-026-05133-7,context,exclude,moderate,no_relevant_discordance_stability_or_classifier_method,true,Characterization of telomere-related gene subtypes in lung adenocarcinoma and their implications for prognosis and treatment.,"The title and abstract do not jointly establish a qualifying single-sample classifier reliability, uncertainty, preprocessing, or transport method.",strong_method_in_record|classifier_method|outcome_or_treatment_in_title,false
285,MED:42168360,42168360,,10.1038/s41418-026-01764-z,context,exclude,moderate,no_relevant_discordance_stability_or_classifier_method,true,ALG1-mediated PDL1 glycosylation drives macrophage m2 polarization to promote bladder cancer progression.,"The title and abstract do not jointly establish a qualifying single-sample classifier reliability, uncertainty, preprocessing, or transport method.",strong_method_in_record,false
286,MED:38722458,38722458,PMC11761126,10.1007/s13353-024-00876-x,context,exclude,moderate,no_relevant_discordance_stability_or_classifier_method,true,The analysis of transcriptomic signature of TNBC-searching for the potential RNA-based predictive biomarkers to determine the chemotherapy sensitivity.,"The title and abstract do not jointly establish a qualifying single-sample classifier reliability, uncertainty, preprocessing, or transport method.",classifier_method|outcome_or_treatment_in_title,false
287,MED:38856873,38856873,,10.1007/s12033-024-01207-5,context,exclude,moderate,no_relevant_discordance_stability_or_classifier_method,true,Identification of CXCL13 as a Promising Biomarker for Immune Checkpoint Blockade Therapy and PARP Inhibitor Therapy in Ovarian Cancer.,"The title and abstract do not jointly establish a qualifying single-sample classifier reliability, uncertainty, preprocessing, or transport method.",outcome_or_treatment_in_title,false
288,MED:39391958,39391958,,10.1002/biof.2128,context,exclude,moderate,no_relevant_discordance_stability_or_classifier_method,true,Integrative multi-omic and machine learning approach for prognostic stratification and therapeutic targeting in lung squamous cell carcinoma.,"The title and abstract do not jointly establish a qualifying single-sample classifier reliability, uncertainty, preprocessing, or transport method.",classifier_method|outcome_or_treatment_in_title,false
289,MED:39673215,39673215,,10.1177/01926233241303898,context,exclude,moderate,no_relevant_discordance_stability_or_classifier_method,true,Trends and Challenges of the Modern Pathology Laboratory for Biopharmaceutical Research Excellence.,"The title and abstract do not jointly establish a qualifying single-sample classifier reliability, uncertainty, preprocessing, or transport method.",,false
290,MED:39746183,39746183,,10.1080/09553002.2024.2445582,context,exclude,high,nonhuman_or_no_primary_human_tumor_cohort,true,Examination of immunohistochemical of the effects of flattened and unflattened radiotherapy beams in nude mice breast cancer xenografts.,The record is nonhuman or cell-line focused without a primary human tumor cohort.,nonhuman_in_title,false
291,MED:39933135,39933135,,10.1200/edbk-25-471942,context,exclude,moderate,no_relevant_discordance_stability_or_classifier_method,true,New Treatment Options for Non-Muscle-Invasive Bladder Cancer.,"The title and abstract do not jointly establish a qualifying single-sample classifier reliability, uncertainty, preprocessing, or transport method.",,false
292,MED:39972137,39972137,PMC11922762,10.1038/s41586-025-08585-z,context,exclude,moderate,no_relevant_discordance_stability_or_classifier_method,true,Human-correlated genetic models identify precision therapy for liver cancer.,"The title and abstract do not jointly establish a qualifying single-sample classifier reliability, uncertainty, preprocessing, or transport method.",classifier_method|outcome_or_treatment_in_title,false
293,MED:39972282,39972282,PMC11837470,10.1186/s10020-024-01049-6,context,exclude,moderate,no_relevant_discordance_stability_or_classifier_method,true,Pharmacogenomics-based subtype decoded implications for risk stratification and immunotherapy in pancreatic adenocarcinoma.,"The title and abstract do not jointly establish a qualifying single-sample classifier reliability, uncertainty, preprocessing, or transport method.",strong_method_in_record|classifier_method,false
294,MED:40038532,40038532,,10.1038/s41435-025-00322-w,context,exclude,moderate,no_relevant_discordance_stability_or_classifier_method,true,Multi-omics clustering analysis carries out the molecular-specific subtypes of thyroid carcinoma: implicating for the precise treatment strategies.,"The title and abstract do not jointly establish a qualifying single-sample classifier reliability, uncertainty, preprocessing, or transport method.",classifier_method,false
295,MED:40074890,40074890,PMC12003176,10.1038/s41586-025-08677-w,context,exclude,moderate,no_relevant_discordance_stability_or_classifier_method,true,"Hepatic stellate cells control liver zonation, size and functions via R-spondin 3.","The title and abstract do not jointly establish a qualifying single-sample classifier reliability, uncertainty, preprocessing, or transport method.",classifier_method,false
296,MED:40100446,40100446,PMC11919952,10.1007/s00432-025-06159-0,context,exclude,moderate,no_relevant_discordance_stability_or_classifier_method,true,Developing and validating a prognostic disulfidptosis-related signature for glioblastoma: predicting radioresistance and synergestic effect with immunotherapy.,"The title and abstract do not jointly establish a qualifying single-sample classifier reliability, uncertainty, preprocessing, or transport method.",strong_method_in_record|outcome_or_treatment_in_title,false
297,MED:40132216,40132216,,10.1097/ju.0000000000004542,context,unclear,low,,false,Hybrid 3-Tier Bladder Cancer Grade: The Mutually Beneficial Marriage of 2 Grading Systems.,No abstract is available; founder title-level adjudication is required.,,false
298,MED:40180929,40180929,PMC11968977,10.1038/s41467-025-58569-w,context,exclude,moderate,no_relevant_discordance_stability_or_classifier_method,true,Integrated proteogenomic characterization of localized prostate cancer identifies biological insights and subtype-specific therapeutic strategies.,"The title and abstract do not jointly establish a qualifying single-sample classifier reliability, uncertainty, preprocessing, or transport method.",classifier_method,false
299,MED:40234449,40234449,PMC12000370,10.1038/s41467-025-58809-z,context,exclude,moderate,no_relevant_discordance_stability_or_classifier_method,true,Disrupting bile acid metabolism by suppressing Fxr causes hepatocellular carcinoma induced by YAP activation.,"The title and abstract do not jointly establish a qualifying single-sample classifier reliability, uncertainty, preprocessing, or transport method.",,false
300,MED:40341678,40341678,PMC12062415,10.1038/s41698-025-00912-x,context,exclude,moderate,no_relevant_discordance_stability_or_classifier_method,true,Enhanced efficacy of ipilimumab plus nivolumab in angiogenic subtypes of metastatic clear-cell renal cell carcinoma.,"The title and abstract do not jointly establish a qualifying single-sample classifier reliability, uncertainty, preprocessing, or transport method.",strong_method_in_record|classifier_method,false
301,MED:40357363,40357363,PMC12066562,10.3389/fgene.2025.1586867,context,exclude,moderate,no_relevant_discordance_stability_or_classifier_method,true,Exploring WNT pathway dysregulation in serrated colorectal cancer for improved diagnostic and therapeutic strategies.,"The title and abstract do not jointly establish a qualifying single-sample classifier reliability, uncertainty, preprocessing, or transport method.",classifier_method,false
302,MED:40381905,40381905,,10.1016/j.biocel.2025.106801,context,exclude,moderate,no_relevant_discordance_stability_or_classifier_method,true,Deciphering the molecular heterogeneity of soft tissue sarcoma by integrating multiomics and single cell sequence.,"The title and abstract do not jointly establish a qualifying single-sample classifier reliability, uncertainty, preprocessing, or transport method.",strong_method_in_record|classifier_method,false
303,MED:40393982,40393982,PMC12092639,10.1038/s41389-025-00560-7,context,exclude,moderate,no_relevant_discordance_stability_or_classifier_method,true,TGF-β signaling redirects Sox11 gene regulatory activity to promote partial EMT and collective invasion of oncogenically transformed intestinal organoids.,"The title and abstract do not jointly establish a qualifying single-sample classifier reliability, uncertainty, preprocessing, or transport method.",classifier_method,false
304,MED:40605119,40605119,PMC12225047,10.1186/s40164-025-00682-z,context,exclude,moderate,no_relevant_discordance_stability_or_classifier_method,true,Bladder cancer subtypes exhibit limited plasticity across different microenvironments and in metastases.,"The title and abstract do not jointly establish a qualifying single-sample classifier reliability, uncertainty, preprocessing, or transport method.",classifier_method,false
305,MED:40651942,40651942,PMC12255818,10.1038/s41467-025-61448-z,context,exclude,moderate,no_relevant_discordance_stability_or_classifier_method,true,Androgen receptor promotes arachidonic acid metabolism and angiogenic microenvironment in AFP-negative hepatocellular carcinoma.,"The title and abstract do not jointly establish a qualifying single-sample classifier reliability, uncertainty, preprocessing, or transport method.",classifier_method,false
306,MED:40770356,40770356,PMC12330160,10.1186/s12967-025-06908-2,context,exclude,moderate,no_relevant_discordance_stability_or_classifier_method,true,"Distinctive chromosomal, mutational and transcriptional profiling in colon versus rectal cancers.","The title and abstract do not jointly establish a qualifying single-sample classifier reliability, uncertainty, preprocessing, or transport method.",strong_method_in_record|classifier_method,false
307,MED:40781157,40781157,,10.1038/s41388-025-03532-8,context,exclude,moderate,no_relevant_discordance_stability_or_classifier_method,true,Identification of RAPGEF3 as the therapeutic vulnerability of basal-subtype lung squamous cell carcinoma.,"The title and abstract do not jointly establish a qualifying single-sample classifier reliability, uncertainty, preprocessing, or transport method.",classifier_method,false
308,MED:40813507,40813507,PMC12354413,10.1007/s12672-025-03415-0,context,exclude,moderate,no_relevant_discordance_stability_or_classifier_method,true,Diagnostic potential of the B9D2 gene in colorectal cancer based on whole blood gene expression data and machine learning.,"The title and abstract do not jointly establish a qualifying single-sample classifier reliability, uncertainty, preprocessing, or transport method.",strong_method_in_record|classifier_method,false
309,MED:40861318,40861318,PMC12371228,10.1177/23523735251370895,context,exclude,moderate,no_relevant_discordance_stability_or_classifier_method,true,Evaluation of gene expression-based predictors of lymph node metastasis in bladder cancer.,"The title and abstract do not jointly establish a qualifying single-sample classifier reliability, uncertainty, preprocessing, or transport method.",classifier_method,false
310,MED:40864324,40864324,PMC12391576,10.1007/s12672-025-03232-5,context,exclude,moderate,no_relevant_discordance_stability_or_classifier_method,true,Metabolic genes interaction perturbation network identified and validated CD24 as a novel prognostic gene in hepatocellular carcinoma.,"The title and abstract do not jointly establish a qualifying single-sample classifier reliability, uncertainty, preprocessing, or transport method.",classifier_method|outcome_or_treatment_in_title,false
311,MED:40893664,40893664,PMC12392588,10.47248/chp2502010005,context,exclude,moderate,no_relevant_discordance_stability_or_classifier_method,true,"Molecular Characteristics, Heterogeneity, Plasticity, and Cell of Origin of Neuroendocrine Bladder Cancer.","The title and abstract do not jointly establish a qualifying single-sample classifier reliability, uncertainty, preprocessing, or transport method.",classifier_method,false
312,MED:40946101,40946101,,10.1038/s41388-025-03564-0,context,exclude,moderate,no_relevant_discordance_stability_or_classifier_method,true,FOXA2 sensitizes endometrial carcinoma to progestin-mediated conservative therapy by triggering PR transcriptional activation.,"The title and abstract do not jointly establish a qualifying single-sample classifier reliability, uncertainty, preprocessing, or transport method.",classifier_method|outcome_or_treatment_in_title,false
313,MED:41074024,41074024,PMC12512465,10.1186/s12964-025-02424-4,context,exclude,moderate,no_relevant_discordance_stability_or_classifier_method,true,Integrating the secretome and interactome to identify novel biomarkers and therapeutic targets in colorectal cancer.,"The title and abstract do not jointly establish a qualifying single-sample classifier reliability, uncertainty, preprocessing, or transport method.",classifier_method,false
314,MED:41110692,41110692,,10.1016/j.annonc.2025.09.017,context,exclude,moderate,no_relevant_discordance_stability_or_classifier_method,true,"ALBAN (GETUG-AFU 37): a phase III, randomized, open-label international trial of intravenous atezolizumab and intravesical Bacillus Calmette-Guérin (BCG) versus BCG alone in BCG-naive high-risk, non-muscle-invasive bladder cancer (NMIBC).","The title and abstract do not jointly establish a qualifying single-sample classifier reliability, uncertainty, preprocessing, or transport method.",strong_method_in_record,false
315,MED:41115436,41115436,,10.1016/s0140-6736(25)01897-5,context,exclude,moderate,no_relevant_discordance_stability_or_classifier_method,true,"Durvalumab in combination with BCG for BCG-naive, high-risk, non-muscle-invasive bladder cancer (POTOMAC): final analysis of a randomised, open-label, phase 3 trial.","The title and abstract do not jointly establish a qualifying single-sample classifier reliability, uncertainty, preprocessing, or transport method.",,false
316,MED:41306770,41306770,PMC12645450,10.34133/research.0996,context,exclude,moderate,no_relevant_discordance_stability_or_classifier_method,true,Targeting Matrix Metalloproteinase-9 to Alleviate T Cell Exhaustion and Improve Sepsis Prognosis.,"The title and abstract do not jointly establish a qualifying single-sample classifier reliability, uncertainty, preprocessing, or transport method.",classifier_method|outcome_or_treatment_in_title,false
317,MED:41336378,41336378,,10.1109/embc58623.2025.11253004,context,exclude,moderate,no_relevant_discordance_stability_or_classifier_method,true,Immunohistochemistry prediction using H-score in cancer diagnosis.,"The title and abstract do not jointly establish a qualifying single-sample classifier reliability, uncertainty, preprocessing, or transport method.",,false
318,MED:41417784,41417784,PMC12716744,10.1371/journal.pone.0336792,context,exclude,moderate,no_relevant_discordance_stability_or_classifier_method,true,A novel prognostic model for lung squamous cell carcinoma based on multi-omics analysis and machine learning.,"The title and abstract do not jointly establish a qualifying single-sample classifier reliability, uncertainty, preprocessing, or transport method.",strong_method_in_record|classifier_method|outcome_or_treatment_in_title,false
319,MED:41425537,41425537,PMC12715591,10.1002/bco2.70131,context,exclude,moderate,no_relevant_discordance_stability_or_classifier_method,true,Long non-coding RNAs define favourable biology in high-risk non-muscle-invasive bladder cancer.,"The title and abstract do not jointly establish a qualifying single-sample classifier reliability, uncertainty, preprocessing, or transport method.",domain_in_record|classifier_method,false
320,MED:41438986,41438986,PMC12719270,10.3389/fonc.2025.1670574,context,exclude,moderate,no_relevant_discordance_stability_or_classifier_method,true,Molecular mechanisms and translational advances in bladder cancer: from driver genes to precision therapy.,"The title and abstract do not jointly establish a qualifying single-sample classifier reliability, uncertainty, preprocessing, or transport method.",classifier_method|outcome_or_treatment_in_title,false
321,PPR:PPR1006589,,,10.1101/2025.04.13.648567,context,exclude,moderate,no_relevant_discordance_stability_or_classifier_method,true,Targeting protein glycosylation and cholesterol metabolism in chemoresistant pancreatic cancer,"The title and abstract do not jointly establish a qualifying single-sample classifier reliability, uncertainty, preprocessing, or transport method.",,false
322,MED:37604982,37604982,,10.1038/s41585-023-00805-3,context,exclude,moderate,no_relevant_discordance_stability_or_classifier_method,true,Bioinformatics in urology - molecular characterization of pathophysiology and response to treatment.,"The title and abstract do not jointly establish a qualifying single-sample classifier reliability, uncertainty, preprocessing, or transport method.",classifier_method|outcome_or_treatment_in_title,false
323,MED:37697139,37697139,,10.1007/s12094-023-03319-x,context,exclude,moderate,no_relevant_discordance_stability_or_classifier_method,true,Comprehensive profiling of enhancer RNA in stage II/III colorectal cancer defines two prognostic subtypes with implications for immunotherapy.,"The title and abstract do not jointly establish a qualifying single-sample classifier reliability, uncertainty, preprocessing, or transport method.",classifier_method|outcome_or_treatment_in_title,false
324,MED:38116696,38116696,PMC10902307,10.1111/jcmm.18065,context,exclude,moderate,no_relevant_discordance_stability_or_classifier_method,true,Whole-transcriptome defines novel glucose metabolic subtypes in colorectal cancer.,"The title and abstract do not jointly establish a qualifying single-sample classifier reliability, uncertainty, preprocessing, or transport method.",classifier_method,false
325,MED:38128631,38128631,,10.1016/j.critrevonc.2023.104236,context,exclude,moderate,no_relevant_discordance_stability_or_classifier_method,true,Predictors of response to neoadjuvant therapy in urothelial cancer.,"The title and abstract do not jointly establish a qualifying single-sample classifier reliability, uncertainty, preprocessing, or transport method.",classifier_method|outcome_or_treatment_in_title,false
326,MED:38143235,38143235,PMC10876206,10.1002/cac2.12513,context,exclude,moderate,no_relevant_discordance_stability_or_classifier_method,true,Multiomics analysis reveals metabolic subtypes and identifies diacylglycerol kinase α (DGKA) as a potential therapeutic target for intrahepatic cholangiocarcinoma.,"The title and abstract do not jointly establish a qualifying single-sample classifier reliability, uncertainty, preprocessing, or transport method.",classifier_method,false
327,MED:38153233,38153233,,10.1021/acs.jproteome.3c00626,context,exclude,moderate,no_relevant_discordance_stability_or_classifier_method,true,Cellular Ligand-Receptor Perturbations Unravel MEIS2 as a Key Factor for the Aggressive Progression and Prognosis in Stage II/III Colorectal Cancer.,"The title and abstract do not jointly establish a qualifying single-sample classifier reliability, uncertainty, preprocessing, or transport method.",strong_method_in_record|classifier_method|outcome_or_treatment_in_title,false
328,MED:38269520,38269520,,10.1002/cbf.3913,context,exclude,moderate,no_relevant_discordance_stability_or_classifier_method,true,Unleashing the potential of gene signatures as prognostic and predictive tools: A step closer to personalized medicine in hepatocellular carcinoma (HCC).,"The title and abstract do not jointly establish a qualifying single-sample classifier reliability, uncertainty, preprocessing, or transport method.",outcome_or_treatment_in_title,false
329,MED:38355607,38355607,PMC10866910,10.1038/s41467-024-45714-0,context,exclude,moderate,no_relevant_discordance_stability_or_classifier_method,true,Gene-expression-based T-Cell-to-Stroma Enrichment (TSE) score predicts response to immune checkpoint inhibitors in urothelial cancer.,"The title and abstract do not jointly establish a qualifying single-sample classifier reliability, uncertainty, preprocessing, or transport method.",classifier_method|outcome_or_treatment_in_title,false
330,MED:38361033,38361033,PMC10937392,10.1038/s41588-024-01662-5,context,exclude,moderate,no_relevant_discordance_stability_or_classifier_method,true,Multi-omic profiling of clear cell renal cell carcinoma identifies metabolic reprogramming associated with disease progression.,"The title and abstract do not jointly establish a qualifying single-sample classifier reliability, uncertainty, preprocessing, or transport method.",classifier_method,false
331,MED:38445415,38445415,,10.1002/ctm2.1606,context,unclear,low,,false,MOVICShiny: An interactive website for multi-omics integration and visualisation in cancer subtyping.,No abstract is available; founder title-level adjudication is required.,classifier_method,false
332,MED:38461356,38461356,PMC10924944,10.1038/s42003-024-05980-6,context,exclude,moderate,no_relevant_discordance_stability_or_classifier_method,true,Crosstalk of cell death pathways unveils an autophagy-related gene AOC3 as a critical prognostic marker in colorectal cancer.,"The title and abstract do not jointly establish a qualifying single-sample classifier reliability, uncertainty, preprocessing, or transport method.",classifier_method|outcome_or_treatment_in_title,false
333,MED:38478609,38478609,PMC12697574,10.1126/sciadv.add9342,context,exclude,moderate,no_relevant_discordance_stability_or_classifier_method,true,Clonal dominance defines metastatic dissemination in pancreatic cancer.,"The title and abstract do not jointly establish a qualifying single-sample classifier reliability, uncertainty, preprocessing, or transport method.",classifier_method,false
334,MED:38819254,38819254,PMC11141296,10.1093/bib/bbae260,context,unclear,moderate,,true,PIPET: predicting relevant subpopulations in single-cell data using phenotypic information from bulk data.,"The abstract contains relevant classifier and reliability signals, but direct eligibility is not unambiguous from deterministic rules.",domain_in_record|strong_method_in_record|classifier_method,false
335,MED:38844794,38844794,,10.1038/s41591-024-03025-3,context,exclude,moderate,no_relevant_discordance_stability_or_classifier_method,true,Oncolytic adenoviral therapy plus pembrolizumab in BCG-unresponsive non-muscle-invasive bladder cancer: the phase 2 CORE-001 trial.,"The title and abstract do not jointly establish a qualifying single-sample classifier reliability, uncertainty, preprocessing, or transport method.",strong_method_in_record|outcome_or_treatment_in_title,false
336,MED:39004948,39004948,PMC11462940,10.1111/cas.16275,context,exclude,moderate,no_relevant_discordance_stability_or_classifier_method,true,Nucleocytoplasmic β-catenin expression contributes to neuroendocrine differentiation in muscle invasive bladder cancer.,"The title and abstract do not jointly establish a qualifying single-sample classifier reliability, uncertainty, preprocessing, or transport method.",classifier_method,false
337,MED:39103908,39103908,PMC11302107,10.1186/s40164-024-00546-y,context,exclude,moderate,no_relevant_discordance_stability_or_classifier_method,true,Overexpression of ESYT3 improves radioimmune responses through activating cGAS-STING pathway in lung adenocarcinoma.,"The title and abstract do not jointly establish a qualifying single-sample classifier reliability, uncertainty, preprocessing, or transport method.",classifier_method,false
338,MED:39107471,39107471,PMC11303707,10.1038/s41598-024-69285-8,context,exclude,high,review_editorial_or_commentary_for_citation_chaining_only,true,Systematic review and feasibility study on pre-analytical factors and genomic analyses on archival formalin-fixed paraffin-embedded breast cancer tissue.,The title identifies secondary literature retained only for citation chaining.,strong_method_in_record|classifier_method|secondary_literature_in_title,false
339,MED:39209804,39209804,PMC11362569,10.1038/s41467-024-51698-8,context,exclude,moderate,no_relevant_discordance_stability_or_classifier_method,true,An atlas of the human liver diurnal transcriptome and its perturbation by hepatitis C virus infection.,"The title and abstract do not jointly establish a qualifying single-sample classifier reliability, uncertainty, preprocessing, or transport method.",classifier_method,false
340,MED:39236711,39236711,PMC11415227,10.1016/j.cels.2024.08.004,context,exclude,moderate,no_relevant_discordance_stability_or_classifier_method,true,Discovery of therapeutic targets in cancer using chromatin accessibility and transcriptomic data.,"The title and abstract do not jointly establish a qualifying single-sample classifier reliability, uncertainty, preprocessing, or transport method.",classifier_method,false
341,MED:39263156,39263156,PMC11388765,10.1016/j.heliyon.2024.e36155,context,exclude,moderate,no_relevant_discordance_stability_or_classifier_method,true,Molecular precision medicine: Multi-omics-based stratification model for acute myeloid leukemia.,"The title and abstract do not jointly establish a qualifying single-sample classifier reliability, uncertainty, preprocessing, or transport method.",strong_method_in_record|classifier_method,false
342,MED:39273023,39273023,PMC11394107,10.3390/cells13171451,context,exclude,moderate,no_relevant_discordance_stability_or_classifier_method,true,Context-Dependent Distinct Roles of SOX9 in Combined Hepatocellular Carcinoma-Cholangiocarcinoma.,"The title and abstract do not jointly establish a qualifying single-sample classifier reliability, uncertainty, preprocessing, or transport method.",classifier_method,false
343,MED:39299443,39299443,,10.1016/j.annonc.2024.09.008,context,exclude,moderate,no_relevant_discordance_stability_or_classifier_method,true,Basal/squamous and mixed subtype bladder cancers present poor outcomes after neoadjuvant chemotherapy in the VESPER trial.,"The title and abstract do not jointly establish a qualifying single-sample classifier reliability, uncertainty, preprocessing, or transport method.",strong_method_in_record|classifier_method|outcome_or_treatment_in_title,false
344,MED:39327501,39327501,,10.1038/s43018-024-00824-y,context,exclude,moderate,no_relevant_discordance_stability_or_classifier_method,true,Spatial single-cell protein landscape reveals vimentin<sup>high</sup> macrophages as immune-suppressive in the microenvironment of hepatocellular carcinoma.,"The title and abstract do not jointly establish a qualifying single-sample classifier reliability, uncertainty, preprocessing, or transport method.",,false
345,MED:39341452,39341452,,10.1016/j.canlet.2024.217262,context,exclude,moderate,no_relevant_discordance_stability_or_classifier_method,true,Integrated proteomic and glycoproteomic analysis reveals heterogeneity and molecular signatures of brain metastases from lung adenocarcinomas.,"The title and abstract do not jointly establish a qualifying single-sample classifier reliability, uncertainty, preprocessing, or transport method.",classifier_method,false
346,MED:39387560,39387560,PMC11469432,10.1080/07853890.2024.2412831,context,exclude,moderate,no_relevant_discordance_stability_or_classifier_method,true,An integrative analysis based on multiple cell death patterns identifies an immunosuppressive subtype and establishes a prognostic signature in lower-grade glioma.,"The title and abstract do not jointly establish a qualifying single-sample classifier reliability, uncertainty, preprocessing, or transport method.",strong_method_in_record|classifier_method|outcome_or_treatment_in_title,false
347,MED:39465009,39465009,PMC11502078,10.37349/etat.2024.00274,context,exclude,moderate,no_relevant_discordance_stability_or_classifier_method,true,Upper tract urothelial cancer (UTUC) genomic profiling and correlation regarding benefit of platinum-based chemotherapy.,"The title and abstract do not jointly establish a qualifying single-sample classifier reliability, uncertainty, preprocessing, or transport method.",classifier_method|outcome_or_treatment_in_title,false
348,PPR:PPR856785,,,10.1101/2024.05.22.595319,context,exclude,moderate,no_relevant_discordance_stability_or_classifier_method,true,Therapeutic potential of SOX9 dysruption in Combined Hepatocellular Carcinoma-Cholangiocarcinoma,"The title and abstract do not jointly establish a qualifying single-sample classifier reliability, uncertainty, preprocessing, or transport method.",strong_method_in_record|classifier_method,false
349,MED:35817555,35817555,,10.1136/gutjnl-2021-326483,context,exclude,moderate,no_relevant_discordance_stability_or_classifier_method,true,Regulatory enhancer profiling of mesenchymal-type gastric cancer reveals subtype-specific epigenomic landscapes and targetable vulnerabilities.,"The title and abstract do not jointly establish a qualifying single-sample classifier reliability, uncertainty, preprocessing, or transport method.",classifier_method,false
350,MED:35982221,35982221,,10.1038/s41417-022-00520-y,context,unclear,moderate,,true,Hidden patterns of gene expression provide prognostic insight for colorectal cancer.,"The abstract contains relevant classifier and reliability signals, but direct eligibility is not unambiguous from deterministic rules.",domain_in_record|strong_method_in_record|classifier_method|outcome_or_treatment_in_title,false
351,MED:36911092,36911092,PMC10000275,10.1002/agm2.12241,context,exclude,moderate,no_relevant_discordance_stability_or_classifier_method,true,Characteristics of circulating small noncoding RNAs in plasma and serum during human aging.,"The title and abstract do not jointly establish a qualifying single-sample classifier reliability, uncertainty, preprocessing, or transport method.",classifier_method,false
352,MED:36933293,36933293,PMC10031146,10.1016/j.tranon.2023.101651,context,exclude,moderate,no_relevant_discordance_stability_or_classifier_method,true,"An exosome-related lncRNA signature correlates with prognosis, immune microenvironment, and therapeutic responses in hepatocellular carcinoma.","The title and abstract do not jointly establish a qualifying single-sample classifier reliability, uncertainty, preprocessing, or transport method.",classifier_method|outcome_or_treatment_in_title,false
353,MED:36949954,36949954,PMC10025374,10.3389/fimmu.2023.1133166,context,exclude,moderate,no_relevant_discordance_stability_or_classifier_method,true,Immune response and drug therapy based on ac4C-modified gene in pancreatic cancer typing.,"The title and abstract do not jointly establish a qualifying single-sample classifier reliability, uncertainty, preprocessing, or transport method.",strong_method_in_record|classifier_method|outcome_or_treatment_in_title,false
354,MED:36999534,36999534,,10.1097/hep.0000000000000362,context,exclude,moderate,no_relevant_discordance_stability_or_classifier_method,true,"Hepatocellular carcinomas, exhibiting intratumor fibrosis, express cancer-specific extracellular matrix remodeling and WNT/TGFB signatures, associated with poor outcome.","The title and abstract do not jointly establish a qualifying single-sample classifier reliability, uncertainty, preprocessing, or transport method.",strong_method_in_record|classifier_method,false
355,MED:37079732,37079732,PMC10159654,10.1093/bioinformatics/btad201,context,exclude,moderate,no_relevant_discordance_stability_or_classifier_method,true,"CONNECTOR, fitting and clustering of longitudinal data to reveal a new risk stratification system.","The title and abstract do not jointly establish a qualifying single-sample classifier reliability, uncertainty, preprocessing, or transport method.",,false
356,MED:37091151,37091151,PMC10113630,10.3389/fonc.2023.1169395,context,exclude,moderate,no_relevant_discordance_stability_or_classifier_method,true,Identification and verification of prognostic cancer subtype based on multi-omics analysis for kidney renal papillary cell carcinoma.,"The title and abstract do not jointly establish a qualifying single-sample classifier reliability, uncertainty, preprocessing, or transport method.",strong_method_in_title|strong_method_in_record|classifier_method|outcome_or_treatment_in_title,false
357,MED:37105962,37105962,PMC10140274,10.1038/s41467-023-37568-9,context,exclude,moderate,no_relevant_discordance_stability_or_classifier_method,true,Expression-based subtypes define pathologic response to neoadjuvant immune-checkpoint inhibitors in muscle-invasive bladder cancer.,"The title and abstract do not jointly establish a qualifying single-sample classifier reliability, uncertainty, preprocessing, or transport method.",classifier_method|outcome_or_treatment_in_title,false
358,MED:37178426,37178426,PMC11797266,10.1007/s00432-023-04831-x,context,exclude,moderate,no_relevant_discordance_stability_or_classifier_method,true,Molecular cluster mining of high-grade serous ovarian cancer via multi-omics data analysis aids precise medicine.,"The title and abstract do not jointly establish a qualifying single-sample classifier reliability, uncertainty, preprocessing, or transport method.",domain_in_record|classifier_method,false
359,MED:37305457,37305457,PMC10256830,10.1016/j.heliyon.2023.e15693,context,exclude,moderate,no_relevant_discordance_stability_or_classifier_method,true,Construction and validation of programmed cell death-based molecular clusters for prognostic and therapeutic significance of clear cell renal cell carcinoma.,"The title and abstract do not jointly establish a qualifying single-sample classifier reliability, uncertainty, preprocessing, or transport method.",classifier_method|outcome_or_treatment_in_title,false
360,MED:37315151,37315151,PMC10628562,10.1093/oncolo/oyad173,context,exclude,moderate,no_relevant_discordance_stability_or_classifier_method,true,Racial Disparities in MiT Family Translocation Renal Cell Carcinoma.,"The title and abstract do not jointly establish a qualifying single-sample classifier reliability, uncertainty, preprocessing, or transport method.",classifier_method,false
361,MED:37329888,37329888,,10.1016/j.immuni.2023.05.017,context,exclude,moderate,no_relevant_discordance_stability_or_classifier_method,true,Sublethal necroptosis signaling promotes inflammation and liver cancer.,"The title and abstract do not jointly establish a qualifying single-sample classifier reliability, uncertainty, preprocessing, or transport method.",,false
362,MED:37331416,37331416,,10.1016/j.cellsig.2023.110774,context,exclude,moderate,no_relevant_discordance_stability_or_classifier_method,true,Crosstalk between regulated cell death and immunity in redox dyshomeostasis for pancreatic cancer.,"The title and abstract do not jointly establish a qualifying single-sample classifier reliability, uncertainty, preprocessing, or transport method.",classifier_method,false
363,MED:37414853,37414853,,10.1038/s41417-023-00639-6,context,exclude,moderate,no_relevant_discordance_stability_or_classifier_method,true,Features of metabolism associated molecular patterns in pancreatic ductal adenocarcinoma.,"The title and abstract do not jointly establish a qualifying single-sample classifier reliability, uncertainty, preprocessing, or transport method.",strong_method_in_record|classifier_method,false
364,MED:37468054,37468054,,10.1016/j.cellsig.2023.110811,context,exclude,moderate,no_relevant_discordance_stability_or_classifier_method,true,Genome-scale CRISPR-Cas9 screening stratifies pancreatic cancer with distinct outcomes and immunotherapeutic efficacy.,"The title and abstract do not jointly establish a qualifying single-sample classifier reliability, uncertainty, preprocessing, or transport method.",strong_method_in_record|classifier_method,false
365,MED:37634557,37634557,,10.1016/j.jbi.2023.104479,context,exclude,moderate,no_relevant_discordance_stability_or_classifier_method,true,An omics data analysis method based on feature linear relationship and graph convolutional network.,"The title and abstract do not jointly establish a qualifying single-sample classifier reliability, uncertainty, preprocessing, or transport method.",classifier_method,false
366,MED:37686510,37686510,PMC10486496,10.3390/cancers15174234,context,exclude,moderate,no_relevant_discordance_stability_or_classifier_method,true,Association of Hepatobiliary Phase of Gadoxetic-Acid-Enhanced MRI Imaging with Immune Microenvironment and Response to Atezolizumab Plus Bevacizumab Treatment.,"The title and abstract do not jointly establish a qualifying single-sample classifier reliability, uncertainty, preprocessing, or transport method.",classifier_method|outcome_or_treatment_in_title,false
367,MED:37853949,37853949,PMC10585196,10.1002/ctm2.1450,context,unclear,low,,false,Identification and validation of GABA-driven subtypes and prognosis signature of lung adenocarcinoma.,No abstract is available; founder title-level adjudication is required.,classifier_method|outcome_or_treatment_in_title,false
368,MED:37871701,37871701,,10.1016/j.annonc.2023.09.3116,context,exclude,moderate,no_relevant_discordance_stability_or_classifier_method,true,Erdafitinib in BCG-treated high-risk non-muscle-invasive bladder cancer.,"The title and abstract do not jointly establish a qualifying single-sample classifier reliability, uncertainty, preprocessing, or transport method.",strong_method_in_record,false
369,MED:37885006,37885006,PMC10601329,10.1186/s12920-023-01687-5,context,exclude,moderate,no_relevant_discordance_stability_or_classifier_method,true,Inflammatory response-based prognostication and personalized therapy decisions in clear cell renal cell cancer to aid precision oncology.,"The title and abstract do not jointly establish a qualifying single-sample classifier reliability, uncertainty, preprocessing, or transport method.",strong_method_in_record|classifier_method|outcome_or_treatment_in_title,false
370,MED:37980571,37980571,PMC10750269,10.1016/j.celrep.2023.113446,context,exclude,moderate,no_relevant_discordance_stability_or_classifier_method,true,Genome-wide profiling of transcription factor activity in primary liver cancer using single-cell ATAC sequencing.,"The title and abstract do not jointly establish a qualifying single-sample classifier reliability, uncertainty, preprocessing, or transport method.",classifier_method,false
371,PPR:PPR696471,,,10.21203/rs.3.rs-3182826/v1,context,exclude,moderate,no_relevant_discordance_stability_or_classifier_method,true,Multi-omics comprehensive analysis of renal clear cell carcinoma to distinguish subtypes with different molecular characterizations and therapeutic strategies,"The title and abstract do not jointly establish a qualifying single-sample classifier reliability, uncertainty, preprocessing, or transport method.",strong_method_in_record|classifier_method,false
372,MED:34862763,34862763,PMC8817076,10.1002/cam4.4472,context,exclude,moderate,no_relevant_discordance_stability_or_classifier_method,true,Association of PTPRT mutations with immune checkpoint inhibitors response and outcome in melanoma and non-small cell lung cancer.,"The title and abstract do not jointly establish a qualifying single-sample classifier reliability, uncertainty, preprocessing, or transport method.",outcome_or_treatment_in_title,false
373,MED:35046414,35046414,PMC8770643,10.1038/s41467-022-28020-5,context,exclude,moderate,no_relevant_discordance_stability_or_classifier_method,true,Advances in mixed cell deconvolution enable quantification of cell types in spatial transcriptomic data.,"The title and abstract do not jointly establish a qualifying single-sample classifier reliability, uncertainty, preprocessing, or transport method.",classifier_method,false
374,MED:35298530,35298530,PMC8929612,10.1371/journal.pone.0265441,context,exclude,moderate,no_relevant_discordance_stability_or_classifier_method,true,Formalin-Fixed Paraffin-Embedded (FFPE) samples are not a beneficial replacement for frozen tissues in fetal membrane microbiota research.,"The title and abstract do not jointly establish a qualifying single-sample classifier reliability, uncertainty, preprocessing, or transport method.",,false
375,MED:35449454,35449454,PMC9296664,10.1038/s41416-022-01799-2,context,exclude,moderate,no_relevant_discordance_stability_or_classifier_method,true,Non-muscle-invasive micropapillary bladder cancer has a distinct lncRNA profile associated with unfavorable prognosis.,"The title and abstract do not jointly establish a qualifying single-sample classifier reliability, uncertainty, preprocessing, or transport method.",domain_in_record|classifier_method|outcome_or_treatment_in_title,false
376,MED:35459430,35459430,,10.1080/14737140.2022.2070154,context,exclude,moderate,no_relevant_discordance_stability_or_classifier_method,true,Progress in the development of tissue-based biomarkers for urothelial cancer.,"The title and abstract do not jointly establish a qualifying single-sample classifier reliability, uncertainty, preprocessing, or transport method.",classifier_method,false
377,MED:35550144,35550144,PMC9329208,10.1053/j.gastro.2022.05.007,context,exclude,moderate,no_relevant_discordance_stability_or_classifier_method,true,NOTCH-YAP1/TEAD-DNMT1 Axis Drives Hepatocyte Reprogramming Into Intrahepatic Cholangiocarcinoma.,"The title and abstract do not jointly establish a qualifying single-sample classifier reliability, uncertainty, preprocessing, or transport method.",,false
378,MED:35631431,35631431,PMC9144862,10.3390/ph15050605,context,exclude,moderate,no_relevant_discordance_stability_or_classifier_method,true,Identification of Immune Subtypes of Esophageal Adenocarcinoma to Predict Prognosis and Immunotherapy Response.,"The title and abstract do not jointly establish a qualifying single-sample classifier reliability, uncertainty, preprocessing, or transport method.",classifier_method|outcome_or_treatment_in_title,false
379,MED:35662721,35662721,PMC9158467,10.3389/fphar.2022.907433,context,exclude,moderate,no_relevant_discordance_stability_or_classifier_method,true,Title: Multi-Omics and Immune Landscape of Proliferative LncRNA Signatures: Implications for Risk Stratification and Immunotherapy in Hepatocellular Carcinoma.,"The title and abstract do not jointly establish a qualifying single-sample classifier reliability, uncertainty, preprocessing, or transport method.",strong_method_in_record|classifier_method,false
380,MED:35687572,35687572,PMC9187062,10.1371/journal.pone.0269554,context,exclude,moderate,no_relevant_discordance_stability_or_classifier_method,true,Identification of four serum miRNAs as potential markers to screen for thirteen cancer types.,"The title and abstract do not jointly establish a qualifying single-sample classifier reliability, uncertainty, preprocessing, or transport method.",strong_method_in_record|classifier_method,false
381,MED:35721082,35721082,PMC9204058,10.3389/fmed.2022.894338,context,exclude,moderate,no_relevant_discordance_stability_or_classifier_method,true,Multi-Omics Integrative Analysis of Lung Adenocarcinoma: An <i>in silico</i> Profiling for Precise Medicine.,"The title and abstract do not jointly establish a qualifying single-sample classifier reliability, uncertainty, preprocessing, or transport method.",classifier_method,false
382,MED:35731873,35731873,PMC9216519,10.1126/sciadv.abn5683,context,exclude,moderate,no_relevant_discordance_stability_or_classifier_method,true,Liver cancer heterogeneity modeled by in situ genome editing of hepatocytes.,"The title and abstract do not jointly establish a qualifying single-sample classifier reliability, uncertainty, preprocessing, or transport method.",classifier_method,false
383,MED:35731891,35731891,PMC9236162,10.1126/scitranslmed.abo4474,context,exclude,moderate,no_relevant_discordance_stability_or_classifier_method,true,Molecular signatures of long-term hepatocellular carcinoma risk in nonalcoholic fatty liver disease.,"The title and abstract do not jointly establish a qualifying single-sample classifier reliability, uncertainty, preprocessing, or transport method.",classifier_method,false
384,MED:35768509,35768509,,10.1038/s41586-022-04888-7,context,exclude,moderate,no_relevant_discordance_stability_or_classifier_method,true,GREM1 is required to maintain cellular heterogeneity in pancreatic cancer.,"The title and abstract do not jointly establish a qualifying single-sample classifier reliability, uncertainty, preprocessing, or transport method.",classifier_method,false
385,MED:35801591,35801591,PMC9310532,10.1172/jci.insight.159254,context,exclude,moderate,no_relevant_discordance_stability_or_classifier_method,true,Hepatocellular carcinoma chemoprevention by targeting the angiotensin-converting enzyme and EGFR transactivation.,"The title and abstract do not jointly establish a qualifying single-sample classifier reliability, uncertainty, preprocessing, or transport method.",,false
386,MED:35918352,35918352,PMC9345903,10.1038/s41598-022-16657-7,context,exclude,moderate,no_relevant_discordance_stability_or_classifier_method,true,Exploring synthetic lethal network for the precision treatment of clear cell renal cell carcinoma.,"The title and abstract do not jointly establish a qualifying single-sample classifier reliability, uncertainty, preprocessing, or transport method.",,false
387,MED:35919459,35919459,PMC9310078,10.1016/j.omto.2022.07.001,context,exclude,moderate,no_relevant_discordance_stability_or_classifier_method,true,Comprehensive characterization of enhancer RNA in hepatocellular carcinoma reveals three immune subtypes with implications for immunotherapy.,"The title and abstract do not jointly establish a qualifying single-sample classifier reliability, uncertainty, preprocessing, or transport method.",strong_method_in_record|classifier_method,false
388,MED:35927986,35927986,PMC9343809,10.3389/fcell.2022.936168,context,exclude,moderate,no_relevant_discordance_stability_or_classifier_method,true,High enhancer activity is an epigenetic feature of HPV negative atypical head and neck squamous cell carcinoma.,"The title and abstract do not jointly establish a qualifying single-sample classifier reliability, uncertainty, preprocessing, or transport method.",classifier_method,false
389,MED:35984199,35984199,PMC9387993,10.1097/md.0000000000029705,context,exclude,moderate,no_relevant_discordance_stability_or_classifier_method,true,Identification and validation of miR-509-5p as a prognosticator for favorable survival in osteosarcoma.,"The title and abstract do not jointly establish a qualifying single-sample classifier reliability, uncertainty, preprocessing, or transport method.",classifier_method|outcome_or_treatment_in_title,false
390,MED:35992810,35992810,PMC9389457,10.3389/fonc.2022.918900,context,exclude,moderate,no_relevant_discordance_stability_or_classifier_method,true,Next-Generation Pathology Using Multiplexed Immunohistochemistry: Mapping Tissue Architecture at Single-Cell Level.,"The title and abstract do not jointly establish a qualifying single-sample classifier reliability, uncertainty, preprocessing, or transport method.",,false
391,MED:36129672,36129672,,10.1007/s13577-022-00791-5,context,exclude,moderate,no_relevant_discordance_stability_or_classifier_method,true,Pyroptosis: a novel signature to predict prognosis and immunotherapy response in gliomas.,"The title and abstract do not jointly establish a qualifying single-sample classifier reliability, uncertainty, preprocessing, or transport method.",classifier_method|outcome_or_treatment_in_title,false
392,MED:36132143,36132143,PMC9484539,10.3389/fonc.2022.927524,context,exclude,moderate,no_relevant_discordance_stability_or_classifier_method,true,Transcriptome sequencing of hepatocellular carcinoma uncovers multiple types of dysregulated ncRNAs.,"The title and abstract do not jointly establish a qualifying single-sample classifier reliability, uncertainty, preprocessing, or transport method.",classifier_method,false
393,MED:36159794,36159794,PMC9492852,10.3389/fimmu.2022.983636,context,exclude,moderate,no_relevant_discordance_stability_or_classifier_method,true,Immune depletion of the methylated phenotype of colon cancer is closely related to resistance to immune checkpoint inhibitors.,"The title and abstract do not jointly establish a qualifying single-sample classifier reliability, uncertainty, preprocessing, or transport method.",classifier_method,false
394,MED:36198802,36198802,PMC9949942,10.1038/s41586-022-05289-6,context,exclude,moderate,no_relevant_discordance_stability_or_classifier_method,true,Opposing roles of hepatic stellate cell subpopulations in hepatocarcinogenesis.,"The title and abstract do not jointly establish a qualifying single-sample classifier reliability, uncertainty, preprocessing, or transport method.",,false
395,MED:36289336,36289336,PMC9684078,10.1038/s41586-022-05311-x,context,exclude,moderate,no_relevant_discordance_stability_or_classifier_method,true,Phenotypic plasticity and genetic control in colorectal cancer evolution.,"The title and abstract do not jointly establish a qualifying single-sample classifier reliability, uncertainty, preprocessing, or transport method.",classifier_method,false
396,MED:36309506,36309506,PMC9617926,10.1038/s41467-022-34249-x,context,exclude,moderate,no_relevant_discordance_stability_or_classifier_method,true,Proteo-genomic characterization of virus-associated liver cancers reveals potential subtypes and therapeutic targets.,"The title and abstract do not jointly establish a qualifying single-sample classifier reliability, uncertainty, preprocessing, or transport method.",classifier_method,false
397,MED:36333289,36333289,PMC9636269,10.1038/s41467-022-33980-9,context,exclude,moderate,no_relevant_discordance_stability_or_classifier_method,true,Collaborative study from the Bladder Cancer Advocacy Network for the genomic analysis of metastatic urothelial cancer.,"The title and abstract do not jointly establish a qualifying single-sample classifier reliability, uncertainty, preprocessing, or transport method.",classifier_method,false
398,MED:36345721,36345721,PMC9643007,10.7554/elife.81114,context,exclude,moderate,no_relevant_discordance_stability_or_classifier_method,true,Gene interaction perturbation network deciphers a high-resolution taxonomy in colorectal cancer.,"The title and abstract do not jointly establish a qualifying single-sample classifier reliability, uncertainty, preprocessing, or transport method.",classifier_method,false
399,MED:36532053,36532053,PMC9747944,10.3389/fimmu.2022.998454,context,unclear,moderate,,true,Crosstalk of four kinds of cell deaths defines subtypes of cutaneous melanoma for precise immunotherapy and chemotherapy.,"The abstract contains relevant classifier and reliability signals, but direct eligibility is not unambiguous from deterministic rules.",domain_in_record|strong_method_in_record|classifier_method|outcome_or_treatment_in_title,false
400,MED:32607548,32607548,,10.1093/bib/bbaa111,context,exclude,moderate,no_relevant_discordance_stability_or_classifier_method,true,Prostate cancer early diagnosis: circulating microRNA pairs potentially beyond single microRNAs upon 1231 serum samples.,"The title and abstract do not jointly establish a qualifying single-sample classifier reliability, uncertainty, preprocessing, or transport method.",strong_method_in_record,false
401,MED:33315104,33315104,,10.1093/bioinformatics/btaa1018,context,exclude,moderate,no_relevant_discordance_stability_or_classifier_method,true,MOVICS: an R package for multi-omics integration and visualization in cancer subtyping.,"The title and abstract do not jointly establish a qualifying single-sample classifier reliability, uncertainty, preprocessing, or transport method.",strong_method_in_record|classifier_method,false
402,MED:33382520,33382520,PMC7897955,10.1002/cam4.3699,context,exclude,moderate,no_relevant_discordance_stability_or_classifier_method,true,"A phase II trial of durvalumab and tremelimumab in metastatic, non-urothelial carcinoma of the urinary tract.","The title and abstract do not jointly establish a qualifying single-sample classifier reliability, uncertainty, preprocessing, or transport method.",,false
403,MED:33727690,33727690,,10.1038/s41568-021-00336-2,context,exclude,moderate,no_relevant_discordance_stability_or_classifier_method,true,Genetic and non-genetic clonal diversity in cancer evolution.,"The title and abstract do not jointly establish a qualifying single-sample classifier reliability, uncertainty, preprocessing, or transport method.",classifier_method,false
404,MED:33785257,33785257,,10.1016/j.eururo.2021.03.014,context,exclude,moderate,no_relevant_discordance_stability_or_classifier_method,true,Molecular Characterization of Residual Bladder Cancer after Neoadjuvant Pembrolizumab.,"The title and abstract do not jointly establish a qualifying single-sample classifier reliability, uncertainty, preprocessing, or transport method.",strong_method_in_record|classifier_method,false
405,MED:34145394,34145394,PMC8257598,10.1038/s12276-021-00639-2,context,exclude,moderate,no_relevant_discordance_stability_or_classifier_method,true,YAP inactivation in estrogen receptor alpha-positive hepatocellular carcinoma with less aggressive behavior.,"The title and abstract do not jointly establish a qualifying single-sample classifier reliability, uncertainty, preprocessing, or transport method.",classifier_method,false
406,MED:34157072,34157072,,10.1093/ajcp/aqab047,context,exclude,moderate,no_relevant_discordance_stability_or_classifier_method,true,Gene Expression Profiling of Muscle-Invasive Bladder Cancer With Secondary Variant Histology.,"The title and abstract do not jointly establish a qualifying single-sample classifier reliability, uncertainty, preprocessing, or transport method.",strong_method_in_record|classifier_method,false
407,MED:34294892,34294892,PMC8548561,10.1038/s41416-021-01488-6,context,exclude,moderate,no_relevant_discordance_stability_or_classifier_method,true,Fibroblast growth factor receptor 3 alterations and response to immune checkpoint inhibition in metastatic urothelial cancer: a real world experience.,"The title and abstract do not jointly establish a qualifying single-sample classifier reliability, uncertainty, preprocessing, or transport method.",strong_method_in_record|classifier_method|outcome_or_treatment_in_title,false
408,MED:34320350,34320350,,10.1016/j.celrep.2021.109455,context,exclude,moderate,no_relevant_discordance_stability_or_classifier_method,true,"ERBB3 overexpression due to miR-205 inactivation confers sensitivity to FGF, metabolic activation, and liability to ERBB3 targeting in glioblastoma.","The title and abstract do not jointly establish a qualifying single-sample classifier reliability, uncertainty, preprocessing, or transport method.",,false
409,MED:34365093,34365093,PMC8353400,10.1016/j.ebiom.2021.103510,context,exclude,moderate,no_relevant_discordance_stability_or_classifier_method,true,Transcriptomics based multi-dimensional characterization and drug screen in esophageal squamous cell carcinoma.,"The title and abstract do not jointly establish a qualifying single-sample classifier reliability, uncertainty, preprocessing, or transport method.",strong_method_in_record|classifier_method,false
410,MED:34450029,34450029,PMC8772395,10.1016/j.cell.2021.08.003,context,exclude,moderate,no_relevant_discordance_stability_or_classifier_method,true,Spatially organized multicellular immune hubs in human colorectal cancer.,"The title and abstract do not jointly establish a qualifying single-sample classifier reliability, uncertainty, preprocessing, or transport method.",classifier_method,false
411,MED:34527198,34527198,PMC8433071,10.1016/j.csbj.2021.08.046,context,exclude,moderate,no_relevant_discordance_stability_or_classifier_method,true,MicroRNA-regulated transcriptome analysis identifies four major subtypes with prognostic and therapeutic implications in prostate cancer.,"The title and abstract do not jointly establish a qualifying single-sample classifier reliability, uncertainty, preprocessing, or transport method.",classifier_method|outcome_or_treatment_in_title,false
412,MED:34765445,34765445,PMC8566362,10.1016/j.ajur.2021.05.001,context,exclude,moderate,no_relevant_discordance_stability_or_classifier_method,true,Molecular markers of systemic therapy response in urothelial carcinoma.,"The title and abstract do not jointly establish a qualifying single-sample classifier reliability, uncertainty, preprocessing, or transport method.",classifier_method|outcome_or_treatment_in_title,false
413,MED:34772924,34772924,PMC8589861,10.1038/s41419-021-04370-8,context,exclude,moderate,no_relevant_discordance_stability_or_classifier_method,true,MRPS31 loss is a key driver of mitochondrial deregulation and hepatocellular carcinoma aggressiveness.,"The title and abstract do not jointly establish a qualifying single-sample classifier reliability, uncertainty, preprocessing, or transport method.",classifier_method,false
414,MED:35582013,35582013,PMC9019192,10.20517/cdr.2020.69,context,exclude,moderate,no_relevant_discordance_stability_or_classifier_method,true,Natural products as a means of overcoming cisplatin chemoresistance in bladder cancer.,"The title and abstract do not jointly establish a qualifying single-sample classifier reliability, uncertainty, preprocessing, or transport method.",classifier_method,false
415,MED:31941899,31941899,PMC6962317,10.1038/s41467-019-14050-z,context,exclude,moderate,no_relevant_discordance_stability_or_classifier_method,true,Intratumoral heterogeneity and clonal evolution in liver cancer.,"The title and abstract do not jointly establish a qualifying single-sample classifier reliability, uncertainty, preprocessing, or transport method.",classifier_method,false
416,MED:31959878,31959878,PMC6971287,10.1038/s41598-020-57432-w,context,exclude,moderate,no_relevant_discordance_stability_or_classifier_method,true,Distribution Optimization: An evolutionary algorithm to separate Gaussian mixtures.,"The title and abstract do not jointly establish a qualifying single-sample classifier reliability, uncertainty, preprocessing, or transport method.",,false
417,MED:32033589,32033589,PMC7007675,10.1186/s13059-020-1926-6,context,exclude,moderate,no_relevant_discordance_stability_or_classifier_method,true,Eleven grand challenges in single-cell data science.,"The title and abstract do not jointly establish a qualifying single-sample classifier reliability, uncertainty, preprocessing, or transport method.",,false
418,MED:32058212,32058212,,10.1016/j.biopha.2020.109865,context,exclude,moderate,no_relevant_discordance_stability_or_classifier_method,true,miR-6089/MYH9/β-catenin/c-Jun negative feedback loop inhibits ovarian cancer carcinogenesis and progression.,"The title and abstract do not jointly establish a qualifying single-sample classifier reliability, uncertainty, preprocessing, or transport method.",,false
419,MED:32114007,32114007,,10.1016/j.lfs.2020.117473,context,exclude,moderate,no_relevant_discordance_stability_or_classifier_method,true,Circulating microRNAs as biomarkers in cancer diagnosis.,"The title and abstract do not jointly establish a qualifying single-sample classifier reliability, uncertainty, preprocessing, or transport method.",classifier_method,false
420,MED:32156747,32156747,,10.1158/1078-0432.ccr-19-3724,context,exclude,moderate,no_relevant_discordance_stability_or_classifier_method,true,GATA6 Expression Distinguishes Classical and Basal-like Subtypes in Advanced Pancreatic Cancer.,"The title and abstract do not jointly establish a qualifying single-sample classifier reliability, uncertainty, preprocessing, or transport method.",strong_method_in_record|classifier_method,false
421,MED:32169167,32169167,PMC7118369,10.1016/j.stem.2020.02.008,context,exclude,moderate,no_relevant_discordance_stability_or_classifier_method,true,Plasticity of Lgr5-Negative Cancer Cells Drives Metastasis in Colorectal Cancer.,"The title and abstract do not jointly establish a qualifying single-sample classifier reliability, uncertainty, preprocessing, or transport method.",,false
422,MED:32243803,32243803,PMC7295070,10.1016/j.stem.2020.03.007,context,exclude,moderate,no_relevant_discordance_stability_or_classifier_method,true,Plasticity in Motion: Shape-Shifting Lgr5<sup>-</sup>Cells Initiate Colorectal Cancer Metastasis.,"The title and abstract do not jointly establish a qualifying single-sample classifier reliability, uncertainty, preprocessing, or transport method.",,false
423,MED:32272732,32272732,PMC7226822,10.3390/cells9040903,context,exclude,moderate,no_relevant_discordance_stability_or_classifier_method,true,Ovarian Cancer Translational Activity of the Multicenter Italian Trial in Ovarian Cancer (MITO) Group: Lessons Learned in 10 Years of Experience.,"The title and abstract do not jointly establish a qualifying single-sample classifier reliability, uncertainty, preprocessing, or transport method.",strong_method_in_record,false
424,MED:32289271,32289271,PMC7181408,10.1016/j.ccell.2020.03.007,context,exclude,moderate,no_relevant_discordance_stability_or_classifier_method,true,Intratumor Heterogeneity: The Rosetta Stone of Therapy Resistance.,"The title and abstract do not jointly establish a qualifying single-sample classifier reliability, uncertainty, preprocessing, or transport method.",strong_method_in_record|outcome_or_treatment_in_title,false
425,MED:32342590,32342590,,10.1111/tbj.13858,context,exclude,high,review_editorial_or_commentary_for_citation_chaining_only,true,Review of the current state of digital image analysis in breast pathology.,The title identifies secondary literature retained only for citation chaining.,strong_method_in_record|secondary_literature_in_title,false
426,MED:32451460,32451460,,10.1038/s41588-020-0636-z,context,exclude,moderate,no_relevant_discordance_stability_or_classifier_method,true,Lineage-dependent gene expression programs influence the immune landscape of colorectal cancer.,"The title and abstract do not jointly establish a qualifying single-sample classifier reliability, uncertainty, preprocessing, or transport method.",classifier_method,false
427,MED:32527942,32527942,,10.1158/1078-0432.ccr-19-3840,context,exclude,moderate,no_relevant_discordance_stability_or_classifier_method,true,The Influence of Immune Heterogeneity on the Effectiveness of Immune Checkpoint Inhibitors in Multifocal Hepatocellular Carcinomas.,"The title and abstract do not jointly establish a qualifying single-sample classifier reliability, uncertainty, preprocessing, or transport method.",,false
428,MED:32656539,32656539,PMC7351134,10.1038/s43018-019-0006-x,context,exclude,moderate,no_relevant_discordance_stability_or_classifier_method,true,L1CAM defines the regenerative origin of metastasis-initiating cells in colorectal cancer.,"The title and abstract do not jointly establish a qualifying single-sample classifier reliability, uncertainty, preprocessing, or transport method.",,false
429,MED:32873799,32873799,PMC7462863,10.1038/s41467-020-18186-1,context,exclude,moderate,no_relevant_discordance_stability_or_classifier_method,true,The genomic landscape of Mongolian hepatocellular carcinoma.,"The title and abstract do not jointly establish a qualifying single-sample classifier reliability, uncertainty, preprocessing, or transport method.",classifier_method,false
430,MED:32920502,32920502,PMC8387954,10.1016/j.ctarc.2020.100179,context,exclude,moderate,no_relevant_discordance_stability_or_classifier_method,true,Emerging biomarkers in urothelial carcinoma: Challenges and opportunities.,"The title and abstract do not jointly establish a qualifying single-sample classifier reliability, uncertainty, preprocessing, or transport method.",,false
431,MED:32977582,32977582,PMC7598246,10.3390/cancers12102730,context,exclude,moderate,no_relevant_discordance_stability_or_classifier_method,true,Transcriptomics-Based Drug Repurposing Approach Identifies Novel Drugs against Sorafenib-Resistant Hepatocellular Carcinoma.,"The title and abstract do not jointly establish a qualifying single-sample classifier reliability, uncertainty, preprocessing, or transport method.",classifier_method,false
432,MED:32978382,32978382,PMC7519650,10.1038/s41467-020-18640-0,context,exclude,moderate,no_relevant_discordance_stability_or_classifier_method,true,Molecular correlates of cisplatin-based chemotherapy response in muscle invasive bladder cancer by integrated multi-omics analysis.,"The title and abstract do not jointly establish a qualifying single-sample classifier reliability, uncertainty, preprocessing, or transport method.",classifier_method|outcome_or_treatment_in_title,false
433,MED:33177554,33177554,PMC7658206,10.1038/s41598-020-75854-4,context,exclude,moderate,no_relevant_discordance_stability_or_classifier_method,true,Recurring urothelial carcinomas show genomic rearrangements incompatible with a direct relationship.,"The title and abstract do not jointly establish a qualifying single-sample classifier reliability, uncertainty, preprocessing, or transport method.",,false
434,MED:33198784,33198784,PMC7667839,10.1186/s13046-020-01757-x,context,exclude,moderate,no_relevant_discordance_stability_or_classifier_method,true,The molecular and gene/miRNA expression profiles of radioiodine resistant papillary thyroid cancer.,"The title and abstract do not jointly establish a qualifying single-sample classifier reliability, uncertainty, preprocessing, or transport method.",classifier_method,false
435,MED:33208770,33208770,PMC7675970,10.1038/s41598-020-76904-7,context,exclude,moderate,no_relevant_discordance_stability_or_classifier_method,true,Transcriptomic analysis of micropapillary high grade T1 urothelial bladder cancer.,"The title and abstract do not jointly establish a qualifying single-sample classifier reliability, uncertainty, preprocessing, or transport method.",classifier_method,false
436,MED:33230599,33230599,PMC7719006,10.1007/s11864-020-00800-5,context,exclude,moderate,no_relevant_discordance_stability_or_classifier_method,true,Current Landscape and Future Directions on Bladder Sparing Approaches to Muscle-Invasive Bladder Cancer.,"The title and abstract do not jointly establish a qualifying single-sample classifier reliability, uncertainty, preprocessing, or transport method.",,false
437,MED:33233600,33233600,PMC7699762,10.3390/cancers12113455,context,exclude,moderate,no_relevant_discordance_stability_or_classifier_method,true,Extracellular MicroRNAs as Intercellular Mediators and Noninvasive Biomarkers of Cancer.,"The title and abstract do not jointly establish a qualifying single-sample classifier reliability, uncertainty, preprocessing, or transport method.",classifier_method,false
438,MED:30244972,30244972,PMC6643297,10.1016/j.cmet.2018.08.020,context,exclude,moderate,no_relevant_discordance_stability_or_classifier_method,true,Inhibition of Acetyl-CoA Carboxylase by Phosphorylation or the Inhibitor ND-654 Suppresses Lipogenesis and Hepatocellular Carcinoma.,"The title and abstract do not jointly establish a qualifying single-sample classifier reliability, uncertainty, preprocessing, or transport method.",,false
439,MED:30814741,30814741,,10.1038/s41586-019-0987-8,context,exclude,moderate,no_relevant_discordance_stability_or_classifier_method,true,Proteomics identifies new therapeutic targets of early-stage hepatocellular carcinoma.,"The title and abstract do not jointly establish a qualifying single-sample classifier reliability, uncertainty, preprocessing, or transport method.",classifier_method,false
440,MED:30833661,30833661,PMC6399236,10.1038/s41598-019-39727-9,context,exclude,moderate,no_relevant_discordance_stability_or_classifier_method,true,NELFE-Dependent MYC Signature Identifies a Unique Cancer Subtype in Hepatocellular Carcinoma.,"The title and abstract do not jointly establish a qualifying single-sample classifier reliability, uncertainty, preprocessing, or transport method.",classifier_method,false
441,MED:30965135,30965135,,10.1016/j.jbi.2019.103173,context,exclude,moderate,no_relevant_discordance_stability_or_classifier_method,true,A new data analysis method based on feature linear combination.,"The title and abstract do not jointly establish a qualifying single-sample classifier reliability, uncertainty, preprocessing, or transport method.",classifier_method,false
442,MED:31101809,31101809,PMC6525259,10.1038/s41467-019-09990-5,context,exclude,moderate,no_relevant_discordance_stability_or_classifier_method,true,Complete deconvolution of cellular mixtures based on linearity of transcriptional signatures.,"The title and abstract do not jointly establish a qualifying single-sample classifier reliability, uncertainty, preprocessing, or transport method.",strong_method_in_record,false
443,MED:31114916,31114916,PMC6602449,10.1093/nar/gkz401,context,exclude,moderate,no_relevant_discordance_stability_or_classifier_method,true,WebGestalt 2019: gene set analysis toolkit with revamped UIs and APIs.,"The title and abstract do not jointly establish a qualifying single-sample classifier reliability, uncertainty, preprocessing, or transport method.",,false
444,MED:31125107,31125107,PMC6632131,10.1001/jamanetworkopen.2019.4573,context,exclude,moderate,no_relevant_discordance_stability_or_classifier_method,true,Development and Validation of an Esophageal Squamous Cell Carcinoma Detection Model by Large-Scale MicroRNA Profiling.,"The title and abstract do not jointly establish a qualifying single-sample classifier reliability, uncertainty, preprocessing, or transport method.",strong_method_in_record,false
445,MED:31213506,31213506,PMC7017390,10.1158/1535-7163.mct-18-0571,context,exclude,moderate,no_relevant_discordance_stability_or_classifier_method,true,Phenotype-Based Screens with Conformation-Specific Inhibitors Reveal p38 Gamma and Delta as Targets for HCC Polypharmacology.,"The title and abstract do not jointly establish a qualifying single-sample classifier reliability, uncertainty, preprocessing, or transport method.",,false
446,MED:31287991,31287991,PMC6617392,10.1016/j.ccell.2019.05.013,context,exclude,moderate,no_relevant_discordance_stability_or_classifier_method,true,Genomic and Transcriptomic Determinants of Therapy Resistance and Immune Landscape Evolution during Anti-EGFR Treatment in Colorectal Cancer.,"The title and abstract do not jointly establish a qualifying single-sample classifier reliability, uncertainty, preprocessing, or transport method.",classifier_method|outcome_or_treatment_in_title,false
447,MED:31337855,31337855,PMC6650415,10.1038/s41598-019-47216-2,context,exclude,moderate,no_relevant_discordance_stability_or_classifier_method,true,Altered serum acylcarnitine profile is associated with the status of nonalcoholic fatty liver disease (NAFLD) and NAFLD-related hepatocellular carcinoma.,"The title and abstract do not jointly establish a qualifying single-sample classifier reliability, uncertainty, preprocessing, or transport method.",,false
448,MED:31467618,31467618,PMC6701281,10.1155/2019/7541857,context,exclude,moderate,no_relevant_discordance_stability_or_classifier_method,true,<i>In Silico</i> Screening of Circulating MicroRNAs as Potential Biomarkers for the Diagnosis of Ovarian Cancer.,"The title and abstract do not jointly establish a qualifying single-sample classifier reliability, uncertainty, preprocessing, or transport method.",classifier_method,false
449,MED:31504112,31504112,PMC6857614,10.1093/annonc/mdz287,context,exclude,moderate,no_relevant_discordance_stability_or_classifier_method,true,"Relative contribution of clinicopathological variables, genomic markers, transcriptomic subtyping and microenvironment features for outcome prediction in stage II/III colorectal cancer.","The title and abstract do not jointly establish a qualifying single-sample classifier reliability, uncertainty, preprocessing, or transport method.",classifier_method,false
450,MED:31530497,31530497,,10.1016/j.euf.2019.09.003,context,exclude,moderate,no_relevant_discordance_stability_or_classifier_method,true,What Is the Significance of Variant Histology in Urothelial Carcinoma?,"The title and abstract do not jointly establish a qualifying single-sample classifier reliability, uncertainty, preprocessing, or transport method.",classifier_method,false
451,MED:31609466,31609466,PMC7079000,10.1002/ijc.32737,context,exclude,moderate,no_relevant_discordance_stability_or_classifier_method,true,Molecular changes during progression from nonmuscle invasive to advanced urothelial carcinoma.,"The title and abstract do not jointly establish a qualifying single-sample classifier reliability, uncertainty, preprocessing, or transport method.",strong_method_in_record|classifier_method,false
452,MED:31678167,31678167,,10.1016/j.canlet.2019.10.040,context,unclear,moderate,,true,Technical differences between sequencing and microarray platforms impact transcriptomic subtyping of colorectal cancer.,"The abstract contains relevant classifier and reliability signals, but direct eligibility is not unambiguous from deterministic rules.",domain_in_record|strong_method_in_record|classifier_method,false
453,MED:31857451,31857451,,10.1126/science.aax9198,context,exclude,moderate,no_relevant_discordance_stability_or_classifier_method,true,A genome-wide transcriptomic analysis of protein-coding genes in human blood cells.,"The title and abstract do not jointly establish a qualifying single-sample classifier reliability, uncertainty, preprocessing, or transport method.",classifier_method,false
454,MED:31998649,31998649,PMC6965328,10.3389/fonc.2019.01497,context,exclude,moderate,no_relevant_discordance_stability_or_classifier_method,true,Identification of Distinct Immune Subtypes in Colorectal Cancer Based on the Stromal Compartment.,"The title and abstract do not jointly establish a qualifying single-sample classifier reliability, uncertainty, preprocessing, or transport method.",classifier_method,false
455,MED:28200092,28200092,,10.1093/bib/bbx009,context,exclude,moderate,no_relevant_discordance_stability_or_classifier_method,true,A simple way to detect disease-associated cellular molecular alterations from mixed-cell blood samples.,"The title and abstract do not jointly establish a qualifying single-sample classifier reliability, uncertainty, preprocessing, or transport method.",classifier_method,false
456,MED:29194489,29194489,PMC5753284,10.1093/nar/gkx1144,context,exclude,moderate,no_relevant_discordance_stability_or_classifier_method,true,mirDIP 4.1-integrative database of human microRNA target predictions.,"The title and abstract do not jointly establish a qualifying single-sample classifier reliability, uncertainty, preprocessing, or transport method.",strong_method_in_record|classifier_method,false
457,MED:29463577,29463577,,10.1136/jclinpath-2017-204969,context,exclude,moderate,no_relevant_discordance_stability_or_classifier_method,true,Evaluation of the quality of RNA extracted from archival FFPE glioblastoma and epilepsy surgical samples for gene expression assays.,"The title and abstract do not jointly establish a qualifying single-sample classifier reliability, uncertainty, preprocessing, or transport method.",classifier_method,false
458,MED:29679021,29679021,PMC5910432,10.1038/s41598-018-24781-6,context,exclude,moderate,no_relevant_discordance_stability_or_classifier_method,true,"Systematic evaluation of RNA quality, microarray data reliability and pathway analysis in fresh, fresh frozen and formalin-fixed paraffin-embedded tissue samples.","The title and abstract do not jointly establish a qualifying single-sample classifier reliability, uncertainty, preprocessing, or transport method.",strong_method_in_record|classifier_method,false
459,MED:29784666,29784666,,10.1158/1541-7786.mcr-18-0063,context,exclude,moderate,no_relevant_discordance_stability_or_classifier_method,true,Nomogram Integrating Genomics with Clinicopathologic Features Improves Prognosis Prediction for Colorectal Cancer.,"The title and abstract do not jointly establish a qualifying single-sample classifier reliability, uncertainty, preprocessing, or transport method.",classifier_method|outcome_or_treatment_in_title,false
460,MED:30158554,30158554,PMC6115401,10.1038/s41467-018-05992-x,context,exclude,moderate,no_relevant_discordance_stability_or_classifier_method,true,EMT- and stroma-related gene expression and resistance to PD-1 blockade in urothelial cancer.,"The title and abstract do not jointly establish a qualifying single-sample classifier reliability, uncertainty, preprocessing, or transport method.",classifier_method,false
461,MED:30327311,30327311,PMC6333466,10.1158/1078-0432.ccr-18-1278,context,exclude,moderate,no_relevant_discordance_stability_or_classifier_method,true,Transcriptomic and Protein Analysis of Small-cell Bladder Cancer (SCBC) Identifies Prognostic Biomarkers and DLL3 as a Relevant Therapeutic Target.,"The title and abstract do not jointly establish a qualifying single-sample classifier reliability, uncertainty, preprocessing, or transport method.",classifier_method|outcome_or_treatment_in_title,false
462,MED:30333487,30333487,PMC6192980,10.1038/s41467-018-06434-4,context,exclude,moderate,no_relevant_discordance_stability_or_classifier_method,true,Integrated extracellular microRNA profiling for ovarian cancer screening.,"The title and abstract do not jointly establish a qualifying single-sample classifier reliability, uncertainty, preprocessing, or transport method.",strong_method_in_record,false
463,MED:30382619,30382619,PMC6317958,10.1111/cas.13856,context,exclude,moderate,no_relevant_discordance_stability_or_classifier_method,true,Circulating miRNA panels for specific and early detection in bladder cancer.,"The title and abstract do not jointly establish a qualifying single-sample classifier reliability, uncertainty, preprocessing, or transport method.",classifier_method,false
464,MED:30470740,30470740,PMC6251897,10.1038/s41467-018-07338-z,context,exclude,moderate,no_relevant_discordance_stability_or_classifier_method,true,Autophagy is a gatekeeper of hepatic differentiation and carcinogenesis by controlling the degradation of Yap.,"The title and abstract do not jointly establish a qualifying single-sample classifier reliability, uncertainty, preprocessing, or transport method.",,false
465,MED:28246590,28246590,PMC5299160,10.1155/2017/1926304,context,exclude,moderate,no_relevant_discordance_stability_or_classifier_method,true,The Utilization of Formalin Fixed-Paraffin-Embedded Specimens in High Throughput Genomic Studies.,"The title and abstract do not jointly establish a qualifying single-sample classifier reliability, uncertainty, preprocessing, or transport method.",classifier_method,false
466,MED:28388586,28388586,PMC5564734,10.18632/oncotarget.16554,context,exclude,moderate,no_relevant_discordance_stability_or_classifier_method,true,HER2 and EGFR amplification and expression in urothelial carcinoma occurs in distinct biological and molecular contexts.,"The title and abstract do not jointly establish a qualifying single-sample classifier reliability, uncertainty, preprocessing, or transport method.",classifier_method,false
467,MED:28390866,28390866,,10.1053/j.gastro.2017.03.046,context,exclude,moderate,no_relevant_discordance_stability_or_classifier_method,true,"Activation of Transforming Growth Factor Beta 1 Signaling in Gastric Cancer-associated Fibroblasts Increases Their Motility, via Expression of Rhomboid 5 Homolog 2, and Ability to Induce Invasiveness of Gastric Cancer Cells.","The title and abstract do not jointly establish a qualifying single-sample classifier reliability, uncertainty, preprocessing, or transport method.",classifier_method,false
468,MED:28434945,28434945,PMC5440601,10.1016/j.ebiom.2017.04.014,context,exclude,moderate,no_relevant_discordance_stability_or_classifier_method,true,Prognostic Biomarker Identification Through Integrating the Gene Signatures of Hepatocellular Carcinoma Properties.,"The title and abstract do not jointly establish a qualifying single-sample classifier reliability, uncertainty, preprocessing, or transport method.",strong_method_in_record|classifier_method|outcome_or_treatment_in_title,false
469,MED:28439654,28439654,PMC5654702,10.1007/s00330-017-4844-6,context,exclude,moderate,no_relevant_discordance_stability_or_classifier_method,true,Imaging-based surrogate markers of transcriptome subclasses and signatures in hepatocellular carcinoma: preliminary results.,"The title and abstract do not jointly establish a qualifying single-sample classifier reliability, uncertainty, preprocessing, or transport method.",classifier_method,false
470,MED:28494874,28494874,,10.1016/j.celrep.2017.04.045,context,exclude,moderate,no_relevant_discordance_stability_or_classifier_method,true,Molecular-Subtype-Specific Biomarkers Improve Prediction of Prognosis in Colorectal Cancer.,"The title and abstract do not jointly establish a qualifying single-sample classifier reliability, uncertainty, preprocessing, or transport method.",classifier_method|outcome_or_treatment_in_title,false
471,MED:28583312,28583312,,10.1016/j.eururo.2017.05.040,context,exclude,moderate,no_relevant_discordance_stability_or_classifier_method,true,Prognostic Impact of a 12-gene Progression Score in Non-muscle-invasive Bladder Cancer: A Prospective Multicentre Validation Study.,"The title and abstract do not jointly establish a qualifying single-sample classifier reliability, uncertainty, preprocessing, or transport method.",outcome_or_treatment_in_title,false
472,MED:28627792,28627792,PMC5664003,10.1002/1878-0261.12101,context,exclude,moderate,no_relevant_discordance_stability_or_classifier_method,true,β-Catenin in desmoid-type fibromatosis: deep insights into the role of T41A and S45F mutations on protein structure and gene expression.,"The title and abstract do not jointly establish a qualifying single-sample classifier reliability, uncertainty, preprocessing, or transport method.",strong_method_in_record|classifier_method,false
473,MED:28754668,28754668,,10.1158/0008-5472.can-17-0388,context,exclude,moderate,no_relevant_discordance_stability_or_classifier_method,true,Transglutaminase 2 Inhibition Reverses Mesenchymal Transdifferentiation of Glioma Stem Cells by Regulating C/EBPβ Signaling.,"The title and abstract do not jointly establish a qualifying single-sample classifier reliability, uncertainty, preprocessing, or transport method.",classifier_method,false
474,MED:29018799,29018799,PMC5614967,10.3389/fmed.2017.00153,context,exclude,moderate,no_relevant_discordance_stability_or_classifier_method,true,TruSeq-Based Gene Expression Analysis of Formalin-Fixed Paraffin-Embedded (FFPE) Cutaneous T-Cell Lymphoma Samples: Subgroup Analysis Results and Elucidation of Biases from FFPE Sample Processing on the TruSeq Platform.,"The title and abstract do not jointly establish a qualifying single-sample classifier reliability, uncertainty, preprocessing, or transport method.",strong_method_in_record|classifier_method,false
475,MED:29479053,29479053,PMC5748595,10.3390/ht6040016,context,exclude,moderate,no_relevant_discordance_stability_or_classifier_method,true,"A Computational Workflow Translates a 58-Gene Signature to a Formalin-Fixed, Paraffin-Embedded Sample-Based Companion Diagnostic for Personalized Treatment of the BRAF-Mutation-Like Subtype of Colorectal Cancers.","The title and abstract do not jointly establish a qualifying single-sample classifier reliability, uncertainty, preprocessing, or transport method.",strong_method_in_record|classifier_method,false
476,MED:26325594,26325594,PMC4807994,10.18632/oncotarget.4399,context,exclude,moderate,no_relevant_discordance_stability_or_classifier_method,true,Virus-encoded microRNA contributes to the molecular profile of EBV-positive Burkitt lymphomas.,"The title and abstract do not jointly establish a qualifying single-sample classifier reliability, uncertainty, preprocessing, or transport method.",,false
477,MED:27081085,27081085,PMC5045367,10.18632/oncotarget.8713,context,exclude,moderate,no_relevant_discordance_stability_or_classifier_method,true,Integrative transcriptome analysis identifies deregulated microRNA-transcription factor networks in lung adenocarcinoma.,"The title and abstract do not jointly establish a qualifying single-sample classifier reliability, uncertainty, preprocessing, or transport method.",classifier_method,false
478,MED:27118402,27118402,,10.1038/leu.2016.98,context,exclude,moderate,no_relevant_discordance_stability_or_classifier_method,true,CREB engages C/EBPδ to initiate leukemogenesis.,"The title and abstract do not jointly establish a qualifying single-sample classifier reliability, uncertainty, preprocessing, or transport method.",classifier_method,false
479,MED:27207943,27207943,,10.1093/bioinformatics/btw313,context,exclude,moderate,no_relevant_discordance_stability_or_classifier_method,true,Complex heatmaps reveal patterns and correlations in multidimensional genomic data.,"The title and abstract do not jointly establish a qualifying single-sample classifier reliability, uncertainty, preprocessing, or transport method.",,false
480,MED:27287960,27287960,,10.1016/j.ab.2016.05.015,context,exclude,moderate,no_relevant_discordance_stability_or_classifier_method,true,Deparaffinization of formalin-fixed paraffin-embedded tissue blocks using hot water instead of xylene.,"The title and abstract do not jointly establish a qualifying single-sample classifier reliability, uncertainty, preprocessing, or transport method.",,false
481,MED:27376123,27376123,PMC4927916,10.3233/blc-150037,context,exclude,moderate,no_relevant_discordance_stability_or_classifier_method,true,Bladder Cancer Molecular Taxonomy: Summary from a Consensus Meeting.,"The title and abstract do not jointly establish a qualifying single-sample classifier reliability, uncertainty, preprocessing, or transport method.",strong_method_in_record|classifier_method,false
482,MED:27494975,27494975,,10.1016/s0007-4551(16)30146-1,context,exclude,moderate,no_relevant_discordance_stability_or_classifier_method,true,[Not Available].,"The title and abstract do not jointly establish a qualifying single-sample classifier reliability, uncertainty, preprocessing, or transport method.",,false
483,MED:27726922,27726922,,10.1016/j.ygyno.2016.09.010,context,exclude,moderate,no_relevant_discordance_stability_or_classifier_method,true,MiR-760 overexpression promotes proliferation in ovarian cancer by downregulation of PHLPP2 expression.,"The title and abstract do not jointly establish a qualifying single-sample classifier reliability, uncertainty, preprocessing, or transport method.",,false
484,MED:27756306,27756306,PMC5069826,10.1186/s12920-016-0225-2,context,exclude,moderate,no_relevant_discordance_stability_or_classifier_method,true,Adaptation of a RAS pathway activation signature from FF to FFPE tissues in colorectal cancer.,"The title and abstract do not jointly establish a qualifying single-sample classifier reliability, uncertainty, preprocessing, or transport method.",classifier_method,false
485,MED:27899965,27899965,PMC5103900,10.3892/ol.2016.5054,context,exclude,moderate,no_relevant_discordance_stability_or_classifier_method,true,Increased expression of long non-coding RNA XIST predicts favorable prognosis of cervical squamous cell carcinoma subsequent to definitive chemoradiation therapy.,"The title and abstract do not jointly establish a qualifying single-sample classifier reliability, uncertainty, preprocessing, or transport method.",classifier_method|outcome_or_treatment_in_title,false
486,MED:27913155,27913155,PMC5161439,10.1016/j.ebiom.2016.11.021,context,exclude,moderate,no_relevant_discordance_stability_or_classifier_method,true,Early Molecular Stratification of High-risk Primary Biliary Cholangitis.,"The title and abstract do not jointly establish a qualifying single-sample classifier reliability, uncertainty, preprocessing, or transport method.",classifier_method,false
487,MED:27996033,27996033,PMC5172197,10.1038/srep39342,context,exclude,moderate,no_relevant_discordance_stability_or_classifier_method,true,The XBP1 Arm of the Unfolded Protein Response Induces Fibrogenic Activity in Hepatic Stellate Cells Through Autophagy.,"The title and abstract do not jointly establish a qualifying single-sample classifier reliability, uncertainty, preprocessing, or transport method.",classifier_method|outcome_or_treatment_in_title,false
488,MED:25475080,25475080,,10.1093/annonc/mdu556,context,exclude,moderate,no_relevant_discordance_stability_or_classifier_method,true,EBV-positive diffuse large B-cell lymphoma in young adults: is this a distinct disease entity?,"The title and abstract do not jointly establish a qualifying single-sample classifier reliability, uncertainty, preprocessing, or transport method.",strong_method_in_record,false
489,MED:25645722,25645722,PMC12337117,10.1002/hep.27732,context,exclude,moderate,no_relevant_discordance_stability_or_classifier_method,true,DNA methylation-based prognosis and epidrivers in hepatocellular carcinoma.,"The title and abstract do not jointly establish a qualifying single-sample classifier reliability, uncertainty, preprocessing, or transport method.",classifier_method|outcome_or_treatment_in_title,false
490,MED:25706627,25706627,,10.1038/ng.3224,context,exclude,moderate,no_relevant_discordance_stability_or_classifier_method,true,Stromal contribution to the colorectal cancer transcriptome.,"The title and abstract do not jointly establish a qualifying single-sample classifier reliability, uncertainty, preprocessing, or transport method.",classifier_method,false
491,MED:25770486,25770486,,10.1016/j.eururo.2015.02.021,context,exclude,moderate,no_relevant_discordance_stability_or_classifier_method,true,A Molecular Pathologic Framework for Risk Stratification of Stage T1 Urothelial Carcinoma.,"The title and abstract do not jointly establish a qualifying single-sample classifier reliability, uncertainty, preprocessing, or transport method.",classifier_method,false
492,MED:25836717,25836717,PMC4636024,10.1158/0008-5472.can-14-2378,context,exclude,moderate,no_relevant_discordance_stability_or_classifier_method,true,Accuracy of Molecular Data Generated with FFPE Biospecimens: Lessons from the Literature.,"The title and abstract do not jointly establish a qualifying single-sample classifier reliability, uncertainty, preprocessing, or transport method.",strong_method_in_record,false
493,MED:25926053,25926053,,10.1038/ncomms8002,context,exclude,moderate,no_relevant_discordance_stability_or_classifier_method,true,The molecular landscape of colorectal cancer cell lines unveils clinically actionable kinase targets.,"The title and abstract do not jointly establish a qualifying single-sample classifier reliability, uncertainty, preprocessing, or transport method.",classifier_method,false
494,MED:26207633,26207633,PMC4514672,10.1371/journal.pone.0133738,context,exclude,moderate,no_relevant_discordance_stability_or_classifier_method,true,Overlap Chronic Placental Inflammation Is Associated with a Unique Gene Expression Pattern.,"The title and abstract do not jointly establish a qualifying single-sample classifier reliability, uncertainty, preprocessing, or transport method.",classifier_method,false
495,MED:26344216,26344216,PMC4562032,10.1002/9780471729259.mc01e08s37,context,exclude,moderate,no_relevant_discordance_stability_or_classifier_method,true,Isolating Viral and Host RNA Sequences from Archival Material and Production of cDNA Libraries for High-Throughput DNA Sequencing.,"The title and abstract do not jointly establish a qualifying single-sample classifier reliability, uncertainty, preprocessing, or transport method.",classifier_method,false
496,MED:26355846,26355846,PMC4565688,10.1371/journal.pone.0137132,context,exclude,moderate,no_relevant_discordance_stability_or_classifier_method,true,Clustering of Expression Data in Chronic Lymphocytic Leukemia Reveals New Molecular Subdivisions.,"The title and abstract do not jointly establish a qualifying single-sample classifier reliability, uncertainty, preprocessing, or transport method.",strong_method_in_record|classifier_method,false
497,MED:26483300,26483300,PMC4838548,10.1038/nrclinonc.2015.175,context,exclude,moderate,no_relevant_discordance_stability_or_classifier_method,true,The influence of subclonal resistance mutations on targeted cancer therapy.,"The title and abstract do not jointly establish a qualifying single-sample classifier reliability, uncertainty, preprocessing, or transport method.",outcome_or_treatment_in_title,false
498,MED:26516852,26516852,PMC4632832,10.3390/ijms161025897,context,exclude,moderate,no_relevant_discordance_stability_or_classifier_method,true,Identification of Molecular Fingerprints in Human Heat Pain Thresholds by Use of an Interactive Mixture Model R Toolbox (AdaptGauss).,"The title and abstract do not jointly establish a qualifying single-sample classifier reliability, uncertainty, preprocessing, or transport method.",,false
499,MED:26716838,26716838,PMC4696787,10.1371/journal.pone.0144097,context,exclude,moderate,no_relevant_discordance_stability_or_classifier_method,true,"A Method to Correlate mRNA Expression Datasets Obtained from Fresh Frozen and Formalin-Fixed, Paraffin-Embedded Tissue Samples: A Matter of Thresholds.","The title and abstract do not jointly establish a qualifying single-sample classifier reliability, uncertainty, preprocessing, or transport method.",classifier_method,false
500,MED:30561442,30561442,PMC6218186,10.3233/blc-150012,context,exclude,moderate,no_relevant_discordance_stability_or_classifier_method,true,"The Prognostic Value of Cell Cycle Gene Expression Signatures in Muscle Invasive, High-Grade Bladder Cancer.","The title and abstract do not jointly establish a qualifying single-sample classifier reliability, uncertainty, preprocessing, or transport method.",classifier_method|outcome_or_treatment_in_title,false
501,MED:23908249,23908249,,10.1093/bib/bbt055,context,exclude,moderate,no_relevant_discordance_stability_or_classifier_method,true,Facilitating the use of large-scale biological data and tools in the era of translational bioinformatics.,"The title and abstract do not jointly establish a qualifying single-sample classifier reliability, uncertainty, preprocessing, or transport method.",,false
502,MED:24173294,24173294,,10.1136/gutjnl-2013-305475,context,exclude,moderate,no_relevant_discordance_stability_or_classifier_method,true,Gene expression profiling-derived immunohistochemistry signature with high prognostic value in colorectal carcinoma.,"The title and abstract do not jointly establish a qualifying single-sample classifier reliability, uncertainty, preprocessing, or transport method.",strong_method_in_record|classifier_method|outcome_or_treatment_in_title,false
503,MED:24398906,24398906,,10.1177/1040638713509378,context,exclude,moderate,no_relevant_discordance_stability_or_classifier_method,true,"DNA and RNA isolation from canine oncologic formalin-fixed, paraffin-embedded tissues for downstream ""-omic"" analyses: possible or not?","The title and abstract do not jointly establish a qualifying single-sample classifier reliability, uncertainty, preprocessing, or transport method.",classifier_method,false
504,MED:24476821,24476821,PMC3962515,10.1038/nature12965,context,exclude,moderate,no_relevant_discordance_stability_or_classifier_method,true,Comprehensive molecular characterization of urothelial bladder carcinoma.,"The title and abstract do not jointly establish a qualifying single-sample classifier reliability, uncertainty, preprocessing, or transport method.",classifier_method,false
505,MED:24486181,24486181,PMC3951208,10.1016/j.ccr.2014.01.003,context,exclude,moderate,no_relevant_discordance_stability_or_classifier_method,true,UHRF1 overexpression drives DNA hypomethylation and hepatocellular carcinoma.,"The title and abstract do not jointly establish a qualifying single-sample classifier reliability, uncertainty, preprocessing, or transport method.",,false
506,MED:24525232,24525232,PMC4011497,10.1016/j.ccr.2014.01.009,context,exclude,moderate,no_relevant_discordance_stability_or_classifier_method,true,Identification of distinct basal and luminal subtypes of muscle-invasive bladder cancer with different sensitivities to frontline chemotherapy.,"The title and abstract do not jointly establish a qualifying single-sample classifier reliability, uncertainty, preprocessing, or transport method.",classifier_method|outcome_or_treatment_in_title,false
507,MED:24647444,24647444,PMC3960150,10.1371/journal.pone.0091940,context,exclude,moderate,no_relevant_discordance_stability_or_classifier_method,true,NTRK1 fusion in glioblastoma multiforme.,"The title and abstract do not jointly establish a qualifying single-sample classifier reliability, uncertainty, preprocessing, or transport method.",,false
508,MED:24658394,24658394,PMC3962342,10.1371/journal.pone.0090761,context,exclude,moderate,no_relevant_discordance_stability_or_classifier_method,true,"Next generation MUT-MAP, a high-sensitivity high-throughput microfluidics chip-based mutation analysis panel.","The title and abstract do not jointly establish a qualifying single-sample classifier reliability, uncertainty, preprocessing, or transport method.",strong_method_in_record,false
509,MED:24809782,24809782,PMC4037839,10.1038/bjc.2014.246,context,exclude,moderate,no_relevant_discordance_stability_or_classifier_method,true,SERPINB3 is associated with TGF-β1 and cytoplasmic β-catenin expression in hepatocellular carcinomas with poor prognosis.,"The title and abstract do not jointly establish a qualifying single-sample classifier reliability, uncertainty, preprocessing, or transport method.",strong_method_in_record|classifier_method|outcome_or_treatment_in_title,false
510,MED:24960404,24960404,PMC4119994,10.1038/bjc.2014.347,context,exclude,moderate,no_relevant_discordance_stability_or_classifier_method,true,Similar blood-borne DNA methylation alterations in cancer and inflammatory diseases determined by subpopulation shifts in peripheral leukocytes.,"The title and abstract do not jointly establish a qualifying single-sample classifier reliability, uncertainty, preprocessing, or transport method.",,false
511,MED:25084005,25084005,PMC4118874,10.1371/journal.pone.0103327,context,exclude,moderate,no_relevant_discordance_stability_or_classifier_method,true,Translational validation of personalized treatment strategy based on genetic characteristics of glioblastoma.,"The title and abstract do not jointly establish a qualifying single-sample classifier reliability, uncertainty, preprocessing, or transport method.",classifier_method,false
512,MED:25165092,25165092,,10.1093/bioinformatics/btu522,context,exclude,moderate,no_relevant_discordance_stability_or_classifier_method,true,Individual-level analysis of differential expression of genes and pathways for personalized medicine.,"The title and abstract do not jointly establish a qualifying single-sample classifier reliability, uncertainty, preprocessing, or transport method.",strong_method_in_record,false
513,MED:25199720,25199720,,10.1016/j.eururo.2014.07.045,context,exclude,moderate,no_relevant_discordance_stability_or_classifier_method,true,Next-generation RNA sequencing of archival formalin-fixed paraffin-embedded urothelial bladder cancer.,"The title and abstract do not jointly establish a qualifying single-sample classifier reliability, uncertainty, preprocessing, or transport method.",strong_method_in_record|classifier_method,false
514,MED:25419740,25419740,PMC4399794,10.1038/nbt.3052,context,exclude,moderate,no_relevant_discordance_stability_or_classifier_method,true,A community computational challenge to predict the activity of pairs of compounds.,"The title and abstract do not jointly establish a qualifying single-sample classifier reliability, uncertainty, preprocessing, or transport method.",,false
515,MED:25506552,25506552,PMC4260413,10.1016/j.gdata.2014.10.007,context,exclude,moderate,no_relevant_discordance_stability_or_classifier_method,true,Prognostic gene signature profiles of hepatitis C-related early-stage liver cirrhosis.,"The title and abstract do not jointly establish a qualifying single-sample classifier reliability, uncertainty, preprocessing, or transport method.",outcome_or_treatment_in_title,false
516,MED:23036325,23036325,,10.1016/j.ymeth.2012.09.011,context,exclude,moderate,no_relevant_discordance_stability_or_classifier_method,true,"Gene expression analysis of normal and colorectal cancer tissue samples from fresh frozen and matched formalin-fixed, paraffin-embedded (FFPE) specimens after manual and automated RNA isolation.","The title and abstract do not jointly establish a qualifying single-sample classifier reliability, uncertainty, preprocessing, or transport method.",classifier_method,false
517,MED:23180419,23180419,PMC3731037,10.1002/path.4145,context,exclude,moderate,no_relevant_discordance_stability_or_classifier_method,true,"High-throughput RNA sequencing of a formalin-fixed, paraffin-embedded autopsy lung tissue sample from the 1918 influenza pandemic.","The title and abstract do not jointly establish a qualifying single-sample classifier reliability, uncertainty, preprocessing, or transport method.",strong_method_in_record|classifier_method,false
518,MED:23261163,23261163,,10.1016/j.compbiomed.2012.11.010,context,exclude,moderate,no_relevant_discordance_stability_or_classifier_method,true,RFS: efficient feature selection method based on R-value.,"The title and abstract do not jointly establish a qualifying single-sample classifier reliability, uncertainty, preprocessing, or transport method.",classifier_method,false
519,MED:23274563,23274563,PMC3733243,10.1016/j.ygyno.2012.12.030,context,unclear,moderate,,true,Validation of ovarian cancer gene expression signatures for survival and subtype in formalin fixed paraffin embedded tissues.,"The abstract contains relevant classifier and reliability signals, but direct eligibility is not unambiguous from deterministic rules.",domain_in_record|strong_method_in_record|classifier_method|outcome_or_treatment_in_title,false
520,MED:23519560,23519560,,10.1007/s11626-013-9593-5,context,exclude,moderate,no_relevant_discordance_stability_or_classifier_method,true,Dysregulation of pathways involved in the processing of cancer and microenvironment information in MCA + TPA transformed C3H/10T1/2 cells.,"The title and abstract do not jointly establish a qualifying single-sample classifier reliability, uncertainty, preprocessing, or transport method.",strong_method_in_record|classifier_method,false
521,MED:23570405,23570405,,10.1586/erm.13.14,context,exclude,moderate,no_relevant_discordance_stability_or_classifier_method,true,Nucleic acid extraction methods from fixed and paraffin-embedded tissues in cancer diagnostics.,"The title and abstract do not jointly establish a qualifying single-sample classifier reliability, uncertainty, preprocessing, or transport method.",,false
522,MED:23691139,23691139,PMC3655073,10.1371/journal.pone.0064016,context,exclude,moderate,no_relevant_discordance_stability_or_classifier_method,true,Genome-wide transcriptional reorganization associated with senescence-to-immortality switch during human hepatocellular carcinogenesis.,"The title and abstract do not jointly establish a qualifying single-sample classifier reliability, uncertainty, preprocessing, or transport method.",classifier_method,false
523,MED:23797752,23797752,PMC4005003,10.1245/s10434-013-3071-x,context,unclear,low,,false,Prognostic gene signatures for hepatocellular carcinoma: what are we measuring?,No abstract is available; founder title-level adjudication is required.,outcome_or_treatment_in_title,false
524,MED:24161073,24161073,,10.1517/17530059.2013.846321,context,exclude,moderate,no_relevant_discordance_stability_or_classifier_method,true,The molecular landscape of diffuse glioma and prospects for biomarker development.,"The title and abstract do not jointly establish a qualifying single-sample classifier reliability, uncertainty, preprocessing, or transport method.",strong_method_in_record|classifier_method,false
525,MED:24282417,24282417,PMC3825122,10.1155/2013/576842,context,exclude,moderate,no_relevant_discordance_stability_or_classifier_method,true,Feasibility of RNA and DNA extraction from fresh pipelle and archival endometrial tissues for use in gene expression and SNP arrays.,"The title and abstract do not jointly establish a qualifying single-sample classifier reliability, uncertainty, preprocessing, or transport method.",classifier_method,false
526,MED:24377043,24377043,PMC3860124,10.1155/2013/878297,context,exclude,moderate,no_relevant_discordance_stability_or_classifier_method,true,Molecular Signatures of Recurrent Hepatocellular Carcinoma Secondary to Hepatitis C Virus following Liver Transplantation.,"The title and abstract do not jointly establish a qualifying single-sample classifier reliability, uncertainty, preprocessing, or transport method.",classifier_method,false
527,MED:21930732,21930732,PMC3273680,10.1136/gutjnl-2011-300509,context,exclude,moderate,no_relevant_discordance_stability_or_classifier_method,true,Chemokine-driven lymphocyte infiltration: an early intratumoural event determining long-term survival in resectable hepatocellular carcinoma.,"The title and abstract do not jointly establish a qualifying single-sample classifier reliability, uncertainty, preprocessing, or transport method.",outcome_or_treatment_in_title,false
528,MED:21963600,21963600,,10.1016/j.yexmp.2011.09.013,context,exclude,moderate,no_relevant_discordance_stability_or_classifier_method,true,"Nucleic acid quantity and quality from paraffin blocks: defining optimal fixation, processing and DNA/RNA extraction techniques.","The title and abstract do not jointly establish a qualifying single-sample classifier reliability, uncertainty, preprocessing, or transport method.",strong_method_in_record,false
529,MED:22187034,22187034,PMC3273349,10.1038/bjc.2011.547,context,unclear,moderate,,true,Gene expression profiles of gliomas in formalin-fixed paraffin-embedded material.,"The abstract contains relevant classifier and reliability signals, but direct eligibility is not unambiguous from deterministic rules.",domain_in_record|strong_method_in_record|classifier_method,false
530,MED:22272228,22272228,PMC3260139,10.1371/journal.pone.0029143,context,exclude,moderate,no_relevant_discordance_stability_or_classifier_method,true,A reliable method for the selection of exploitable melanoma archival paraffin embedded tissues for transcript biomarker profiling.,"The title and abstract do not jointly establish a qualifying single-sample classifier reliability, uncertainty, preprocessing, or transport method.",classifier_method,false
531,MED:22425662,22425662,,10.1016/j.ygyno.2012.03.013,context,exclude,moderate,no_relevant_discordance_stability_or_classifier_method,true,Overexpression of GRP78 in complete hydatidiform moles.,"The title and abstract do not jointly establish a qualifying single-sample classifier reliability, uncertainty, preprocessing, or transport method.",strong_method_in_record,false
532,MED:22521360,22521360,,10.1016/j.jhep.2012.03.027,context,exclude,moderate,no_relevant_discordance_stability_or_classifier_method,true,An in situ molecular signature to predict early recurrence in hepatitis B virus-related hepatocellular carcinoma.,"The title and abstract do not jointly establish a qualifying single-sample classifier reliability, uncertainty, preprocessing, or transport method.",classifier_method|outcome_or_treatment_in_title,false
533,MED:22530001,22530001,PMC3328434,10.1371/journal.pone.0035276,context,exclude,moderate,no_relevant_discordance_stability_or_classifier_method,true,Transcriptional profiling of formalin fixed paraffin embedded tissue: pitfalls and recommendations for identifying biologically relevant changes.,"The title and abstract do not jointly establish a qualifying single-sample classifier reliability, uncertainty, preprocessing, or transport method.",classifier_method,false
534,MED:22553347,22553347,,10.1158/1078-0432.ccr-12-0077-t,context,exclude,moderate,no_relevant_discordance_stability_or_classifier_method,true,A molecular taxonomy for urothelial carcinoma.,"The title and abstract do not jointly establish a qualifying single-sample classifier reliability, uncertainty, preprocessing, or transport method.",strong_method_in_record|classifier_method,false
535,MED:22685613,22685613,PMC3369837,10.1371/journal.pone.0038863,context,exclude,moderate,no_relevant_discordance_stability_or_classifier_method,true,Integrated genomic and gene expression profiling identifies two major genomic circuits in urothelial carcinoma.,"The title and abstract do not jointly establish a qualifying single-sample classifier reliability, uncertainty, preprocessing, or transport method.",classifier_method,false
536,MED:22698575,22698575,,10.1016/j.eururo.2012.05.063,context,unclear,low,,false,The importance of being grade 3: WHO 1999 versus WHO 2004 pathologic grading.,No abstract is available; founder title-level adjudication is required.,,false
537,MED:22811581,22811581,PMC3446854,10.1158/1078-0432.ccr-11-2322,context,exclude,moderate,no_relevant_discordance_stability_or_classifier_method,true,Wnt-pathway activation in two molecular classes of hepatocellular carcinoma and experimental modulation by sorafenib.,"The title and abstract do not jointly establish a qualifying single-sample classifier reliability, uncertainty, preprocessing, or transport method.",classifier_method,false
538,MED:22846864,22846864,,10.1053/j.seminoncol.2012.05.003,context,exclude,moderate,no_relevant_discordance_stability_or_classifier_method,true,Gene signatures in the management of hepatocellular carcinoma.,"The title and abstract do not jointly establish a qualifying single-sample classifier reliability, uncertainty, preprocessing, or transport method.",strong_method_in_record|classifier_method,false
539,MED:23122055,23122055,PMC3526407,10.1186/1748-7188-7-29,context,exclude,moderate,no_relevant_discordance_stability_or_classifier_method,true,Distributional fold change test - a statistical approach for detecting differential expression in microarray experiments.,"The title and abstract do not jointly establish a qualifying single-sample classifier reliability, uncertainty, preprocessing, or transport method.",strong_method_in_record|classifier_method,false
540,MED:23284662,23284662,PMC3524125,10.1371/journal.pone.0051153,context,exclude,moderate,no_relevant_discordance_stability_or_classifier_method,true,"Mutation scanning using MUT-MAP, a high-throughput, microfluidic chip-based, multi-analyte panel.","The title and abstract do not jointly establish a qualifying single-sample classifier reliability, uncertainty, preprocessing, or transport method.",strong_method_in_record,false
541,MED:21774828,21774828,PMC3171728,10.1186/1471-2407-11-304,context,exclude,moderate,no_relevant_discordance_stability_or_classifier_method,true,A cross-species analysis of a mouse model of breast cancer-specific osteolysis and human bone metastases using gene expression profiling.,"The title and abstract do not jointly establish a qualifying single-sample classifier reliability, uncertainty, preprocessing, or transport method.",classifier_method|nonhuman_in_title,false
542,MED:21909424,21909424,PMC3164716,10.1371/journal.pone.0024237,context,exclude,moderate,no_relevant_discordance_stability_or_classifier_method,true,Chromosomal aberrations in bladder cancer: fresh versus formalin fixed paraffin embedded tissue and targeted FISH versus wide microarray-based CGH analysis.,"The title and abstract do not jointly establish a qualifying single-sample classifier reliability, uncertainty, preprocessing, or transport method.",strong_method_in_record|classifier_method,false
543,MED:22042419,22042419,,10.4166/kjg.2011.58.4.190,context,exclude,moderate,no_relevant_discordance_stability_or_classifier_method,true,[MicroRNA expression pattern in intraductal papillary mucinous neoplasm].,"The title and abstract do not jointly establish a qualifying single-sample classifier reliability, uncertainty, preprocessing, or transport method.",strong_method_in_record|classifier_method,false
544,MED:22133085,22133085,PMC3269440,10.1186/1471-2164-12-589,context,exclude,moderate,no_relevant_discordance_stability_or_classifier_method,true,Relative impact of key sources of systematic noise in Affymetrix and Illumina gene-expression microarray experiments.,"The title and abstract do not jointly establish a qualifying single-sample classifier reliability, uncertainty, preprocessing, or transport method.",classifier_method,false
545,MED:20522636,20522636,PMC2893624,10.2353/jmoldx.2010.090155,context,exclude,moderate,no_relevant_discordance_stability_or_classifier_method,true,Quantitative expression profiling in formalin-fixed paraffin-embedded samples by affymetrix microarrays.,"The title and abstract do not jointly establish a qualifying single-sample classifier reliability, uncertainty, preprocessing, or transport method.",classifier_method,false
546,MED:20598126,20598126,PMC2912887,10.1186/1471-2105-11-367,context,exclude,moderate,no_relevant_discordance_stability_or_classifier_method,true,A flexible R package for nonnegative matrix factorization.,"The title and abstract do not jointly establish a qualifying single-sample classifier reliability, uncertainty, preprocessing, or transport method.",classifier_method,false
547,MED:20703838,20703838,PMC2933006,10.1007/s11894-010-0131-2,context,exclude,moderate,no_relevant_discordance_stability_or_classifier_method,true,Intestinal goblet cells and mucins in health and disease: recent insights and progress.,"The title and abstract do not jointly establish a qualifying single-sample classifier reliability, uncertainty, preprocessing, or transport method.",classifier_method,false
548,MED:19200394,19200394,PMC2667512,10.1186/1471-2105-10-53,context,exclude,moderate,no_relevant_discordance_stability_or_classifier_method,true,Outcome prediction based on microarray analysis: a critical perspective on methods.,"The title and abstract do not jointly establish a qualifying single-sample classifier reliability, uncertainty, preprocessing, or transport method.",strong_method_in_record|classifier_method,false
549,MED:19494856,19494856,,10.1038/modpathol.2009.26,context,exclude,moderate,no_relevant_discordance_stability_or_classifier_method,true,"Histological variants of urothelial carcinoma: diagnostic, therapeutic and prognostic implications.","The title and abstract do not jointly establish a qualifying single-sample classifier reliability, uncertainty, preprocessing, or transport method.",classifier_method|outcome_or_treatment_in_title,false
550,MED:19594443,19594443,,10.2144/000113169,context,exclude,moderate,no_relevant_discordance_stability_or_classifier_method,true,Methods comparison for high-resolution transcriptional analysis of archival material on Affymetrix Plus 2.0 and Exon 1.0 microarrays.,"The title and abstract do not jointly establish a qualifying single-sample classifier reliability, uncertainty, preprocessing, or transport method.",classifier_method,false
551,MED:19617889,19617889,PMC3159387,10.1038/nprot.2009.97,context,exclude,moderate,no_relevant_discordance_stability_or_classifier_method,true,Mapping identifiers for the integration of genomic datasets with the R/Bioconductor package biomaRt.,"The title and abstract do not jointly establish a qualifying single-sample classifier reliability, uncertainty, preprocessing, or transport method.",strong_method_in_record,false
552,MED:19723656,19723656,PMC3549578,10.1158/0008-5472.can-09-1089,context,exclude,moderate,no_relevant_discordance_stability_or_classifier_method,true,Integrative transcriptome analysis reveals common molecular subclasses of human hepatocellular carcinoma.,"The title and abstract do not jointly establish a qualifying single-sample classifier reliability, uncertainty, preprocessing, or transport method.",strong_method_in_record|classifier_method,false
553,MED:19997620,19997620,PMC2780295,10.1371/journal.pone.0008162,context,exclude,moderate,no_relevant_discordance_stability_or_classifier_method,true,"Whole-genome gene expression profiling of formalin-fixed, paraffin-embedded tissue samples.","The title and abstract do not jointly establish a qualifying single-sample classifier reliability, uncertainty, preprocessing, or transport method.",strong_method_in_record|classifier_method,false
554,MED:18370102,18370102,,10.1007/978-1-59745-188-8_11,context,exclude,moderate,no_relevant_discordance_stability_or_classifier_method,true,"Quantitative expression profiling of RNA from formalin-fixed, paraffin-embedded tissues using randomly assembled bead arrays.","The title and abstract do not jointly establish a qualifying single-sample classifier reliability, uncertainty, preprocessing, or transport method.",strong_method_in_record|classifier_method,false
555,MED:18385730,18385730,,10.1038/nature06915,context,exclude,moderate,no_relevant_discordance_stability_or_classifier_method,true,Enabling personalized cancer medicine through analysis of gene-expression patterns.,"The title and abstract do not jointly establish a qualifying single-sample classifier reliability, uncertainty, preprocessing, or transport method.",,false
556,MED:18505921,18505921,PMC2756991,10.1158/1541-7786.mcr-07-0344,context,exclude,moderate,no_relevant_discordance_stability_or_classifier_method,true,Gene expression changes in an animal melanoma model correlate with aggressiveness of human melanoma metastases.,"The title and abstract do not jointly establish a qualifying single-sample classifier reliability, uncertainty, preprocessing, or transport method.",classifier_method,false
557,MED:18679706,18679706,,10.1007/s00418-008-0479-7,context,exclude,moderate,no_relevant_discordance_stability_or_classifier_method,true,RNA expression analysis from formalin fixed paraffin embedded tissues.,"The title and abstract do not jointly establish a qualifying single-sample classifier reliability, uncertainty, preprocessing, or transport method.",classifier_method,false
558,MED:18766170,18766170,,10.1038/cr.2008.282,context,exclude,moderate,no_relevant_discordance_stability_or_classifier_method,true,Characterization of microRNAs in serum: a novel class of biomarkers for diagnosis of cancer and other diseases.,"The title and abstract do not jointly establish a qualifying single-sample classifier reliability, uncertainty, preprocessing, or transport method.",strong_method_in_record,false
559,MED:18923165,18923165,PMC2963075,10.1056/nejmoa0804525,context,exclude,moderate,no_relevant_discordance_stability_or_classifier_method,true,Gene expression in fixed tissues and outcome in hepatocellular carcinoma.,"The title and abstract do not jointly establish a qualifying single-sample classifier reliability, uncertainty, preprocessing, or transport method.",strong_method_in_record|classifier_method,false
560,MED:17251338,17251338,PMC1867423,10.2353/jmoldx.2007.060004,context,exclude,moderate,no_relevant_discordance_stability_or_classifier_method,true,"Successful application of microarray technology to microdissected formalin-fixed, paraffin-embedded tissue.","The title and abstract do not jointly establish a qualifying single-sample classifier reliability, uncertainty, preprocessing, or transport method.",strong_method_in_record|classifier_method,false
561,MED:17393520,17393520,,10.1002/hep.21622,context,exclude,moderate,no_relevant_discordance_stability_or_classifier_method,true,Genome-wide molecular profiles of HCV-induced dysplasia and hepatocellular carcinoma.,"The title and abstract do not jointly establish a qualifying single-sample classifier reliability, uncertainty, preprocessing, or transport method.",classifier_method,false
562,MED:17575217,17575217,,10.1158/1078-0432.ccr-06-2940,context,exclude,moderate,no_relevant_discordance_stability_or_classifier_method,true,Gene expression signatures predict outcome in non-muscle-invasive bladder carcinoma: a multicenter validation study.,"The title and abstract do not jointly establish a qualifying single-sample classifier reliability, uncertainty, preprocessing, or transport method.",classifier_method,false
563,MED:18030330,18030330,PMC2065909,10.1371/journal.pone.0001195,context,exclude,moderate,no_relevant_discordance_stability_or_classifier_method,true,Subclass mapping: identifying common subtypes in independent disease data sets.,"The title and abstract do not jointly establish a qualifying single-sample classifier reliability, uncertainty, preprocessing, or transport method.",classifier_method,false
564,MED:16700628,16700628,PMC1463026,10.1371/journal.pbio.0040180,context,exclude,moderate,no_relevant_discordance_stability_or_classifier_method,true,High guanine and cytosine content increases mRNA levels in mammalian cells.,"The title and abstract do not jointly establish a qualifying single-sample classifier reliability, uncertainty, preprocessing, or transport method.",classifier_method,false
565,MED:16864893,16864893,,10.1369/jhc.6a6999.2006,context,exclude,moderate,no_relevant_discordance_stability_or_classifier_method,true,"Preliminary comparison of quantity, quality, and microarray performance of RNA extracted from formalin-fixed, paraffin-embedded, and unfixed frozen tissue samples.","The title and abstract do not jointly establish a qualifying single-sample classifier reliability, uncertainty, preprocessing, or transport method.",classifier_method,false
566,MED:16899590,16899590,,10.1158/1078-0432.ccr-06-1033,context,exclude,moderate,no_relevant_discordance_stability_or_classifier_method,true,Statistical analysis of DNA microarray data in cancer research.,"The title and abstract do not jointly establish a qualifying single-sample classifier reliability, uncertainty, preprocessing, or transport method.",strong_method_in_record|classifier_method,false
567,MED:15700264,15700264,,10.1002/cncr.20903,context,exclude,moderate,no_relevant_discordance_stability_or_classifier_method,true,Small cell carcinoma of the urinary bladder. The Mayo Clinic experience.,"The title and abstract do not jointly establish a qualifying single-sample classifier reliability, uncertainty, preprocessing, or transport method.",,false
568,MED:16144908,16144908,,10.1158/1078-0432.ccr-04-2213,context,exclude,moderate,no_relevant_discordance_stability_or_classifier_method,true,Translational crossroads for biomarkers.,"The title and abstract do not jointly establish a qualifying single-sample classifier reliability, uncertainty, preprocessing, or transport method.",,false
569,MED:14770183,14770183,,10.1038/ng1305,context,exclude,moderate,no_relevant_discordance_stability_or_classifier_method,true,Gene expression-based high-throughput screening(GE-HTS) and application to leukemia differentiation.,"The title and abstract do not jointly establish a qualifying single-sample classifier reliability, uncertainty, preprocessing, or transport method.",classifier_method,false
570,MED:15475421,15475421,,10.1093/biostatistics/kxh011,context,exclude,moderate,no_relevant_discordance_stability_or_classifier_method,true,Bayesian analysis of binary prediction tree models for retrospectively sampled outcomes.,"The title and abstract do not jointly establish a qualifying single-sample classifier reliability, uncertainty, preprocessing, or transport method.",classifier_method,false
571,MED:15509548,15509548,PMC1618650,10.1016/s0002-9440(10)63435-9,context,exclude,moderate,no_relevant_discordance_stability_or_classifier_method,true,"Quantitative gene expression profiling in formalin-fixed, paraffin-embedded tissues using universal bead arrays.","The title and abstract do not jointly establish a qualifying single-sample classifier reliability, uncertainty, preprocessing, or transport method.",strong_method_in_record|classifier_method,false
572,MED:12711698,12711698,PMC154241,10.1093/nar/gng053,context,exclude,moderate,no_relevant_discordance_stability_or_classifier_method,true,A new strategy to amplify degraded RNA from small tissue samples for microarray studies.,"The title and abstract do not jointly establish a qualifying single-sample classifier reliability, uncertainty, preprocessing, or transport method.",classifier_method,false
573,MED:14602436,14602436,,10.1016/s0140-6736(03)14686-7,context,exclude,moderate,no_relevant_discordance_stability_or_classifier_method,true,Predictive ability of DNA microarrays for cancer outcomes and correlates: an empirical assessment.,"The title and abstract do not jointly establish a qualifying single-sample classifier reliability, uncertainty, preprocessing, or transport method.",classifier_method,false
574,MED:10536153,10536153,PMC148727,10.1093/nar/27.22.4436,context,exclude,moderate,no_relevant_discordance_stability_or_classifier_method,true,Analysis of chemical modification of RNA from formalin-fixed samples and optimization of molecular biology applications for such samples.,"The title and abstract do not jointly establish a qualifying single-sample classifier reliability, uncertainty, preprocessing, or transport method.",,false
575,MED:41765064,41765064,,10.1016/j.actbio.2026.02.051,context,exclude,moderate,no_relevant_discordance_stability_or_classifier_method,true,Recapitulating patient-to-patient colorectal cancer tumor heterogeneity using patient-derived xenograft cells in an engineered tissue model.,"The title and abstract do not jointly establish a qualifying single-sample classifier reliability, uncertainty, preprocessing, or transport method.",strong_method_in_record|classifier_method|nonhuman_in_title,false
576,MED:35617932,35617932,PMC9822569,10.1088/1758-5090/ac73b6,context,exclude,moderate,no_relevant_discordance_stability_or_classifier_method,true,Engineered colorectal cancer tissue recapitulates key attributes of a patient-derived xenograft tumor line.,"The title and abstract do not jointly establish a qualifying single-sample classifier reliability, uncertainty, preprocessing, or transport method.",strong_method_in_record|nonhuman_in_title,false
577,MED:29246006,29246006,PMC5725048,10.18632/oncotarget.21899,context,exclude,high,review_editorial_or_commentary_for_citation_chaining_only,true,Significance of Ki-67 in non-muscle invasive bladder cancer patients: a systematic review and meta-analysis.,The title identifies secondary literature retained only for citation chaining.,strong_method_in_record|secondary_literature_in_title,false
578,MED:27612592,27612592,PMC5078592,10.1016/j.ebiom.2016.08.036,context,exclude,high,review_editorial_or_commentary_for_citation_chaining_only,true,Meta-Analysis of the Luminal and Basal Subtypes of Bladder Cancer and the Identification of Signature Immunohistochemical Markers for Clinical Use.,The title identifies secondary literature retained only for citation chaining.,strong_method_in_record|classifier_method|secondary_literature_in_title,false
579,MED:23333277,23333277,,10.1016/j.celrep.2012.12.013,context,exclude,moderate,no_relevant_discordance_stability_or_classifier_method,true,Patient-specific orthotopic glioblastoma xenograft models recapitulate the histopathology and biology of human glioblastomas in situ.,"The title and abstract do not jointly establish a qualifying single-sample classifier reliability, uncertainty, preprocessing, or transport method.",nonhuman_in_title,false
580,MED:22974708,22974708,PMC3505826,10.1053/j.gastro.2012.09.002,context,exclude,moderate,no_relevant_discordance_stability_or_classifier_method,true,Notch signaling is activated in human hepatocellular carcinoma and induces tumor formation in mice.,"The title and abstract do not jointly establish a qualifying single-sample classifier reliability, uncertainty, preprocessing, or transport method.",classifier_method|nonhuman_in_title,false
581,MED:41483090,41483090,,10.1007/s11845-025-04162-5,context,exclude,high,review_editorial_or_commentary_for_citation_chaining_only,true,A systematic review of MicroRNA (miRNA) biomarkers in the diagnosis and prognosis of hepatocellular carcinoma.,The title identifies secondary literature retained only for citation chaining.,classifier_method|outcome_or_treatment_in_title|secondary_literature_in_title,false
582,MED:40156709,40156709,PMC11954783,10.1007/s12672-025-02128-8,context,exclude,high,review_editorial_or_commentary_for_citation_chaining_only,true,Review of recent molecular pathology of bladder urothelial carcinoma.,The title identifies secondary literature retained only for citation chaining.,secondary_literature_in_title,false
583,MED:39272913,39272913,PMC11394076,10.3390/cancers16173056,context,exclude,high,review_editorial_or_commentary_for_citation_chaining_only,true,Contemporary Molecular Markers for Predicting Systemic Treatment Response in Urothelial Bladder Cancer: A Narrative Review.,The title identifies secondary literature retained only for citation chaining.,outcome_or_treatment_in_title|secondary_literature_in_title,false
584,MED:37580710,37580710,PMC10424363,10.1186/s12885-023-11131-7,context,exclude,moderate,no_relevant_discordance_stability_or_classifier_method,true,CRISPR-Cas9 identifies growth-related subtypes of glioblastoma with therapeutical significance through cell line knockdown.,"The title and abstract do not jointly establish a qualifying single-sample classifier reliability, uncertainty, preprocessing, or transport method.",classifier_method|nonhuman_in_title,false
585,MED:37729871,37729871,PMC10518624,10.1016/j.xcrm.2023.101193,context,exclude,high,nonhuman_or_no_primary_human_tumor_cohort,true,Combination of an ACLY inhibitor with a GLP-1R agonist exerts additive benefits on nonalcoholic steatohepatitis and hepatic fibrosis in mice.,The record is nonhuman or cell-line focused without a primary human tumor cohort.,nonhuman_in_title,false
586,MED:30967480,30967480,,10.1158/1541-7786.mcr-18-1045,context,exclude,moderate,no_relevant_discordance_stability_or_classifier_method,true,Characterization of HCC Mouse Models: Towards an Etiology-Oriented Subtyping Approach.,"The title and abstract do not jointly establish a qualifying single-sample classifier reliability, uncertainty, preprocessing, or transport method.",strong_method_in_record|classifier_method|nonhuman_in_title,false
587,MED:31158800,31158800,,10.1016/j.critrevonc.2019.05.011,context,exclude,high,review_editorial_or_commentary_for_citation_chaining_only,true,Crossing borders: A systematic review with quantitative analysis of genetic mutations of carcinomas of the biliary tract.,The title identifies secondary literature retained only for citation chaining.,classifier_method|secondary_literature_in_title,false
588,MED:29666128,29666128,PMC5905754,10.1136/bmjopen-2017-019635,context,exclude,high,review_editorial_or_commentary_for_citation_chaining_only,true,Prognostic value of ki67 in BCG-treated non-muscle invasive bladder cancer: a meta-analysis and systematic review.,The title identifies secondary literature retained only for citation chaining.,outcome_or_treatment_in_title|secondary_literature_in_title,false
589,MED:28334324,28334324,,10.1001/jamaoncol.2016.7013,context,exclude,high,review_editorial_or_commentary_for_citation_chaining_only,true,"Understanding the Genetic Landscape of Small Cell Carcinoma of the Urinary Bladder and Implications for Diagnosis, Prognosis, and Treatment: A Review.",The title identifies secondary literature retained only for citation chaining.,outcome_or_treatment_in_title|secondary_literature_in_title,false
590,MED:27185020,27185020,,10.1016/j.yexmp.2016.05.007,context,exclude,moderate,no_relevant_discordance_stability_or_classifier_method,true,Characterization of gene expression profiling of mouse tissues obtained during the postmortem interval.,"The title and abstract do not jointly establish a qualifying single-sample classifier reliability, uncertainty, preprocessing, or transport method.",classifier_method|nonhuman_in_title,false
591,MED:25384676,25384676,,10.3892/mmr.2014.2914,context,exclude,high,review_editorial_or_commentary_for_citation_chaining_only,true,Ki67 is a promising molecular target in the diagnosis of cancer (review).,The title identifies secondary literature retained only for citation chaining.,secondary_literature_in_title,false
592,MED:20164017,20164017,,10.2478/v10042-008-0114-4,context,exclude,high,review_editorial_or_commentary_for_citation_chaining_only,true,Review of imaging solutions for integrated quantitative immunohistochemistry in the Pathology daily practice.,The title identifies secondary literature retained only for citation chaining.,strong_method_in_record|secondary_literature_in_title,false
593,MED:11904358,11904358,PMC123671,10.1073/pnas.012025199,context,exclude,moderate,no_relevant_discordance_stability_or_classifier_method,true,Large-scale analysis of the human and mouse transcriptomes.,"The title and abstract do not jointly establish a qualifying single-sample classifier reliability, uncertainty, preprocessing, or transport method.",classifier_method|nonhuman_in_title,false
